-- MySQL dump 10.13  Distrib 5.5.40, for debian-linux-gnu (i686)
--
-- Host: localhost    Database: yixinushopData
-- ------------------------------------------------------
-- Server version	5.5.40-0ubuntu0.14.04.1

/*!40101 SET @OLD_CHARACTER_SET_CLIENT=@@CHARACTER_SET_CLIENT */;
/*!40101 SET @OLD_CHARACTER_SET_RESULTS=@@CHARACTER_SET_RESULTS */;
/*!40101 SET @OLD_COLLATION_CONNECTION=@@COLLATION_CONNECTION */;
/*!40101 SET NAMES utf8 */;
/*!40103 SET @OLD_TIME_ZONE=@@TIME_ZONE */;
/*!40103 SET TIME_ZONE='+00:00' */;
/*!40014 SET @OLD_UNIQUE_CHECKS=@@UNIQUE_CHECKS, UNIQUE_CHECKS=0 */;
/*!40014 SET @OLD_FOREIGN_KEY_CHECKS=@@FOREIGN_KEY_CHECKS, FOREIGN_KEY_CHECKS=0 */;
/*!40101 SET @OLD_SQL_MODE=@@SQL_MODE, SQL_MODE='NO_AUTO_VALUE_ON_ZERO' */;
/*!40111 SET @OLD_SQL_NOTES=@@SQL_NOTES, SQL_NOTES=0 */;

--
-- Table structure for table `y_activity`
--

DROP TABLE IF EXISTS `y_activity`;
/*!40101 SET @saved_cs_client     = @@character_set_client */;
/*!40101 SET character_set_client = utf8 */;
CREATE TABLE `y_activity` (
  `id` int(8) NOT NULL AUTO_INCREMENT,
  `name` varchar(200) NOT NULL,
  `starttime` timestamp NULL DEFAULT NULL,
  `endtime` timestamp NULL DEFAULT NULL,
  `nums` int(11) NOT NULL DEFAULT '0' COMMENT '参与促销商品的数量',
  `salesType` tinyint(2) NOT NULL DEFAULT '2' COMMENT '促销方式，1为打折，2为减价，3为自定义',
  `zhekou` tinyint(4) NOT NULL DEFAULT '95' COMMENT '折扣数值',
  `jianjia` decimal(9,2) NOT NULL DEFAULT '0.00' COMMENT '减价数值',
  `bg1` varchar(200) DEFAULT NULL COMMENT '活动背景图1',
  PRIMARY KEY (`id`)
) ENGINE=InnoDB AUTO_INCREMENT=2 DEFAULT CHARSET=utf8 COMMENT='商品促销活动';
/*!40101 SET character_set_client = @saved_cs_client */;

--
-- Dumping data for table `y_activity`
--

LOCK TABLES `y_activity` WRITE;
/*!40000 ALTER TABLE `y_activity` DISABLE KEYS */;
INSERT INTO `y_activity` VALUES (1,'天天特价','2015-07-08 20:49:20','2016-09-30 16:00:00',37,1,92,5.00,'');
/*!40000 ALTER TABLE `y_activity` ENABLE KEYS */;
UNLOCK TABLES;

--
-- Table structure for table `y_activity_goods`
--

DROP TABLE IF EXISTS `y_activity_goods`;
/*!40101 SET @saved_cs_client     = @@character_set_client */;
/*!40101 SET character_set_client = utf8 */;
CREATE TABLE `y_activity_goods` (
  `id` mediumint(15) NOT NULL AUTO_INCREMENT,
  `goodsid` mediumint(15) NOT NULL COMMENT '商品ID',
  `aprice` decimal(9,2) DEFAULT NULL COMMENT '商品促销价格',
  `aid` int(8) DEFAULT NULL COMMENT '活动ID',
  `xiangou` int(11) NOT NULL DEFAULT '0' COMMENT '每人限购，0为不限购',
  PRIMARY KEY (`id`)
) ENGINE=InnoDB AUTO_INCREMENT=48 DEFAULT CHARSET=utf8 COMMENT='参与促销活动的商品';
/*!40101 SET character_set_client = @saved_cs_client */;

--
-- Dumping data for table `y_activity_goods`
--

LOCK TABLES `y_activity_goods` WRITE;
/*!40000 ALTER TABLE `y_activity_goods` DISABLE KEYS */;
INSERT INTO `y_activity_goods` VALUES (2,190,91.08,1,0),(5,193,NULL,NULL,5),(6,194,NULL,NULL,0),(7,195,18.22,1,0),(8,196,27.60,1,0),(9,197,17.48,1,0),(16,204,1.84,1,0),(20,212,1104.00,1,0),(21,205,1.84,1,0),(22,198,NULL,NULL,0),(23,199,NULL,NULL,0),(24,200,NULL,NULL,0),(25,201,NULL,NULL,0),(26,202,NULL,NULL,0),(27,203,NULL,NULL,0),(28,213,NULL,NULL,0),(29,214,NULL,NULL,0),(30,215,11.78,1,5),(31,216,NULL,NULL,0),(32,217,NULL,NULL,0),(33,218,NULL,NULL,0),(34,219,NULL,NULL,0),(35,220,9.26,1,2),(36,191,91.08,1,0),(37,221,NULL,NULL,0),(38,222,NULL,NULL,0),(39,223,NULL,NULL,0),(40,225,NULL,NULL,0),(41,224,NULL,NULL,0),(42,226,NULL,NULL,0),(43,227,NULL,NULL,0),(44,228,NULL,NULL,0),(45,229,NULL,NULL,0),(46,230,NULL,NULL,0),(47,231,NULL,NULL,0);
/*!40000 ALTER TABLE `y_activity_goods` ENABLE KEYS */;
UNLOCK TABLES;

--
-- Table structure for table `y_admin_action`
--

DROP TABLE IF EXISTS `y_admin_action`;
/*!40101 SET @saved_cs_client     = @@character_set_client */;
/*!40101 SET character_set_client = utf8 */;
CREATE TABLE `y_admin_action` (
  `id` int(11) NOT NULL AUTO_INCREMENT,
  `colltroller` varchar(120) NOT NULL COMMENT '控制器',
  `action` varchar(120) NOT NULL COMMENT '方法',
  `mtagId` int(11) NOT NULL COMMENT '权限标签ID ，对应y_admin_mtag的id',
  `comment` varchar(200) NOT NULL COMMENT '注释说明',
  PRIMARY KEY (`id`),
  UNIQUE KEY `id` (`id`)
) ENGINE=InnoDB AUTO_INCREMENT=276 DEFAULT CHARSET=utf8;
/*!40101 SET character_set_client = @saved_cs_client */;

--
-- Dumping data for table `y_admin_action`
--

LOCK TABLES `y_admin_action` WRITE;
/*!40000 ALTER TABLE `y_admin_action` DISABLE KEYS */;
INSERT INTO `y_admin_action` VALUES (1,'index','index',1,''),(2,'index','addmenu',1,''),(3,'index','deleteCache',1,''),(4,'index','test',1,''),(5,'index','exemption',1,''),(6,'users','userlist',18,''),(7,'users','userinfo',18,''),(8,'users','ranklist',22,''),(9,'users','rankadd',22,''),(10,'users','rankdel',22,''),(11,'users','exemption',4,''),(12,'system','adminuser',25,''),(13,'system','addAdminuser',25,''),(14,'system','editAdminuser',25,''),(15,'system','deleeAdminuser',25,''),(16,'system','role',26,''),(17,'system','addrole',26,''),(18,'system','editrole',26,''),(19,'system','deleterole',26,''),(20,'system','setup',27,''),(21,'system','exemption',9,''),(22,'article','addchannel',41,''),(23,'article','channellist',41,''),(24,'article','deletechannel',41,''),(25,'article','fieldlist',42,''),(26,'article','addfield',42,''),(27,'article','deleteArticle',37,''),(28,'article','deletefield',42,''),(29,'article','columnlist',39,''),(30,'article','addcolumn',39,''),(31,'article','deletecolumn',39,''),(32,'article','artlist',37,''),(33,'article','artadd',37,''),(34,'article','jianlitoudi',69,''),(35,'article','exemption',8,''),(36,'p','returnCateList',1,''),(37,'activity','index',6,''),(38,'activity','coupon',56,''),(39,'activity','couponAdd',56,''),(40,'activity','couponSend',56,''),(41,'activity','SpecifiesUser',56,''),(42,'activity','SpecifiesUserCallback',56,''),(43,'activity','UserRank',56,''),(44,'activity','AllUser',56,''),(45,'activity','couponSetstatus',56,''),(46,'activity','couponDelete',56,''),(47,'activity','ScouponSetstatus',56,''),(48,'activity','ScouponDelete',56,''),(49,'activity','salesGoods',57,''),(50,'activity','salesGoodsEdit',57,''),(51,'activity','salesGoodsEditgoodslist',57,''),(52,'activity','salesGoodsEditgoodseditprice',57,''),(53,'activity','salesGoodsEditgoodsdelete',57,''),(54,'activity','SpecifiesGoods',57,''),(55,'activity','SpecifiesGoodsCallback',57,''),(56,'activity','exemption',6,''),(57,'common','login',0,''),(58,'common','logout',0,''),(59,'dev','menu',24,''),(60,'dev','addmenu',24,''),(61,'dev','editmenu',24,''),(62,'dev','delmenu',24,''),(63,'dev','Permission',24,''),(64,'dev','addPermission',24,''),(65,'dev','editPermission',24,''),(66,'dev','delPermission',24,''),(67,'dev','modelaction',24,''),(68,'dev','addaction',24,''),(69,'dev','exemption',24,''),(70,'commentart','lists',70,''),(71,'commentart','approve',70,''),(72,'commentart','isdelete',70,''),(73,'commentart','exemption',70,''),(74,'goods','goodslist',3,''),(75,'goods','goodsedit',12,''),(76,'goods','goodsdelete',3,''),(77,'goods','getattrJson',12,''),(78,'goods','selectspecattr',12,''),(79,'goods','categroyList',13,''),(80,'goods','typelist',15,''),(81,'goods','typeAttrlist',15,''),(82,'goods','typeAttrlistEdit',15,''),(83,'goods','typeAttrlistDelete',15,''),(84,'goods','typeadd',15,''),(85,'goods','attrdelete',15,''),(86,'goods','typedelete',15,''),(87,'goods','brandlist',14,''),(88,'goods','brandadd',14,''),(89,'goods','brandedit',14,''),(90,'goods','branddelete',14,''),(91,'goods','categroyEdit',13,''),(92,'goods','categroyDelete',13,''),(93,'goods','spec',29,''),(94,'goods','specadd',29,''),(95,'goods','specedit',29,''),(96,'goods','specdel',29,''),(97,'goods','setonline',3,''),(98,'goods','upgoodscache',61,''),(99,'goods','upgoodscache2',61,''),(100,'goods','customData',62,''),(101,'goods','customDataEdit',62,''),(102,'goods','imgmanage',71,''),(103,'goods','unlingimage',71,''),(104,'goods','exemption',2,''),(105,'image','show',71,''),(106,'image','upload',71,''),(107,'image','exemption',71,''),(108,'order','orderlist',23,''),(109,'order','orderinfo',23,''),(110,'order','priceMod',23,''),(111,'order','ConfirmPayment',23,''),(112,'order','printExpress',23,''),(113,'order','printExpressGetjson',23,''),(114,'order','printDelivery',23,''),(115,'order','sendout',23,''),(116,'order','viewPhysical',23,''),(117,'order','deleteOrder',23,''),(118,'order','exemption',23,''),(119,'comment','lists',60,''),(120,'comment','approve',60,''),(121,'comment','isdelete',60,''),(122,'comment','exemption',60,''),(123,'mall','areaadmin',30,''),(124,'mall','delivery',31,''),(125,'mall','deliveryEdit',31,''),(126,'mall','deleteDeliveryM1',31,''),(127,'mall','deleteDeliveryM2',31,''),(128,'mall','pay',32,''),(129,'mall','payedit',32,''),(130,'mall','setexpressDoc',31,''),(131,'mall','exemption',1,''),(256,'goods','customdata_dataedit',62,''),(257,'goods','customdata_callback1',62,''),(258,'goods','customdata_SpecifiesArticle',62,''),(259,'goods','customdata_delete2',62,''),(260,'goods','returnCateList',2,''),(261,'goods','RecursionData',2,''),(262,'goods','printData',2,''),(263,'image','makeThumb',71,''),(264,'mall','setexpressDoc_addtag',31,''),(265,'mall','setexpressDoc_save',31,''),(266,'mall','setexpressDoc_send',31,''),(267,'mall','setexpressDoc_setbg',31,''),(268,'mall','setexpressDoc_setweight',30,''),(269,'mall','getaddrJson',9,''),(270,'goods','rollimage',72,''),(271,'goods','rollimageedit',72,''),(272,'goods','rollimagedataedit',72,''),(273,'goods','rollimaginsertimg',72,''),(274,'goods','rollimagdelete',72,''),(275,'goods','rollimagdelete2',72,'');
/*!40000 ALTER TABLE `y_admin_action` ENABLE KEYS */;
UNLOCK TABLES;

--
-- Table structure for table `y_admin_menu`
--

DROP TABLE IF EXISTS `y_admin_menu`;
/*!40101 SET @saved_cs_client     = @@character_set_client */;
/*!40101 SET character_set_client = utf8 */;
CREATE TABLE `y_admin_menu` (
  `id` int(11) NOT NULL AUTO_INCREMENT,
  `url` varchar(120) NOT NULL,
  `name` varchar(120) NOT NULL,
  `parentId` int(11) NOT NULL,
  `mtagId` int(11) NOT NULL COMMENT '权限标签id',
  `sort` int(4) DEFAULT '150',
  `g` tinyint(2) NOT NULL DEFAULT '0',
  PRIMARY KEY (`id`),
  UNIQUE KEY `id` (`id`)
) ENGINE=InnoDB AUTO_INCREMENT=86 DEFAULT CHARSET=utf8;
/*!40101 SET character_set_client = @saved_cs_client */;

--
-- Dumping data for table `y_admin_menu`
--

LOCK TABLES `y_admin_menu` WRITE;
/*!40000 ALTER TABLE `y_admin_menu` DISABLE KEYS */;
INSERT INTO `y_admin_menu` VALUES (1,'','系统首页',0,13,100,0),(2,'goods=list','商品_商城',0,2,101,0),(3,'goods=list','商品列表',2,3,150,1),(4,'user=list','用户中心',0,4,150,0),(5,'order=list','订单/统计',0,5,150,0),(6,'activity=goodslist','促销/活动',0,6,150,0),(7,'statement=orderlist','销售统计(订单)',5,7,160,1),(8,'article=list','文章内容',0,8,150,0),(9,'system=setup','系统设置',0,9,151,0),(12,'goods=edit','添加商品',2,12,150,1),(13,'goods=categroyList','分类',2,13,150,0),(14,'goods=brand','品牌',2,14,150,0),(15,'goods=type','类型',2,15,150,0),(18,'user=list','用户列表',4,18,150,0),(19,'user=add','添加用户',4,19,150,0),(22,'user=rank','用户等级',4,22,150,0),(23,'order=list','所有订单',5,23,150,0),(24,'system=devMenu','(开发)菜单权限',9,24,150,1),(25,'system=adminuser','管理员',9,25,150,0),(26,'system=role','角色管理',9,26,150,0),(27,'system=setup','系统设置',9,27,150,0),(29,'goods=spec','规格',2,29,150,0),(30,'system=area','地区列表',9,30,151,1),(31,'system=delivery','配送方式',9,31,151,1),(32,'system=pay','支付方式',9,32,151,1),(37,'article=list','普通文章',8,37,135,0),(39,'article=column','栏目管理',8,39,149,1),(41,'article=channel','频道管理',8,41,150,0),(42,'article=field','字段管理',8,42,150,0),(55,'article=channel-case','客户案例',8,55,137,0),(56,'activity=coupon','优惠券',6,56,150,0),(57,'activity=goodslist','优惠活动(商品)',6,57,149,0),(59,'activity=orderlist','促销活动(订单)',6,59,149,0),(60,'user=comment','用户评论(商品)',4,60,150,1),(61,'goods=goodscache','更新商品缓存',2,61,150,1),(62,'goods=customData','自定义数据',2,62,150,1),(69,'article=channel-renshi','人事招聘',8,69,136,0),(70,'user=commentart','用户评论(文章)',4,70,150,1),(71,'goods=imgmanage','商品图片管理',2,71,151,1),(72,'statement=goodslist','销售统计(商品)',5,7,160,1),(74,'order=alist','已支付订单',5,23,150,0),(75,'order=blist','已发货订单',5,23,150,0),(76,'goods=rollimage','滚动图片',2,72,150,1),(77,'order=clist','未支付订单',5,23,150,0),(78,'jinxiaocun=g','供应商管理',85,76,151,0),(79,'jinxiaocun=k','仓库/库存',85,76,151,0),(80,'jinxiaocun=c','采购管理',85,76,151,0),(81,'jinxiaocun=m','门店管理',85,76,151,0),(82,'jincheng=index','自动进程',9,73,150,0),(83,'weixin=index','微信公众号管理',9,74,152,0),(84,'system=sendmsglog','发送短信记录',9,75,150,0),(85,'jinxiaocun=k','进销存',0,76,102,0);
/*!40000 ALTER TABLE `y_admin_menu` ENABLE KEYS */;
UNLOCK TABLES;

--
-- Table structure for table `y_admin_mtag`
--

DROP TABLE IF EXISTS `y_admin_mtag`;
/*!40101 SET @saved_cs_client     = @@character_set_client */;
/*!40101 SET character_set_client = utf8 */;
CREATE TABLE `y_admin_mtag` (
  `id` int(11) NOT NULL AUTO_INCREMENT,
  `name` varchar(120) NOT NULL,
  `parentId` int(11) NOT NULL,
  PRIMARY KEY (`id`),
  UNIQUE KEY `id` (`id`)
) ENGINE=InnoDB AUTO_INCREMENT=79 DEFAULT CHARSET=utf8;
/*!40101 SET character_set_client = @saved_cs_client */;

--
-- Dumping data for table `y_admin_mtag`
--

LOCK TABLES `y_admin_mtag` WRITE;
/*!40000 ALTER TABLE `y_admin_mtag` DISABLE KEYS */;
INSERT INTO `y_admin_mtag` VALUES (1,'系统首页',0),(2,'商城管理',0),(3,'商品列表',2),(4,'用户中心',0),(5,'订单管理',0),(6,'促销/活动',0),(7,'报表统计',5),(8,'文章内容',0),(9,'系统设置',0),(12,'添加商品',2),(13,'分类',2),(14,'品牌',2),(15,'类型',2),(18,'用户列表',4),(19,'添加用户',4),(22,'用户等级',4),(23,'订单列表',5),(24,'(开发)菜单权限',9),(25,'管理员',9),(26,'角色管理',9),(27,'系统设置',9),(29,'规格',2),(30,'地区列表',9),(31,'配送方式',9),(32,'支付方式',9),(37,'普通文章',8),(39,'栏目管理',8),(41,'频道管理',8),(42,'字段管理',8),(43,'待审核内容',8),(55,'客户案例',8),(56,'优惠券',6),(57,'优惠活动(商品)',6),(59,'促销活动(订单)',6),(60,'用户评论(商品)',4),(61,'更新商品缓存',2),(62,'自定义数据',2),(69,'人事招聘',8),(70,'用户评论(文章)',4),(71,'商品图片管理',2),(72,'滚动图片',2),(73,'自动进程管理',9),(74,'微信公众号管理',9),(75,'短信记录',9),(76,'进销存',0),(77,'采购列表',76),(78,'编辑采购订单',76);
/*!40000 ALTER TABLE `y_admin_mtag` ENABLE KEYS */;
UNLOCK TABLES;

--
-- Table structure for table `y_admin_role`
--

DROP TABLE IF EXISTS `y_admin_role`;
/*!40101 SET @saved_cs_client     = @@character_set_client */;
/*!40101 SET character_set_client = utf8 */;
CREATE TABLE `y_admin_role` (
  `id` int(11) NOT NULL AUTO_INCREMENT,
  `name` varchar(254) NOT NULL,
  `status` tinyint(1) NOT NULL COMMENT '1为可用 ，2为禁用',
  PRIMARY KEY (`id`),
  UNIQUE KEY `id` (`id`)
) ENGINE=InnoDB AUTO_INCREMENT=8 DEFAULT CHARSET=utf8 COMMENT='后台管理员角色表';
/*!40101 SET character_set_client = @saved_cs_client */;

--
-- Dumping data for table `y_admin_role`
--

LOCK TABLES `y_admin_role` WRITE;
/*!40000 ALTER TABLE `y_admin_role` DISABLE KEYS */;
INSERT INTO `y_admin_role` VALUES (3,'超级管理员',1),(7,'订单/商品 管理',1);
/*!40000 ALTER TABLE `y_admin_role` ENABLE KEYS */;
UNLOCK TABLES;

--
-- Table structure for table `y_admin_roleper`
--

DROP TABLE IF EXISTS `y_admin_roleper`;
/*!40101 SET @saved_cs_client     = @@character_set_client */;
/*!40101 SET character_set_client = utf8 */;
CREATE TABLE `y_admin_roleper` (
  `roleId` int(11) DEFAULT NULL,
  `mtagId` int(11) DEFAULT NULL
) ENGINE=InnoDB DEFAULT CHARSET=utf8;
/*!40101 SET character_set_client = @saved_cs_client */;

--
-- Dumping data for table `y_admin_roleper`
--

LOCK TABLES `y_admin_roleper` WRITE;
/*!40000 ALTER TABLE `y_admin_roleper` DISABLE KEYS */;
INSERT INTO `y_admin_roleper` VALUES (7,1),(7,2),(7,3),(7,12),(7,13),(7,14),(7,15),(7,29),(7,61),(7,62),(7,71),(7,5),(7,7),(7,23),(7,6),(7,56),(7,57),(7,59),(3,1),(3,2),(3,3),(3,12),(3,13),(3,14),(3,15),(3,29),(3,61),(3,62),(3,71),(3,72),(3,4),(3,18),(3,19),(3,22),(3,60),(3,70),(3,5),(3,7),(3,23),(3,6),(3,56),(3,57),(3,59),(3,8),(3,37),(3,39),(3,41),(3,42),(3,43),(3,55),(3,69),(3,9),(3,24),(3,25),(3,26),(3,27),(3,30),(3,31),(3,32);
/*!40000 ALTER TABLE `y_admin_roleper` ENABLE KEYS */;
UNLOCK TABLES;

--
-- Table structure for table `y_admin_user`
--

DROP TABLE IF EXISTS `y_admin_user`;
/*!40101 SET @saved_cs_client     = @@character_set_client */;
/*!40101 SET character_set_client = utf8 */;
CREATE TABLE `y_admin_user` (
  `id` int(11) NOT NULL AUTO_INCREMENT,
  `name` varchar(120) NOT NULL,
  `passwd` varchar(240) NOT NULL,
  `roleId` int(11) DEFAULT NULL,
  `status` tinyint(1) NOT NULL DEFAULT '1',
  `lastTime` datetime DEFAULT NULL,
  `currentTime` datetime DEFAULT NULL,
  `comment` varchar(20) DEFAULT NULL,
  PRIMARY KEY (`id`),
  UNIQUE KEY `id` (`id`)
) ENGINE=InnoDB AUTO_INCREMENT=8 DEFAULT CHARSET=utf8;
/*!40101 SET character_set_client = @saved_cs_client */;

--
-- Dumping data for table `y_admin_user`
--

LOCK TABLES `y_admin_user` WRITE;
/*!40000 ALTER TABLE `y_admin_user` DISABLE KEYS */;
INSERT INTO `y_admin_user` VALUES (5,'kyle','c37f686df12d8a706297690724399921',NULL,1,NULL,NULL,'founder'),(6,'user1','24c9e15e52afc47c225b757e7bee1f9d',3,1,NULL,NULL,''),(7,'orderadmin','6f50ed8124f2346ff5c7aa517a79693c',7,1,NULL,NULL,'');
/*!40000 ALTER TABLE `y_admin_user` ENABLE KEYS */;
UNLOCK TABLES;

--
-- Table structure for table `y_admin_userper`
--

DROP TABLE IF EXISTS `y_admin_userper`;
/*!40101 SET @saved_cs_client     = @@character_set_client */;
/*!40101 SET character_set_client = utf8 */;
CREATE TABLE `y_admin_userper` (
  `userId` int(11) NOT NULL,
  `mtagId` int(11) NOT NULL
) ENGINE=InnoDB DEFAULT CHARSET=utf8;
/*!40101 SET character_set_client = @saved_cs_client */;

--
-- Dumping data for table `y_admin_userper`
--

LOCK TABLES `y_admin_userper` WRITE;
/*!40000 ALTER TABLE `y_admin_userper` DISABLE KEYS */;
INSERT INTO `y_admin_userper` VALUES (1,2),(1,1),(1,5);
/*!40000 ALTER TABLE `y_admin_userper` ENABLE KEYS */;
UNLOCK TABLES;

--
-- Table structure for table `y_area_city`
--

DROP TABLE IF EXISTS `y_area_city`;
/*!40101 SET @saved_cs_client     = @@character_set_client */;
/*!40101 SET character_set_client = utf8 */;
CREATE TABLE `y_area_city` (
  `id` int(11) NOT NULL AUTO_INCREMENT,
  `province_id` int(10) unsigned NOT NULL COMMENT '地级市id',
  `city_id` bigint(20) unsigned NOT NULL COMMENT '县级市id',
  `city_name` char(64) NOT NULL,
  PRIMARY KEY (`id`),
  UNIQUE KEY `city_id` (`city_id`),
  KEY `province_id` (`province_id`)
) ENGINE=InnoDB AUTO_INCREMENT=346 DEFAULT CHARSET=utf8 COMMENT='县级市数据库';
/*!40101 SET character_set_client = @saved_cs_client */;

--
-- Dumping data for table `y_area_city`
--

LOCK TABLES `y_area_city` WRITE;
/*!40000 ALTER TABLE `y_area_city` DISABLE KEYS */;
INSERT INTO `y_area_city` VALUES (1,110,110100000000,'市辖区'),(2,110,110200000000,'市辖县'),(3,120,120100000000,'市辖区'),(4,120,120200000000,'市辖县'),(5,130,130100000000,'石家庄市'),(6,130,130200000000,'唐山市'),(7,130,130300000000,'秦皇岛市'),(8,130,130400000000,'邯郸市'),(9,130,130500000000,'邢台市'),(10,130,130600000000,'保定市'),(11,130,130700000000,'张家口市'),(12,130,130800000000,'承德市'),(13,130,130900000000,'沧州市'),(14,130,131000000000,'廊坊市'),(15,130,131100000000,'衡水市'),(16,140,140100000000,'太原市'),(17,140,140200000000,'大同市'),(18,140,140300000000,'阳泉市'),(19,140,140400000000,'长治市'),(20,140,140500000000,'晋城市'),(21,140,140600000000,'朔州市'),(22,140,140700000000,'晋中市'),(23,140,140800000000,'运城市'),(24,140,140900000000,'忻州市'),(25,140,141000000000,'临汾市'),(26,140,141100000000,'吕梁市'),(27,150,150100000000,'呼和浩特市'),(28,150,150200000000,'包头市'),(29,150,150300000000,'乌海市'),(30,150,150400000000,'赤峰市'),(31,150,150500000000,'通辽市'),(32,150,150600000000,'鄂尔多斯市'),(33,150,150700000000,'呼伦贝尔市'),(34,150,150800000000,'巴彦淖尔市'),(35,150,150900000000,'乌兰察布市'),(36,150,152200000000,'兴安盟'),(37,150,152500000000,'锡林郭勒盟'),(38,150,152900000000,'阿拉善盟'),(39,210,210100000000,'沈阳市'),(40,210,210200000000,'大连市'),(41,210,210300000000,'鞍山市'),(42,210,210400000000,'抚顺市'),(43,210,210500000000,'本溪市'),(44,210,210600000000,'丹东市'),(45,210,210700000000,'锦州市'),(46,210,210800000000,'营口市'),(47,210,210900000000,'阜新市'),(48,210,211000000000,'辽阳市'),(49,210,211100000000,'盘锦市'),(50,210,211200000000,'铁岭市'),(51,210,211300000000,'朝阳市'),(52,210,211400000000,'葫芦岛市'),(53,220,220100000000,'长春市'),(54,220,220200000000,'吉林市'),(55,220,220300000000,'四平市'),(56,220,220400000000,'辽源市'),(57,220,220500000000,'通化市'),(58,220,220600000000,'白山市'),(59,220,220700000000,'松原市'),(60,220,220800000000,'白城市'),(61,220,222400000000,'延边朝鲜族自治州'),(62,230,230100000000,'哈尔滨市'),(63,230,230200000000,'齐齐哈尔市'),(64,230,230300000000,'鸡西市'),(65,230,230400000000,'鹤岗市'),(66,230,230500000000,'双鸭山市'),(67,230,230600000000,'大庆市'),(68,230,230700000000,'伊春市'),(69,230,230800000000,'佳木斯市'),(70,230,230900000000,'七台河市'),(71,230,231000000000,'牡丹江市'),(72,230,231100000000,'黑河市'),(73,230,231200000000,'绥化市'),(74,230,232700000000,'大兴安岭地区'),(75,310,310100000000,'市辖区'),(76,310,310200000000,'市辖县'),(77,320,320100000000,'南京市'),(78,320,320200000000,'无锡市'),(79,320,320300000000,'徐州市'),(80,320,320400000000,'常州市'),(81,320,320500000000,'苏州市'),(82,320,320600000000,'南通市'),(83,320,320700000000,'连云港市'),(84,320,320800000000,'淮安市'),(85,320,320900000000,'盐城市'),(86,320,321000000000,'扬州市'),(87,320,321100000000,'镇江市'),(88,320,321200000000,'泰州市'),(89,320,321300000000,'宿迁市'),(90,330,330100000000,'杭州市'),(91,330,330200000000,'宁波市'),(92,330,330300000000,'温州市'),(93,330,330400000000,'嘉兴市'),(94,330,330500000000,'湖州市'),(95,330,330600000000,'绍兴市'),(96,330,330700000000,'金华市'),(97,330,330800000000,'衢州市'),(98,330,330900000000,'舟山市'),(99,330,331000000000,'台州市'),(100,330,331100000000,'丽水市'),(101,340,340100000000,'合肥市'),(102,340,340200000000,'芜湖市'),(103,340,340300000000,'蚌埠市'),(104,340,340400000000,'淮南市'),(105,340,340500000000,'马鞍山市'),(106,340,340600000000,'淮北市'),(107,340,340700000000,'铜陵市'),(108,340,340800000000,'安庆市'),(109,340,341000000000,'黄山市'),(110,340,341100000000,'滁州市'),(111,340,341200000000,'阜阳市'),(112,340,341300000000,'宿州市'),(113,340,341500000000,'六安市'),(114,340,341600000000,'亳州市'),(115,340,341700000000,'池州市'),(116,340,341800000000,'宣城市'),(117,350,350100000000,'福州市'),(118,350,350200000000,'厦门市'),(119,350,350300000000,'莆田市'),(120,350,350400000000,'三明市'),(121,350,350500000000,'泉州市'),(122,350,350600000000,'漳州市'),(123,350,350700000000,'南平市'),(124,350,350800000000,'龙岩市'),(125,350,350900000000,'宁德市'),(126,360,360100000000,'南昌市'),(127,360,360200000000,'景德镇市'),(128,360,360300000000,'萍乡市'),(129,360,360400000000,'九江市'),(130,360,360500000000,'新余市'),(131,360,360600000000,'鹰潭市'),(132,360,360700000000,'赣州市'),(133,360,360800000000,'吉安市'),(134,360,360900000000,'宜春市'),(135,360,361000000000,'抚州市'),(136,360,361100000000,'上饶市'),(137,370,370100000000,'济南市'),(138,370,370200000000,'青岛市'),(139,370,370300000000,'淄博市'),(140,370,370400000000,'枣庄市'),(141,370,370500000000,'东营市'),(142,370,370600000000,'烟台市'),(143,370,370700000000,'潍坊市'),(144,370,370800000000,'济宁市'),(145,370,370900000000,'泰安市'),(146,370,371000000000,'威海市'),(147,370,371100000000,'日照市'),(148,370,371200000000,'莱芜市'),(149,370,371300000000,'临沂市'),(150,370,371400000000,'德州市'),(151,370,371500000000,'聊城市'),(152,370,371600000000,'滨州市'),(153,370,371700000000,'菏泽市'),(154,410,410100000000,'郑州市'),(155,410,410200000000,'开封市'),(156,410,410300000000,'洛阳市'),(157,410,410400000000,'平顶山市'),(158,410,410500000000,'安阳市'),(159,410,410600000000,'鹤壁市'),(160,410,410700000000,'新乡市'),(161,410,410800000000,'焦作市'),(162,410,410900000000,'濮阳市'),(163,410,411000000000,'许昌市'),(164,410,411100000000,'漯河市'),(165,410,411200000000,'三门峡市'),(166,410,411300000000,'南阳市'),(167,410,411400000000,'商丘市'),(168,410,411500000000,'信阳市'),(169,410,411600000000,'周口市'),(170,410,411700000000,'驻马店市'),(171,410,419000000000,'省直辖县级行政区划'),(172,420,420100000000,'武汉市'),(173,420,420200000000,'黄石市'),(174,420,420300000000,'十堰市'),(175,420,420500000000,'宜昌市'),(176,420,420600000000,'襄阳市'),(177,420,420700000000,'鄂州市'),(178,420,420800000000,'荆门市'),(179,420,420900000000,'孝感市'),(180,420,421000000000,'荆州市'),(181,420,421100000000,'黄冈市'),(182,420,421200000000,'咸宁市'),(183,420,421300000000,'随州市'),(184,420,422800000000,'恩施土家族苗族自治州'),(185,420,429000000000,'省直辖县级行政区划'),(186,430,430100000000,'长沙市'),(187,430,430200000000,'株洲市'),(188,430,430300000000,'湘潭市'),(189,430,430400000000,'衡阳市'),(190,430,430500000000,'邵阳市'),(191,430,430600000000,'岳阳市'),(192,430,430700000000,'常德市'),(193,430,430800000000,'张家界市'),(194,430,430900000000,'益阳市'),(195,430,431000000000,'郴州市'),(196,430,431100000000,'永州市'),(197,430,431200000000,'怀化市'),(198,430,431300000000,'娄底市'),(199,430,433100000000,'湘西土家族苗族自治州'),(200,440,440100000000,'广州市'),(201,440,440200000000,'韶关市'),(202,440,440300000000,'深圳市'),(203,440,440400000000,'珠海市'),(204,440,440500000000,'汕头市'),(205,440,440600000000,'佛山市'),(206,440,440700000000,'江门市'),(207,440,440800000000,'湛江市'),(208,440,440900000000,'茂名市'),(209,440,441200000000,'肇庆市'),(210,440,441300000000,'惠州市'),(211,440,441400000000,'梅州市'),(212,440,441500000000,'汕尾市'),(213,440,441600000000,'河源市'),(214,440,441700000000,'阳江市'),(215,440,441800000000,'清远市'),(216,440,441900000000,'东莞市'),(217,440,442000000000,'中山市'),(218,440,445100000000,'潮州市'),(219,440,445200000000,'揭阳市'),(220,440,445300000000,'云浮市'),(221,450,450100000000,'南宁市'),(222,450,450200000000,'柳州市'),(223,450,450300000000,'桂林市'),(224,450,450400000000,'梧州市'),(225,450,450500000000,'北海市'),(226,450,450600000000,'防城港市'),(227,450,450700000000,'钦州市'),(228,450,450800000000,'贵港市'),(229,450,450900000000,'玉林市'),(230,450,451000000000,'百色市'),(231,450,451100000000,'贺州市'),(232,450,451200000000,'河池市'),(233,450,451300000000,'来宾市'),(234,450,451400000000,'崇左市'),(235,460,460100000000,'海口市'),(236,460,460200000000,'三亚市'),(237,460,460300000000,'三沙市'),(238,460,469000000000,'省直辖县级行政区划'),(239,500,500100000000,'市辖区'),(240,500,500200000000,'市辖县'),(241,510,510100000000,'成都市'),(242,510,510300000000,'自贡市'),(243,510,510400000000,'攀枝花市'),(244,510,510500000000,'泸州市'),(245,510,510600000000,'德阳市'),(246,510,510700000000,'绵阳市'),(247,510,510800000000,'广元市'),(248,510,510900000000,'遂宁市'),(249,510,511000000000,'内江市'),(250,510,511100000000,'乐山市'),(251,510,511300000000,'南充市'),(252,510,511400000000,'眉山市'),(253,510,511500000000,'宜宾市'),(254,510,511600000000,'广安市'),(255,510,511700000000,'达州市'),(256,510,511800000000,'雅安市'),(257,510,511900000000,'巴中市'),(258,510,512000000000,'资阳市'),(259,510,513200000000,'阿坝藏族羌族自治州'),(260,510,513300000000,'甘孜藏族自治州'),(261,510,513400000000,'凉山彝族自治州'),(262,520,520100000000,'贵阳市'),(263,520,520200000000,'六盘水市'),(264,520,520300000000,'遵义市'),(265,520,520400000000,'安顺市'),(266,520,520500000000,'毕节市'),(267,520,520600000000,'铜仁市'),(268,520,522300000000,'黔西南布依族苗族自治州'),(269,520,522600000000,'黔东南苗族侗族自治州'),(270,520,522700000000,'黔南布依族苗族自治州'),(271,530,530100000000,'昆明市'),(272,530,530300000000,'曲靖市'),(273,530,530400000000,'玉溪市'),(274,530,530500000000,'保山市'),(275,530,530600000000,'昭通市'),(276,530,530700000000,'丽江市'),(277,530,530800000000,'普洱市'),(278,530,530900000000,'临沧市'),(279,530,532300000000,'楚雄彝族自治州'),(280,530,532500000000,'红河哈尼族彝族自治州'),(281,530,532600000000,'文山壮族苗族自治州'),(282,530,532800000000,'西双版纳傣族自治州'),(283,530,532900000000,'大理白族自治州'),(284,530,533100000000,'德宏傣族景颇族自治州'),(285,530,533300000000,'怒江傈僳族自治州'),(286,530,533400000000,'迪庆藏族自治州'),(287,540,540100000000,'拉萨市'),(288,540,542100000000,'昌都地区'),(289,540,542200000000,'山南地区'),(290,540,542300000000,'日喀则地区'),(291,540,542400000000,'那曲地区'),(292,540,542500000000,'阿里地区'),(293,540,542600000000,'林芝地区'),(294,610,610100000000,'西安市'),(295,610,610200000000,'铜川市'),(296,610,610300000000,'宝鸡市'),(297,610,610400000000,'咸阳市'),(298,610,610500000000,'渭南市'),(299,610,610600000000,'延安市'),(300,610,610700000000,'汉中市'),(301,610,610800000000,'榆林市'),(302,610,610900000000,'安康市'),(303,610,611000000000,'商洛市'),(304,620,620100000000,'兰州市'),(305,620,620200000000,'嘉峪关市'),(306,620,620300000000,'金昌市'),(307,620,620400000000,'白银市'),(308,620,620500000000,'天水市'),(309,620,620600000000,'武威市'),(310,620,620700000000,'张掖市'),(311,620,620800000000,'平凉市'),(312,620,620900000000,'酒泉市'),(313,620,621000000000,'庆阳市'),(314,620,621100000000,'定西市'),(315,620,621200000000,'陇南市'),(316,620,622900000000,'临夏回族自治州'),(317,620,623000000000,'甘南藏族自治州'),(318,630,630100000000,'西宁市'),(319,630,630200000000,'海东市'),(320,630,632200000000,'海北藏族自治州'),(321,630,632300000000,'黄南藏族自治州'),(322,630,632500000000,'海南藏族自治州'),(323,630,632600000000,'果洛藏族自治州'),(324,630,632700000000,'玉树藏族自治州'),(325,630,632800000000,'海西蒙古族藏族自治州'),(326,640,640100000000,'银川市'),(327,640,640200000000,'石嘴山市'),(328,640,640300000000,'吴忠市'),(329,640,640400000000,'固原市'),(330,640,640500000000,'中卫市'),(331,650,650100000000,'乌鲁木齐市'),(332,650,650200000000,'克拉玛依市'),(333,650,652100000000,'吐鲁番地区'),(334,650,652200000000,'哈密地区'),(335,650,652300000000,'昌吉回族自治州'),(336,650,652700000000,'博尔塔拉蒙古自治州'),(337,650,652800000000,'巴音郭楞蒙古自治州'),(338,650,652900000000,'阿克苏地区'),(339,650,653000000000,'克孜勒苏柯尔克孜自治州'),(340,650,653100000000,'喀什地区'),(341,650,653200000000,'和田地区'),(342,650,654000000000,'伊犁哈萨克自治州'),(343,650,654200000000,'塔城地区'),(344,650,654300000000,'阿勒泰地区'),(345,650,659000000000,'自治区直辖县级行政区划');
/*!40000 ALTER TABLE `y_area_city` ENABLE KEYS */;
UNLOCK TABLES;

--
-- Table structure for table `y_area_county`
--

DROP TABLE IF EXISTS `y_area_county`;
/*!40101 SET @saved_cs_client     = @@character_set_client */;
/*!40101 SET character_set_client = utf8 */;
CREATE TABLE `y_area_county` (
  `id` int(11) NOT NULL AUTO_INCREMENT COMMENT '地级市主键ID',
  `city_id` bigint(20) unsigned NOT NULL COMMENT '地级市id',
  `county_id` bigint(20) unsigned NOT NULL COMMENT '县级id',
  `county_name` char(64) NOT NULL,
  PRIMARY KEY (`id`),
  UNIQUE KEY `county_id` (`county_id`),
  KEY `city_id` (`city_id`)
) ENGINE=InnoDB AUTO_INCREMENT=2857 DEFAULT CHARSET=utf8 COMMENT='地区市数据库';
/*!40101 SET character_set_client = @saved_cs_client */;

--
-- Dumping data for table `y_area_county`
--

LOCK TABLES `y_area_county` WRITE;
/*!40000 ALTER TABLE `y_area_county` DISABLE KEYS */;
INSERT INTO `y_area_county` VALUES (1,110100000000,110101000000,'东城区'),(2,110100000000,110102000000,'西城区'),(3,110100000000,110105000000,'朝阳区'),(4,110100000000,110106000000,'丰台区'),(5,110100000000,110107000000,'石景山区'),(6,110100000000,110108000000,'海淀区'),(7,110100000000,110109000000,'门头沟区'),(8,110100000000,110111000000,'房山区'),(9,110100000000,110112000000,'通州区'),(10,110100000000,110113000000,'顺义区'),(11,110100000000,110114000000,'昌平区'),(12,110100000000,110115000000,'大兴区'),(13,110100000000,110116000000,'怀柔区'),(14,110100000000,110117000000,'平谷区'),(15,110200000000,110228000000,'密云县'),(16,110200000000,110229000000,'延庆县'),(17,120100000000,120101000000,'和平区'),(18,120100000000,120102000000,'河东区'),(19,120100000000,120103000000,'河西区'),(20,120100000000,120104000000,'南开区'),(21,120100000000,120105000000,'河北区'),(22,120100000000,120106000000,'红桥区'),(23,120100000000,120110000000,'东丽区'),(24,120100000000,120111000000,'西青区'),(25,120100000000,120112000000,'津南区'),(26,120100000000,120113000000,'北辰区'),(27,120100000000,120114000000,'武清区'),(28,120100000000,120115000000,'宝坻区'),(29,120100000000,120116000000,'滨海新区'),(30,120200000000,120221000000,'宁河县'),(31,120200000000,120223000000,'静海县'),(32,120200000000,120225000000,'蓟县'),(33,130100000000,130102000000,'长安区'),(34,130100000000,130103000000,'桥东区'),(35,130100000000,130104000000,'桥西区'),(36,130100000000,130105000000,'新华区'),(37,130100000000,130107000000,'井陉矿区'),(38,130100000000,130108000000,'裕华区'),(39,130100000000,130121000000,'井陉县'),(40,130100000000,130123000000,'正定县'),(41,130100000000,130124000000,'栾城县'),(42,130100000000,130125000000,'行唐县'),(43,130100000000,130126000000,'灵寿县'),(44,130100000000,130127000000,'高邑县'),(45,130100000000,130128000000,'深泽县'),(46,130100000000,130129000000,'赞皇县'),(47,130100000000,130130000000,'无极县'),(48,130100000000,130131000000,'平山县'),(49,130100000000,130132000000,'元氏县'),(50,130100000000,130133000000,'赵县'),(51,130100000000,130181000000,'辛集市'),(52,130100000000,130182000000,'藁城市'),(53,130100000000,130183000000,'晋州市'),(54,130100000000,130184000000,'新乐市'),(55,130100000000,130185000000,'鹿泉市'),(56,130200000000,130202000000,'路南区'),(57,130200000000,130203000000,'路北区'),(58,130200000000,130204000000,'古冶区'),(59,130200000000,130205000000,'开平区'),(60,130200000000,130207000000,'丰南区'),(61,130200000000,130208000000,'丰润区'),(62,130200000000,130209000000,'曹妃甸区'),(63,130200000000,130223000000,'滦县'),(64,130200000000,130224000000,'滦南县'),(65,130200000000,130225000000,'乐亭县'),(66,130200000000,130227000000,'迁西县'),(67,130200000000,130229000000,'玉田县'),(68,130200000000,130281000000,'遵化市'),(69,130200000000,130283000000,'迁安市'),(70,130300000000,130302000000,'海港区'),(71,130300000000,130303000000,'山海关区'),(72,130300000000,130304000000,'北戴河区'),(73,130300000000,130321000000,'青龙满族自治县'),(74,130300000000,130322000000,'昌黎县'),(75,130300000000,130323000000,'抚宁县'),(76,130300000000,130324000000,'卢龙县'),(77,130400000000,130402000000,'邯山区'),(78,130400000000,130403000000,'丛台区'),(79,130400000000,130404000000,'复兴区'),(80,130400000000,130406000000,'峰峰矿区'),(81,130400000000,130421000000,'邯郸县'),(82,130400000000,130423000000,'临漳县'),(83,130400000000,130424000000,'成安县'),(84,130400000000,130425000000,'大名县'),(85,130400000000,130426000000,'涉县'),(86,130400000000,130427000000,'磁县'),(87,130400000000,130428000000,'肥乡县'),(88,130400000000,130429000000,'永年县'),(89,130400000000,130430000000,'邱县'),(90,130400000000,130431000000,'鸡泽县'),(91,130400000000,130432000000,'广平县'),(92,130400000000,130433000000,'馆陶县'),(93,130400000000,130434000000,'魏县'),(94,130400000000,130435000000,'曲周县'),(95,130400000000,130481000000,'武安市'),(96,130500000000,130502000000,'桥东区'),(97,130500000000,130503000000,'桥西区'),(98,130500000000,130521000000,'邢台县'),(99,130500000000,130522000000,'临城县'),(100,130500000000,130523000000,'内丘县'),(101,130500000000,130524000000,'柏乡县'),(102,130500000000,130525000000,'隆尧县'),(103,130500000000,130526000000,'任县'),(104,130500000000,130527000000,'南和县'),(105,130500000000,130528000000,'宁晋县'),(106,130500000000,130529000000,'巨鹿县'),(107,130500000000,130530000000,'新河县'),(108,130500000000,130531000000,'广宗县'),(109,130500000000,130532000000,'平乡县'),(110,130500000000,130533000000,'威县'),(111,130500000000,130534000000,'清河县'),(112,130500000000,130535000000,'临西县'),(113,130500000000,130581000000,'南宫市'),(114,130500000000,130582000000,'沙河市'),(115,130600000000,130602000000,'新市区'),(116,130600000000,130603000000,'北市区'),(117,130600000000,130604000000,'南市区'),(118,130600000000,130621000000,'满城县'),(119,130600000000,130622000000,'清苑县'),(120,130600000000,130623000000,'涞水县'),(121,130600000000,130624000000,'阜平县'),(122,130600000000,130625000000,'徐水县'),(123,130600000000,130626000000,'定兴县'),(124,130600000000,130627000000,'唐县'),(125,130600000000,130628000000,'高阳县'),(126,130600000000,130629000000,'容城县'),(127,130600000000,130630000000,'涞源县'),(128,130600000000,130631000000,'望都县'),(129,130600000000,130632000000,'安新县'),(130,130600000000,130633000000,'易县'),(131,130600000000,130634000000,'曲阳县'),(132,130600000000,130635000000,'蠡县'),(133,130600000000,130636000000,'顺平县'),(134,130600000000,130637000000,'博野县'),(135,130600000000,130638000000,'雄县'),(136,130600000000,130681000000,'涿州市'),(137,130600000000,130682000000,'定州市'),(138,130600000000,130683000000,'安国市'),(139,130600000000,130684000000,'高碑店市'),(140,130700000000,130702000000,'桥东区'),(141,130700000000,130703000000,'桥西区'),(142,130700000000,130705000000,'宣化区'),(143,130700000000,130706000000,'下花园区'),(144,130700000000,130721000000,'宣化县'),(145,130700000000,130722000000,'张北县'),(146,130700000000,130723000000,'康保县'),(147,130700000000,130724000000,'沽源县'),(148,130700000000,130725000000,'尚义县'),(149,130700000000,130726000000,'蔚县'),(150,130700000000,130727000000,'阳原县'),(151,130700000000,130728000000,'怀安县'),(152,130700000000,130729000000,'万全县'),(153,130700000000,130730000000,'怀来县'),(154,130700000000,130731000000,'涿鹿县'),(155,130700000000,130732000000,'赤城县'),(156,130700000000,130733000000,'崇礼县'),(157,130800000000,130802000000,'双桥区'),(158,130800000000,130803000000,'双滦区'),(159,130800000000,130804000000,'鹰手营子矿区'),(160,130800000000,130821000000,'承德县'),(161,130800000000,130822000000,'兴隆县'),(162,130800000000,130823000000,'平泉县'),(163,130800000000,130824000000,'滦平县'),(164,130800000000,130825000000,'隆化县'),(165,130800000000,130826000000,'丰宁满族自治县'),(166,130800000000,130827000000,'宽城满族自治县'),(167,130800000000,130828000000,'围场满族蒙古族自治县'),(168,130900000000,130902000000,'新华区'),(169,130900000000,130903000000,'运河区'),(170,130900000000,130921000000,'沧县'),(171,130900000000,130922000000,'青县'),(172,130900000000,130923000000,'东光县'),(173,130900000000,130924000000,'海兴县'),(174,130900000000,130925000000,'盐山县'),(175,130900000000,130926000000,'肃宁县'),(176,130900000000,130927000000,'南皮县'),(177,130900000000,130928000000,'吴桥县'),(178,130900000000,130929000000,'献县'),(179,130900000000,130930000000,'孟村回族自治县'),(180,130900000000,130981000000,'泊头市'),(181,130900000000,130982000000,'任丘市'),(182,130900000000,130983000000,'黄骅市'),(183,130900000000,130984000000,'河间市'),(184,131000000000,131002000000,'安次区'),(185,131000000000,131003000000,'广阳区'),(186,131000000000,131022000000,'固安县'),(187,131000000000,131023000000,'永清县'),(188,131000000000,131024000000,'香河县'),(189,131000000000,131025000000,'大城县'),(190,131000000000,131026000000,'文安县'),(191,131000000000,131028000000,'大厂回族自治县'),(192,131000000000,131081000000,'霸州市'),(193,131000000000,131082000000,'三河市'),(194,131100000000,131102000000,'桃城区'),(195,131100000000,131121000000,'枣强县'),(196,131100000000,131122000000,'武邑县'),(197,131100000000,131123000000,'武强县'),(198,131100000000,131124000000,'饶阳县'),(199,131100000000,131125000000,'安平县'),(200,131100000000,131126000000,'故城县'),(201,131100000000,131127000000,'景县'),(202,131100000000,131128000000,'阜城县'),(203,131100000000,131181000000,'冀州市'),(204,131100000000,131182000000,'深州市'),(205,140100000000,140105000000,'小店区'),(206,140100000000,140106000000,'迎泽区'),(207,140100000000,140107000000,'杏花岭区'),(208,140100000000,140108000000,'尖草坪区'),(209,140100000000,140109000000,'万柏林区'),(210,140100000000,140110000000,'晋源区'),(211,140100000000,140121000000,'清徐县'),(212,140100000000,140122000000,'阳曲县'),(213,140100000000,140123000000,'娄烦县'),(214,140100000000,140181000000,'古交市'),(215,140200000000,140202000000,'城区'),(216,140200000000,140203000000,'矿区'),(217,140200000000,140211000000,'南郊区'),(218,140200000000,140212000000,'新荣区'),(219,140200000000,140221000000,'阳高县'),(220,140200000000,140222000000,'天镇县'),(221,140200000000,140223000000,'广灵县'),(222,140200000000,140224000000,'灵丘县'),(223,140200000000,140225000000,'浑源县'),(224,140200000000,140226000000,'左云县'),(225,140200000000,140227000000,'大同县'),(226,140300000000,140302000000,'城区'),(227,140300000000,140303000000,'矿区'),(228,140300000000,140311000000,'郊区'),(229,140300000000,140321000000,'平定县'),(230,140300000000,140322000000,'盂县'),(231,140400000000,140402000000,'城区'),(232,140400000000,140411000000,'郊区'),(233,140400000000,140421000000,'长治县'),(234,140400000000,140423000000,'襄垣县'),(235,140400000000,140424000000,'屯留县'),(236,140400000000,140425000000,'平顺县'),(237,140400000000,140426000000,'黎城县'),(238,140400000000,140427000000,'壶关县'),(239,140400000000,140428000000,'长子县'),(240,140400000000,140429000000,'武乡县'),(241,140400000000,140430000000,'沁县'),(242,140400000000,140431000000,'沁源县'),(243,140400000000,140481000000,'潞城市'),(244,140500000000,140502000000,'城区'),(245,140500000000,140521000000,'沁水县'),(246,140500000000,140522000000,'阳城县'),(247,140500000000,140524000000,'陵川县'),(248,140500000000,140525000000,'泽州县'),(249,140500000000,140581000000,'高平市'),(250,140600000000,140602000000,'朔城区'),(251,140600000000,140603000000,'平鲁区'),(252,140600000000,140621000000,'山阴县'),(253,140600000000,140622000000,'应县'),(254,140600000000,140623000000,'右玉县'),(255,140600000000,140624000000,'怀仁县'),(256,140700000000,140702000000,'榆次区'),(257,140700000000,140721000000,'榆社县'),(258,140700000000,140722000000,'左权县'),(259,140700000000,140723000000,'和顺县'),(260,140700000000,140724000000,'昔阳县'),(261,140700000000,140725000000,'寿阳县'),(262,140700000000,140726000000,'太谷县'),(263,140700000000,140727000000,'祁县'),(264,140700000000,140728000000,'平遥县'),(265,140700000000,140729000000,'灵石县'),(266,140700000000,140781000000,'介休市'),(267,140800000000,140802000000,'盐湖区'),(268,140800000000,140821000000,'临猗县'),(269,140800000000,140822000000,'万荣县'),(270,140800000000,140823000000,'闻喜县'),(271,140800000000,140824000000,'稷山县'),(272,140800000000,140825000000,'新绛县'),(273,140800000000,140826000000,'绛县'),(274,140800000000,140827000000,'垣曲县'),(275,140800000000,140828000000,'夏县'),(276,140800000000,140829000000,'平陆县'),(277,140800000000,140830000000,'芮城县'),(278,140800000000,140881000000,'永济市'),(279,140800000000,140882000000,'河津市'),(280,140900000000,140902000000,'忻府区'),(281,140900000000,140921000000,'定襄县'),(282,140900000000,140922000000,'五台县'),(283,140900000000,140923000000,'代县'),(284,140900000000,140924000000,'繁峙县'),(285,140900000000,140925000000,'宁武县'),(286,140900000000,140926000000,'静乐县'),(287,140900000000,140927000000,'神池县'),(288,140900000000,140928000000,'五寨县'),(289,140900000000,140929000000,'岢岚县'),(290,140900000000,140930000000,'河曲县'),(291,140900000000,140931000000,'保德县'),(292,140900000000,140932000000,'偏关县'),(293,140900000000,140981000000,'原平市'),(294,141000000000,141002000000,'尧都区'),(295,141000000000,141021000000,'曲沃县'),(296,141000000000,141022000000,'翼城县'),(297,141000000000,141023000000,'襄汾县'),(298,141000000000,141024000000,'洪洞县'),(299,141000000000,141025000000,'古县'),(300,141000000000,141026000000,'安泽县'),(301,141000000000,141027000000,'浮山县'),(302,141000000000,141028000000,'吉县'),(303,141000000000,141029000000,'乡宁县'),(304,141000000000,141030000000,'大宁县'),(305,141000000000,141031000000,'隰县'),(306,141000000000,141032000000,'永和县'),(307,141000000000,141033000000,'蒲县'),(308,141000000000,141034000000,'汾西县'),(309,141000000000,141081000000,'侯马市'),(310,141000000000,141082000000,'霍州市'),(311,141100000000,141102000000,'离石区'),(312,141100000000,141121000000,'文水县'),(313,141100000000,141122000000,'交城县'),(314,141100000000,141123000000,'兴县'),(315,141100000000,141124000000,'临县'),(316,141100000000,141125000000,'柳林县'),(317,141100000000,141126000000,'石楼县'),(318,141100000000,141127000000,'岚县'),(319,141100000000,141128000000,'方山县'),(320,141100000000,141129000000,'中阳县'),(321,141100000000,141130000000,'交口县'),(322,141100000000,141181000000,'孝义市'),(323,141100000000,141182000000,'汾阳市'),(324,150100000000,150102000000,'新城区'),(325,150100000000,150103000000,'回民区'),(326,150100000000,150104000000,'玉泉区'),(327,150100000000,150105000000,'赛罕区'),(328,150100000000,150121000000,'土默特左旗'),(329,150100000000,150122000000,'托克托县'),(330,150100000000,150123000000,'和林格尔县'),(331,150100000000,150124000000,'清水河县'),(332,150100000000,150125000000,'武川县'),(333,150200000000,150202000000,'东河区'),(334,150200000000,150203000000,'昆都仑区'),(335,150200000000,150204000000,'青山区'),(336,150200000000,150205000000,'石拐区'),(337,150200000000,150206000000,'白云鄂博矿区'),(338,150200000000,150207000000,'九原区'),(339,150200000000,150221000000,'土默特右旗'),(340,150200000000,150222000000,'固阳县'),(341,150200000000,150223000000,'达尔罕茂明安联合旗'),(342,150300000000,150302000000,'海勃湾区'),(343,150300000000,150303000000,'海南区'),(344,150300000000,150304000000,'乌达区'),(345,150400000000,150402000000,'红山区'),(346,150400000000,150403000000,'元宝山区'),(347,150400000000,150404000000,'松山区'),(348,150400000000,150421000000,'阿鲁科尔沁旗'),(349,150400000000,150422000000,'巴林左旗'),(350,150400000000,150423000000,'巴林右旗'),(351,150400000000,150424000000,'林西县'),(352,150400000000,150425000000,'克什克腾旗'),(353,150400000000,150426000000,'翁牛特旗'),(354,150400000000,150428000000,'喀喇沁旗'),(355,150400000000,150429000000,'宁城县'),(356,150400000000,150430000000,'敖汉旗'),(357,150500000000,150502000000,'科尔沁区'),(358,150500000000,150521000000,'科尔沁左翼中旗'),(359,150500000000,150522000000,'科尔沁左翼后旗'),(360,150500000000,150523000000,'开鲁县'),(361,150500000000,150524000000,'库伦旗'),(362,150500000000,150525000000,'奈曼旗'),(363,150500000000,150526000000,'扎鲁特旗'),(364,150500000000,150581000000,'霍林郭勒市'),(365,150600000000,150602000000,'东胜区'),(366,150600000000,150621000000,'达拉特旗'),(367,150600000000,150622000000,'准格尔旗'),(368,150600000000,150623000000,'鄂托克前旗'),(369,150600000000,150624000000,'鄂托克旗'),(370,150600000000,150625000000,'杭锦旗'),(371,150600000000,150626000000,'乌审旗'),(372,150600000000,150627000000,'伊金霍洛旗'),(373,150700000000,150702000000,'海拉尔区'),(374,150700000000,150703000000,'扎赉诺尔区'),(375,150700000000,150721000000,'阿荣旗'),(376,150700000000,150722000000,'莫力达瓦达斡尔族自治旗'),(377,150700000000,150723000000,'鄂伦春自治旗'),(378,150700000000,150724000000,'鄂温克族自治旗'),(379,150700000000,150725000000,'陈巴尔虎旗'),(380,150700000000,150726000000,'新巴尔虎左旗'),(381,150700000000,150727000000,'新巴尔虎右旗'),(382,150700000000,150781000000,'满洲里市'),(383,150700000000,150782000000,'牙克石市'),(384,150700000000,150783000000,'扎兰屯市'),(385,150700000000,150784000000,'额尔古纳市'),(386,150700000000,150785000000,'根河市'),(387,150800000000,150802000000,'临河区'),(388,150800000000,150821000000,'五原县'),(389,150800000000,150822000000,'磴口县'),(390,150800000000,150823000000,'乌拉特前旗'),(391,150800000000,150824000000,'乌拉特中旗'),(392,150800000000,150825000000,'乌拉特后旗'),(393,150800000000,150826000000,'杭锦后旗'),(394,150900000000,150902000000,'集宁区'),(395,150900000000,150921000000,'卓资县'),(396,150900000000,150922000000,'化德县'),(397,150900000000,150923000000,'商都县'),(398,150900000000,150924000000,'兴和县'),(399,150900000000,150925000000,'凉城县'),(400,150900000000,150926000000,'察哈尔右翼前旗'),(401,150900000000,150927000000,'察哈尔右翼中旗'),(402,150900000000,150928000000,'察哈尔右翼后旗'),(403,150900000000,150929000000,'四子王旗'),(404,150900000000,150981000000,'丰镇市'),(405,152200000000,152201000000,'乌兰浩特市'),(406,152200000000,152202000000,'阿尔山市'),(407,152200000000,152221000000,'科尔沁右翼前旗'),(408,152200000000,152222000000,'科尔沁右翼中旗'),(409,152200000000,152223000000,'扎赉特旗'),(410,152200000000,152224000000,'突泉县'),(411,152500000000,152501000000,'二连浩特市'),(412,152500000000,152502000000,'锡林浩特市'),(413,152500000000,152522000000,'阿巴嘎旗'),(414,152500000000,152523000000,'苏尼特左旗'),(415,152500000000,152524000000,'苏尼特右旗'),(416,152500000000,152525000000,'东乌珠穆沁旗'),(417,152500000000,152526000000,'西乌珠穆沁旗'),(418,152500000000,152527000000,'太仆寺旗'),(419,152500000000,152528000000,'镶黄旗'),(420,152500000000,152529000000,'正镶白旗'),(421,152500000000,152530000000,'正蓝旗'),(422,152500000000,152531000000,'多伦县'),(423,152900000000,152921000000,'阿拉善左旗'),(424,152900000000,152922000000,'阿拉善右旗'),(425,152900000000,152923000000,'额济纳旗'),(426,210100000000,210102000000,'和平区'),(427,210100000000,210103000000,'沈河区'),(428,210100000000,210104000000,'大东区'),(429,210100000000,210105000000,'皇姑区'),(430,210100000000,210106000000,'铁西区'),(431,210100000000,210111000000,'苏家屯区'),(432,210100000000,210112000000,'东陵区'),(433,210100000000,210113000000,'沈北新区'),(434,210100000000,210114000000,'于洪区'),(435,210100000000,210122000000,'辽中县'),(436,210100000000,210123000000,'康平县'),(437,210100000000,210124000000,'法库县'),(438,210100000000,210181000000,'新民市'),(439,210200000000,210202000000,'中山区'),(440,210200000000,210203000000,'西岗区'),(441,210200000000,210204000000,'沙河口区'),(442,210200000000,210211000000,'甘井子区'),(443,210200000000,210212000000,'旅顺口区'),(444,210200000000,210213000000,'金州区'),(445,210200000000,210224000000,'长海县'),(446,210200000000,210281000000,'瓦房店市'),(447,210200000000,210282000000,'普兰店市'),(448,210200000000,210283000000,'庄河市'),(449,210300000000,210302000000,'铁东区'),(450,210300000000,210303000000,'铁西区'),(451,210300000000,210304000000,'立山区'),(452,210300000000,210311000000,'千山区'),(453,210300000000,210321000000,'台安县'),(454,210300000000,210323000000,'岫岩满族自治县'),(455,210300000000,210381000000,'海城市'),(456,210400000000,210402000000,'新抚区'),(457,210400000000,210403000000,'东洲区'),(458,210400000000,210404000000,'望花区'),(459,210400000000,210411000000,'顺城区'),(460,210400000000,210421000000,'抚顺县'),(461,210400000000,210422000000,'新宾满族自治县'),(462,210400000000,210423000000,'清原满族自治县'),(463,210500000000,210502000000,'平山区'),(464,210500000000,210503000000,'溪湖区'),(465,210500000000,210504000000,'明山区'),(466,210500000000,210505000000,'南芬区'),(467,210500000000,210521000000,'本溪满族自治县'),(468,210500000000,210522000000,'桓仁满族自治县'),(469,210600000000,210602000000,'元宝区'),(470,210600000000,210603000000,'振兴区'),(471,210600000000,210604000000,'振安区'),(472,210600000000,210624000000,'宽甸满族自治县'),(473,210600000000,210681000000,'东港市'),(474,210600000000,210682000000,'凤城市'),(475,210700000000,210702000000,'古塔区'),(476,210700000000,210703000000,'凌河区'),(477,210700000000,210711000000,'太和区'),(478,210700000000,210726000000,'黑山县'),(479,210700000000,210727000000,'义县'),(480,210700000000,210781000000,'凌海市'),(481,210700000000,210782000000,'北镇市'),(482,210800000000,210802000000,'站前区'),(483,210800000000,210803000000,'西市区'),(484,210800000000,210804000000,'鲅鱼圈区'),(485,210800000000,210811000000,'老边区'),(486,210800000000,210881000000,'盖州市'),(487,210800000000,210882000000,'大石桥市'),(488,210900000000,210902000000,'海州区'),(489,210900000000,210903000000,'新邱区'),(490,210900000000,210904000000,'太平区'),(491,210900000000,210905000000,'清河门区'),(492,210900000000,210911000000,'细河区'),(493,210900000000,210921000000,'阜新蒙古族自治县'),(494,210900000000,210922000000,'彰武县'),(495,211000000000,211002000000,'白塔区'),(496,211000000000,211003000000,'文圣区'),(497,211000000000,211004000000,'宏伟区'),(498,211000000000,211005000000,'弓长岭区'),(499,211000000000,211011000000,'太子河区'),(500,211000000000,211021000000,'辽阳县'),(501,211000000000,211081000000,'灯塔市'),(502,211100000000,211102000000,'双台子区'),(503,211100000000,211103000000,'兴隆台区'),(504,211100000000,211121000000,'大洼县'),(505,211100000000,211122000000,'盘山县'),(506,211200000000,211202000000,'银州区'),(507,211200000000,211204000000,'清河区'),(508,211200000000,211221000000,'铁岭县'),(509,211200000000,211223000000,'西丰县'),(510,211200000000,211224000000,'昌图县'),(511,211200000000,211281000000,'调兵山市'),(512,211200000000,211282000000,'开原市'),(513,211300000000,211302000000,'双塔区'),(514,211300000000,211303000000,'龙城区'),(515,211300000000,211321000000,'朝阳县'),(516,211300000000,211322000000,'建平县'),(517,211300000000,211324000000,'喀喇沁左翼蒙古族自治县'),(518,211300000000,211381000000,'北票市'),(519,211300000000,211382000000,'凌源市'),(520,211400000000,211402000000,'连山区'),(521,211400000000,211403000000,'龙港区'),(522,211400000000,211404000000,'南票区'),(523,211400000000,211421000000,'绥中县'),(524,211400000000,211422000000,'建昌县'),(525,211400000000,211481000000,'兴城市'),(526,220100000000,220102000000,'南关区'),(527,220100000000,220103000000,'宽城区'),(528,220100000000,220104000000,'朝阳区'),(529,220100000000,220105000000,'二道区'),(530,220100000000,220106000000,'绿园区'),(531,220100000000,220112000000,'双阳区'),(532,220100000000,220122000000,'农安县'),(533,220100000000,220181000000,'九台市'),(534,220100000000,220182000000,'榆树市'),(535,220100000000,220183000000,'德惠市'),(536,220200000000,220202000000,'昌邑区'),(537,220200000000,220203000000,'龙潭区'),(538,220200000000,220204000000,'船营区'),(539,220200000000,220211000000,'丰满区'),(540,220200000000,220221000000,'永吉县'),(541,220200000000,220281000000,'蛟河市'),(542,220200000000,220282000000,'桦甸市'),(543,220200000000,220283000000,'舒兰市'),(544,220200000000,220284000000,'磐石市'),(545,220300000000,220302000000,'铁西区'),(546,220300000000,220303000000,'铁东区'),(547,220300000000,220322000000,'梨树县'),(548,220300000000,220323000000,'伊通满族自治县'),(549,220300000000,220381000000,'公主岭市'),(550,220300000000,220382000000,'双辽市'),(551,220400000000,220402000000,'龙山区'),(552,220400000000,220403000000,'西安区'),(553,220400000000,220421000000,'东丰县'),(554,220400000000,220422000000,'东辽县'),(555,220500000000,220502000000,'东昌区'),(556,220500000000,220503000000,'二道江区'),(557,220500000000,220521000000,'通化县'),(558,220500000000,220523000000,'辉南县'),(559,220500000000,220524000000,'柳河县'),(560,220500000000,220581000000,'梅河口市'),(561,220500000000,220582000000,'集安市'),(562,220600000000,220602000000,'浑江区'),(563,220600000000,220605000000,'江源区'),(564,220600000000,220621000000,'抚松县'),(565,220600000000,220622000000,'靖宇县'),(566,220600000000,220623000000,'长白朝鲜族自治县'),(567,220600000000,220681000000,'临江市'),(568,220700000000,220702000000,'宁江区'),(569,220700000000,220721000000,'前郭尔罗斯蒙古族自治县'),(570,220700000000,220722000000,'长岭县'),(571,220700000000,220723000000,'乾安县'),(572,220700000000,220781000000,'扶余市'),(573,220800000000,220802000000,'洮北区'),(574,220800000000,220821000000,'镇赉县'),(575,220800000000,220822000000,'通榆县'),(576,220800000000,220881000000,'洮南市'),(577,220800000000,220882000000,'大安市'),(578,222400000000,222401000000,'延吉市'),(579,222400000000,222402000000,'图们市'),(580,222400000000,222403000000,'敦化市'),(581,222400000000,222404000000,'珲春市'),(582,222400000000,222405000000,'龙井市'),(583,222400000000,222406000000,'和龙市'),(584,222400000000,222424000000,'汪清县'),(585,222400000000,222426000000,'安图县'),(586,230100000000,230102000000,'道里区'),(587,230100000000,230103000000,'南岗区'),(588,230100000000,230104000000,'道外区'),(589,230100000000,230108000000,'平房区'),(590,230100000000,230109000000,'松北区'),(591,230100000000,230110000000,'香坊区'),(592,230100000000,230111000000,'呼兰区'),(593,230100000000,230112000000,'阿城区'),(594,230100000000,230123000000,'依兰县'),(595,230100000000,230124000000,'方正县'),(596,230100000000,230125000000,'宾县'),(597,230100000000,230126000000,'巴彦县'),(598,230100000000,230127000000,'木兰县'),(599,230100000000,230128000000,'通河县'),(600,230100000000,230129000000,'延寿县'),(601,230100000000,230182000000,'双城市'),(602,230100000000,230183000000,'尚志市'),(603,230100000000,230184000000,'五常市'),(604,230200000000,230202000000,'龙沙区'),(605,230200000000,230203000000,'建华区'),(606,230200000000,230204000000,'铁锋区'),(607,230200000000,230205000000,'昂昂溪区'),(608,230200000000,230206000000,'富拉尔基区'),(609,230200000000,230207000000,'碾子山区'),(610,230200000000,230208000000,'梅里斯达斡尔族区'),(611,230200000000,230221000000,'龙江县'),(612,230200000000,230223000000,'依安县'),(613,230200000000,230224000000,'泰来县'),(614,230200000000,230225000000,'甘南县'),(615,230200000000,230227000000,'富裕县'),(616,230200000000,230229000000,'克山县'),(617,230200000000,230230000000,'克东县'),(618,230200000000,230231000000,'拜泉县'),(619,230200000000,230281000000,'讷河市'),(620,230300000000,230302000000,'鸡冠区'),(621,230300000000,230303000000,'恒山区'),(622,230300000000,230304000000,'滴道区'),(623,230300000000,230305000000,'梨树区'),(624,230300000000,230306000000,'城子河区'),(625,230300000000,230307000000,'麻山区'),(626,230300000000,230321000000,'鸡东县'),(627,230300000000,230381000000,'虎林市'),(628,230300000000,230382000000,'密山市'),(629,230400000000,230402000000,'向阳区'),(630,230400000000,230403000000,'工农区'),(631,230400000000,230404000000,'南山区'),(632,230400000000,230405000000,'兴安区'),(633,230400000000,230406000000,'东山区'),(634,230400000000,230407000000,'兴山区'),(635,230400000000,230421000000,'萝北县'),(636,230400000000,230422000000,'绥滨县'),(637,230500000000,230502000000,'尖山区'),(638,230500000000,230503000000,'岭东区'),(639,230500000000,230505000000,'四方台区'),(640,230500000000,230506000000,'宝山区'),(641,230500000000,230521000000,'集贤县'),(642,230500000000,230522000000,'友谊县'),(643,230500000000,230523000000,'宝清县'),(644,230500000000,230524000000,'饶河县'),(645,230600000000,230602000000,'萨尔图区'),(646,230600000000,230603000000,'龙凤区'),(647,230600000000,230604000000,'让胡路区'),(648,230600000000,230605000000,'红岗区'),(649,230600000000,230606000000,'大同区'),(650,230600000000,230621000000,'肇州县'),(651,230600000000,230622000000,'肇源县'),(652,230600000000,230623000000,'林甸县'),(653,230600000000,230624000000,'杜尔伯特蒙古族自治县'),(654,230700000000,230702000000,'伊春区'),(655,230700000000,230703000000,'南岔区'),(656,230700000000,230704000000,'友好区'),(657,230700000000,230705000000,'西林区'),(658,230700000000,230706000000,'翠峦区'),(659,230700000000,230707000000,'新青区'),(660,230700000000,230708000000,'美溪区'),(661,230700000000,230709000000,'金山屯区'),(662,230700000000,230710000000,'五营区'),(663,230700000000,230711000000,'乌马河区'),(664,230700000000,230712000000,'汤旺河区'),(665,230700000000,230713000000,'带岭区'),(666,230700000000,230714000000,'乌伊岭区'),(667,230700000000,230715000000,'红星区'),(668,230700000000,230716000000,'上甘岭区'),(669,230700000000,230722000000,'嘉荫县'),(670,230700000000,230781000000,'铁力市'),(671,230800000000,230803000000,'向阳区'),(672,230800000000,230804000000,'前进区'),(673,230800000000,230805000000,'东风区'),(674,230800000000,230811000000,'郊区'),(675,230800000000,230822000000,'桦南县'),(676,230800000000,230826000000,'桦川县'),(677,230800000000,230828000000,'汤原县'),(678,230800000000,230833000000,'抚远县'),(679,230800000000,230881000000,'同江市'),(680,230800000000,230882000000,'富锦市'),(681,230900000000,230902000000,'新兴区'),(682,230900000000,230903000000,'桃山区'),(683,230900000000,230904000000,'茄子河区'),(684,230900000000,230921000000,'勃利县'),(685,231000000000,231002000000,'东安区'),(686,231000000000,231003000000,'阳明区'),(687,231000000000,231004000000,'爱民区'),(688,231000000000,231005000000,'西安区'),(689,231000000000,231024000000,'东宁县'),(690,231000000000,231025000000,'林口县'),(691,231000000000,231081000000,'绥芬河市'),(692,231000000000,231083000000,'海林市'),(693,231000000000,231084000000,'宁安市'),(694,231000000000,231085000000,'穆棱市'),(695,231100000000,231102000000,'爱辉区'),(696,231100000000,231121000000,'嫩江县'),(697,231100000000,231123000000,'逊克县'),(698,231100000000,231124000000,'孙吴县'),(699,231100000000,231181000000,'北安市'),(700,231100000000,231182000000,'五大连池市'),(701,231200000000,231202000000,'北林区'),(702,231200000000,231221000000,'望奎县'),(703,231200000000,231222000000,'兰西县'),(704,231200000000,231223000000,'青冈县'),(705,231200000000,231224000000,'庆安县'),(706,231200000000,231225000000,'明水县'),(707,231200000000,231226000000,'绥棱县'),(708,231200000000,231281000000,'安达市'),(709,231200000000,231282000000,'肇东市'),(710,231200000000,231283000000,'海伦市'),(711,232700000000,232721000000,'呼玛县'),(712,232700000000,232722000000,'塔河县'),(713,232700000000,232723000000,'漠河县'),(714,310100000000,310101000000,'黄浦区'),(715,310100000000,310104000000,'徐汇区'),(716,310100000000,310105000000,'长宁区'),(717,310100000000,310106000000,'静安区'),(718,310100000000,310107000000,'普陀区'),(719,310100000000,310108000000,'闸北区'),(720,310100000000,310109000000,'虹口区'),(721,310100000000,310110000000,'杨浦区'),(722,310100000000,310112000000,'闵行区'),(723,310100000000,310113000000,'宝山区'),(724,310100000000,310114000000,'嘉定区'),(725,310100000000,310115000000,'浦东新区'),(726,310100000000,310116000000,'金山区'),(727,310100000000,310117000000,'松江区'),(728,310100000000,310118000000,'青浦区'),(729,310100000000,310120000000,'奉贤区'),(730,310200000000,310230000000,'崇明县'),(731,320100000000,320102000000,'玄武区'),(732,320100000000,320104000000,'秦淮区'),(733,320100000000,320105000000,'建邺区'),(734,320100000000,320106000000,'鼓楼区'),(735,320100000000,320111000000,'浦口区'),(736,320100000000,320113000000,'栖霞区'),(737,320100000000,320114000000,'雨花台区'),(738,320100000000,320115000000,'江宁区'),(739,320100000000,320116000000,'六合区'),(740,320100000000,320117000000,'溧水区'),(741,320100000000,320118000000,'高淳区'),(742,320200000000,320202000000,'崇安区'),(743,320200000000,320203000000,'南长区'),(744,320200000000,320204000000,'北塘区'),(745,320200000000,320205000000,'锡山区'),(746,320200000000,320206000000,'惠山区'),(747,320200000000,320211000000,'滨湖区'),(748,320200000000,320281000000,'江阴市'),(749,320200000000,320282000000,'宜兴市'),(750,320300000000,320302000000,'鼓楼区'),(751,320300000000,320303000000,'云龙区'),(752,320300000000,320305000000,'贾汪区'),(753,320300000000,320311000000,'泉山区'),(754,320300000000,320312000000,'铜山区'),(755,320300000000,320321000000,'丰县'),(756,320300000000,320322000000,'沛县'),(757,320300000000,320324000000,'睢宁县'),(758,320300000000,320381000000,'新沂市'),(759,320300000000,320382000000,'邳州市'),(760,320400000000,320402000000,'天宁区'),(761,320400000000,320404000000,'钟楼区'),(762,320400000000,320405000000,'戚墅堰区'),(763,320400000000,320411000000,'新北区'),(764,320400000000,320412000000,'武进区'),(765,320400000000,320481000000,'溧阳市'),(766,320400000000,320482000000,'金坛市'),(767,320500000000,320505000000,'虎丘区'),(768,320500000000,320506000000,'吴中区'),(769,320500000000,320507000000,'相城区'),(770,320500000000,320508000000,'姑苏区'),(771,320500000000,320509000000,'吴江区'),(772,320500000000,320581000000,'常熟市'),(773,320500000000,320582000000,'张家港市'),(774,320500000000,320583000000,'昆山市'),(775,320500000000,320585000000,'太仓市'),(776,320600000000,320602000000,'崇川区'),(777,320600000000,320611000000,'港闸区'),(778,320600000000,320612000000,'通州区'),(779,320600000000,320621000000,'海安县'),(780,320600000000,320623000000,'如东县'),(781,320600000000,320681000000,'启东市'),(782,320600000000,320682000000,'如皋市'),(783,320600000000,320684000000,'海门市'),(784,320700000000,320703000000,'连云区'),(785,320700000000,320705000000,'新浦区'),(786,320700000000,320706000000,'海州区'),(787,320700000000,320721000000,'赣榆县'),(788,320700000000,320722000000,'东海县'),(789,320700000000,320723000000,'灌云县'),(790,320700000000,320724000000,'灌南县'),(791,320800000000,320802000000,'清河区'),(792,320800000000,320803000000,'淮安区'),(793,320800000000,320804000000,'淮阴区'),(794,320800000000,320811000000,'清浦区'),(795,320800000000,320826000000,'涟水县'),(796,320800000000,320829000000,'洪泽县'),(797,320800000000,320830000000,'盱眙县'),(798,320800000000,320831000000,'金湖县'),(799,320900000000,320902000000,'亭湖区'),(800,320900000000,320903000000,'盐都区'),(801,320900000000,320921000000,'响水县'),(802,320900000000,320922000000,'滨海县'),(803,320900000000,320923000000,'阜宁县'),(804,320900000000,320924000000,'射阳县'),(805,320900000000,320925000000,'建湖县'),(806,320900000000,320981000000,'东台市'),(807,320900000000,320982000000,'大丰市'),(808,321000000000,321002000000,'广陵区'),(809,321000000000,321003000000,'邗江区'),(810,321000000000,321012000000,'江都区'),(811,321000000000,321023000000,'宝应县'),(812,321000000000,321081000000,'仪征市'),(813,321000000000,321084000000,'高邮市'),(814,321100000000,321102000000,'京口区'),(815,321100000000,321111000000,'润州区'),(816,321100000000,321112000000,'丹徒区'),(817,321100000000,321181000000,'丹阳市'),(818,321100000000,321182000000,'扬中市'),(819,321100000000,321183000000,'句容市'),(820,321200000000,321202000000,'海陵区'),(821,321200000000,321203000000,'高港区'),(822,321200000000,321204000000,'姜堰区'),(823,321200000000,321281000000,'兴化市'),(824,321200000000,321282000000,'靖江市'),(825,321200000000,321283000000,'泰兴市'),(826,321300000000,321302000000,'宿城区'),(827,321300000000,321311000000,'宿豫区'),(828,321300000000,321322000000,'沭阳县'),(829,321300000000,321323000000,'泗阳县'),(830,321300000000,321324000000,'泗洪县'),(831,330100000000,330102000000,'上城区'),(832,330100000000,330103000000,'下城区'),(833,330100000000,330104000000,'江干区'),(834,330100000000,330105000000,'拱墅区'),(835,330100000000,330106000000,'西湖区'),(836,330100000000,330108000000,'滨江区'),(837,330100000000,330109000000,'萧山区'),(838,330100000000,330110000000,'余杭区'),(839,330100000000,330122000000,'桐庐县'),(840,330100000000,330127000000,'淳安县'),(841,330100000000,330182000000,'建德市'),(842,330100000000,330183000000,'富阳市'),(843,330100000000,330185000000,'临安市'),(844,330200000000,330203000000,'海曙区'),(845,330200000000,330204000000,'江东区'),(846,330200000000,330205000000,'江北区'),(847,330200000000,330206000000,'北仑区'),(848,330200000000,330211000000,'镇海区'),(849,330200000000,330212000000,'鄞州区'),(850,330200000000,330225000000,'象山县'),(851,330200000000,330226000000,'宁海县'),(852,330200000000,330281000000,'余姚市'),(853,330200000000,330282000000,'慈溪市'),(854,330200000000,330283000000,'奉化市'),(855,330300000000,330302000000,'鹿城区'),(856,330300000000,330303000000,'龙湾区'),(857,330300000000,330304000000,'瓯海区'),(858,330300000000,330322000000,'洞头县'),(859,330300000000,330324000000,'永嘉县'),(860,330300000000,330326000000,'平阳县'),(861,330300000000,330327000000,'苍南县'),(862,330300000000,330328000000,'文成县'),(863,330300000000,330329000000,'泰顺县'),(864,330300000000,330381000000,'瑞安市'),(865,330300000000,330382000000,'乐清市'),(866,330400000000,330402000000,'南湖区'),(867,330400000000,330411000000,'秀洲区'),(868,330400000000,330421000000,'嘉善县'),(869,330400000000,330424000000,'海盐县'),(870,330400000000,330481000000,'海宁市'),(871,330400000000,330482000000,'平湖市'),(872,330400000000,330483000000,'桐乡市'),(873,330500000000,330502000000,'吴兴区'),(874,330500000000,330503000000,'南浔区'),(875,330500000000,330521000000,'德清县'),(876,330500000000,330522000000,'长兴县'),(877,330500000000,330523000000,'安吉县'),(878,330600000000,330602000000,'越城区'),(879,330600000000,330621000000,'绍兴县'),(880,330600000000,330624000000,'新昌县'),(881,330600000000,330681000000,'诸暨市'),(882,330600000000,330682000000,'上虞市'),(883,330600000000,330683000000,'嵊州市'),(884,330700000000,330702000000,'婺城区'),(885,330700000000,330703000000,'金东区'),(886,330700000000,330723000000,'武义县'),(887,330700000000,330726000000,'浦江县'),(888,330700000000,330727000000,'磐安县'),(889,330700000000,330781000000,'兰溪市'),(890,330700000000,330782000000,'义乌市'),(891,330700000000,330783000000,'东阳市'),(892,330700000000,330784000000,'永康市'),(893,330800000000,330802000000,'柯城区'),(894,330800000000,330803000000,'衢江区'),(895,330800000000,330822000000,'常山县'),(896,330800000000,330824000000,'开化县'),(897,330800000000,330825000000,'龙游县'),(898,330800000000,330881000000,'江山市'),(899,330900000000,330902000000,'定海区'),(900,330900000000,330903000000,'普陀区'),(901,330900000000,330921000000,'岱山县'),(902,330900000000,330922000000,'嵊泗县'),(903,331000000000,331002000000,'椒江区'),(904,331000000000,331003000000,'黄岩区'),(905,331000000000,331004000000,'路桥区'),(906,331000000000,331021000000,'玉环县'),(907,331000000000,331022000000,'三门县'),(908,331000000000,331023000000,'天台县'),(909,331000000000,331024000000,'仙居县'),(910,331000000000,331081000000,'温岭市'),(911,331000000000,331082000000,'临海市'),(912,331100000000,331102000000,'莲都区'),(913,331100000000,331121000000,'青田县'),(914,331100000000,331122000000,'缙云县'),(915,331100000000,331123000000,'遂昌县'),(916,331100000000,331124000000,'松阳县'),(917,331100000000,331125000000,'云和县'),(918,331100000000,331126000000,'庆元县'),(919,331100000000,331127000000,'景宁畲族自治县'),(920,331100000000,331181000000,'龙泉市'),(921,340100000000,340102000000,'瑶海区'),(922,340100000000,340103000000,'庐阳区'),(923,340100000000,340104000000,'蜀山区'),(924,340100000000,340111000000,'包河区'),(925,340100000000,340121000000,'长丰县'),(926,340100000000,340122000000,'肥东县'),(927,340100000000,340123000000,'肥西县'),(928,340100000000,340124000000,'庐江县'),(929,340100000000,340181000000,'巢湖市'),(930,340200000000,340202000000,'镜湖区'),(931,340200000000,340203000000,'弋江区'),(932,340200000000,340207000000,'鸠江区'),(933,340200000000,340208000000,'三山区'),(934,340200000000,340221000000,'芜湖县'),(935,340200000000,340222000000,'繁昌县'),(936,340200000000,340223000000,'南陵县'),(937,340200000000,340225000000,'无为县'),(938,340300000000,340302000000,'龙子湖区'),(939,340300000000,340303000000,'蚌山区'),(940,340300000000,340304000000,'禹会区'),(941,340300000000,340311000000,'淮上区'),(942,340300000000,340321000000,'怀远县'),(943,340300000000,340322000000,'五河县'),(944,340300000000,340323000000,'固镇县'),(945,340400000000,340402000000,'大通区'),(946,340400000000,340403000000,'田家庵区'),(947,340400000000,340404000000,'谢家集区'),(948,340400000000,340405000000,'八公山区'),(949,340400000000,340406000000,'潘集区'),(950,340400000000,340421000000,'凤台县'),(951,340500000000,340503000000,'花山区'),(952,340500000000,340504000000,'雨山区'),(953,340500000000,340506000000,'博望区'),(954,340500000000,340521000000,'当涂县'),(955,340500000000,340522000000,'含山县'),(956,340500000000,340523000000,'和县'),(957,340600000000,340602000000,'杜集区'),(958,340600000000,340603000000,'相山区'),(959,340600000000,340604000000,'烈山区'),(960,340600000000,340621000000,'濉溪县'),(961,340700000000,340702000000,'铜官山区'),(962,340700000000,340703000000,'狮子山区'),(963,340700000000,340711000000,'郊区'),(964,340700000000,340721000000,'铜陵县'),(965,340800000000,340802000000,'迎江区'),(966,340800000000,340803000000,'大观区'),(967,340800000000,340811000000,'宜秀区'),(968,340800000000,340822000000,'怀宁县'),(969,340800000000,340823000000,'枞阳县'),(970,340800000000,340824000000,'潜山县'),(971,340800000000,340825000000,'太湖县'),(972,340800000000,340826000000,'宿松县'),(973,340800000000,340827000000,'望江县'),(974,340800000000,340828000000,'岳西县'),(975,340800000000,340881000000,'桐城市'),(976,341000000000,341002000000,'屯溪区'),(977,341000000000,341003000000,'黄山区'),(978,341000000000,341004000000,'徽州区'),(979,341000000000,341021000000,'歙县'),(980,341000000000,341022000000,'休宁县'),(981,341000000000,341023000000,'黟县'),(982,341000000000,341024000000,'祁门县'),(983,341100000000,341102000000,'琅琊区'),(984,341100000000,341103000000,'南谯区'),(985,341100000000,341122000000,'来安县'),(986,341100000000,341124000000,'全椒县'),(987,341100000000,341125000000,'定远县'),(988,341100000000,341126000000,'凤阳县'),(989,341100000000,341181000000,'天长市'),(990,341100000000,341182000000,'明光市'),(991,341200000000,341202000000,'颍州区'),(992,341200000000,341203000000,'颍东区'),(993,341200000000,341204000000,'颍泉区'),(994,341200000000,341221000000,'临泉县'),(995,341200000000,341222000000,'太和县'),(996,341200000000,341225000000,'阜南县'),(997,341200000000,341226000000,'颍上县'),(998,341200000000,341282000000,'界首市'),(999,341300000000,341302000000,'埇桥区'),(1000,341300000000,341321000000,'砀山县'),(1001,341300000000,341322000000,'萧县'),(1002,341300000000,341323000000,'灵璧县'),(1003,341300000000,341324000000,'泗县'),(1004,341500000000,341502000000,'金安区'),(1005,341500000000,341503000000,'裕安区'),(1006,341500000000,341521000000,'寿县'),(1007,341500000000,341522000000,'霍邱县'),(1008,341500000000,341523000000,'舒城县'),(1009,341500000000,341524000000,'金寨县'),(1010,341500000000,341525000000,'霍山县'),(1011,341600000000,341602000000,'谯城区'),(1012,341600000000,341621000000,'涡阳县'),(1013,341600000000,341622000000,'蒙城县'),(1014,341600000000,341623000000,'利辛县'),(1015,341700000000,341702000000,'贵池区'),(1016,341700000000,341721000000,'东至县'),(1017,341700000000,341722000000,'石台县'),(1018,341700000000,341723000000,'青阳县'),(1019,341800000000,341802000000,'宣州区'),(1020,341800000000,341821000000,'郎溪县'),(1021,341800000000,341822000000,'广德县'),(1022,341800000000,341823000000,'泾县'),(1023,341800000000,341824000000,'绩溪县'),(1024,341800000000,341825000000,'旌德县'),(1025,341800000000,341881000000,'宁国市'),(1026,350100000000,350102000000,'鼓楼区'),(1027,350100000000,350103000000,'台江区'),(1028,350100000000,350104000000,'仓山区'),(1029,350100000000,350105000000,'马尾区'),(1030,350100000000,350111000000,'晋安区'),(1031,350100000000,350121000000,'闽侯县'),(1032,350100000000,350122000000,'连江县'),(1033,350100000000,350123000000,'罗源县'),(1034,350100000000,350124000000,'闽清县'),(1035,350100000000,350125000000,'永泰县'),(1036,350100000000,350128000000,'平潭县'),(1037,350100000000,350181000000,'福清市'),(1038,350100000000,350182000000,'长乐市'),(1039,350200000000,350203000000,'思明区'),(1040,350200000000,350205000000,'海沧区'),(1041,350200000000,350206000000,'湖里区'),(1042,350200000000,350211000000,'集美区'),(1043,350200000000,350212000000,'同安区'),(1044,350200000000,350213000000,'翔安区'),(1045,350300000000,350302000000,'城厢区'),(1046,350300000000,350303000000,'涵江区'),(1047,350300000000,350304000000,'荔城区'),(1048,350300000000,350305000000,'秀屿区'),(1049,350300000000,350322000000,'仙游县'),(1050,350400000000,350402000000,'梅列区'),(1051,350400000000,350403000000,'三元区'),(1052,350400000000,350421000000,'明溪县'),(1053,350400000000,350423000000,'清流县'),(1054,350400000000,350424000000,'宁化县'),(1055,350400000000,350425000000,'大田县'),(1056,350400000000,350426000000,'尤溪县'),(1057,350400000000,350427000000,'沙县'),(1058,350400000000,350428000000,'将乐县'),(1059,350400000000,350429000000,'泰宁县'),(1060,350400000000,350430000000,'建宁县'),(1061,350400000000,350481000000,'永安市'),(1062,350500000000,350502000000,'鲤城区'),(1063,350500000000,350503000000,'丰泽区'),(1064,350500000000,350504000000,'洛江区'),(1065,350500000000,350505000000,'泉港区'),(1066,350500000000,350521000000,'惠安县'),(1067,350500000000,350524000000,'安溪县'),(1068,350500000000,350525000000,'永春县'),(1069,350500000000,350526000000,'德化县'),(1070,350500000000,350581000000,'石狮市'),(1071,350500000000,350582000000,'晋江市'),(1072,350500000000,350583000000,'南安市'),(1073,350600000000,350602000000,'芗城区'),(1074,350600000000,350603000000,'龙文区'),(1075,350600000000,350622000000,'云霄县'),(1076,350600000000,350623000000,'漳浦县'),(1077,350600000000,350624000000,'诏安县'),(1078,350600000000,350625000000,'长泰县'),(1079,350600000000,350626000000,'东山县'),(1080,350600000000,350627000000,'南靖县'),(1081,350600000000,350628000000,'平和县'),(1082,350600000000,350629000000,'华安县'),(1083,350600000000,350681000000,'龙海市'),(1084,350700000000,350702000000,'延平区'),(1085,350700000000,350721000000,'顺昌县'),(1086,350700000000,350722000000,'浦城县'),(1087,350700000000,350723000000,'光泽县'),(1088,350700000000,350724000000,'松溪县'),(1089,350700000000,350725000000,'政和县'),(1090,350700000000,350781000000,'邵武市'),(1091,350700000000,350782000000,'武夷山市'),(1092,350700000000,350783000000,'建瓯市'),(1093,350700000000,350784000000,'建阳市'),(1094,350800000000,350802000000,'新罗区'),(1095,350800000000,350821000000,'长汀县'),(1096,350800000000,350822000000,'永定县'),(1097,350800000000,350823000000,'上杭县'),(1098,350800000000,350824000000,'武平县'),(1099,350800000000,350825000000,'连城县'),(1100,350800000000,350881000000,'漳平市'),(1101,350900000000,350902000000,'蕉城区'),(1102,350900000000,350921000000,'霞浦县'),(1103,350900000000,350922000000,'古田县'),(1104,350900000000,350923000000,'屏南县'),(1105,350900000000,350924000000,'寿宁县'),(1106,350900000000,350925000000,'周宁县'),(1107,350900000000,350926000000,'柘荣县'),(1108,350900000000,350981000000,'福安市'),(1109,350900000000,350982000000,'福鼎市'),(1110,360100000000,360102000000,'东湖区'),(1111,360100000000,360103000000,'西湖区'),(1112,360100000000,360104000000,'青云谱区'),(1113,360100000000,360105000000,'湾里区'),(1114,360100000000,360111000000,'青山湖区'),(1115,360100000000,360121000000,'南昌县'),(1116,360100000000,360122000000,'新建县'),(1117,360100000000,360123000000,'安义县'),(1118,360100000000,360124000000,'进贤县'),(1119,360200000000,360202000000,'昌江区'),(1120,360200000000,360203000000,'珠山区'),(1121,360200000000,360222000000,'浮梁县'),(1122,360200000000,360281000000,'乐平市'),(1123,360300000000,360302000000,'安源区'),(1124,360300000000,360313000000,'湘东区'),(1125,360300000000,360321000000,'莲花县'),(1126,360300000000,360322000000,'上栗县'),(1127,360300000000,360323000000,'芦溪县'),(1128,360400000000,360402000000,'庐山区'),(1129,360400000000,360403000000,'浔阳区'),(1130,360400000000,360421000000,'九江县'),(1131,360400000000,360423000000,'武宁县'),(1132,360400000000,360424000000,'修水县'),(1133,360400000000,360425000000,'永修县'),(1134,360400000000,360426000000,'德安县'),(1135,360400000000,360427000000,'星子县'),(1136,360400000000,360428000000,'都昌县'),(1137,360400000000,360429000000,'湖口县'),(1138,360400000000,360430000000,'彭泽县'),(1139,360400000000,360481000000,'瑞昌市'),(1140,360400000000,360482000000,'共青城市'),(1141,360500000000,360502000000,'渝水区'),(1142,360500000000,360521000000,'分宜县'),(1143,360600000000,360602000000,'月湖区'),(1144,360600000000,360622000000,'余江县'),(1145,360600000000,360681000000,'贵溪市'),(1146,360700000000,360702000000,'章贡区'),(1147,360700000000,360721000000,'赣县'),(1148,360700000000,360722000000,'信丰县'),(1149,360700000000,360723000000,'大余县'),(1150,360700000000,360724000000,'上犹县'),(1151,360700000000,360725000000,'崇义县'),(1152,360700000000,360726000000,'安远县'),(1153,360700000000,360727000000,'龙南县'),(1154,360700000000,360728000000,'定南县'),(1155,360700000000,360729000000,'全南县'),(1156,360700000000,360730000000,'宁都县'),(1157,360700000000,360731000000,'于都县'),(1158,360700000000,360732000000,'兴国县'),(1159,360700000000,360733000000,'会昌县'),(1160,360700000000,360734000000,'寻乌县'),(1161,360700000000,360735000000,'石城县'),(1162,360700000000,360781000000,'瑞金市'),(1163,360700000000,360782000000,'南康市'),(1164,360800000000,360802000000,'吉州区'),(1165,360800000000,360803000000,'青原区'),(1166,360800000000,360821000000,'吉安县'),(1167,360800000000,360822000000,'吉水县'),(1168,360800000000,360823000000,'峡江县'),(1169,360800000000,360824000000,'新干县'),(1170,360800000000,360825000000,'永丰县'),(1171,360800000000,360826000000,'泰和县'),(1172,360800000000,360827000000,'遂川县'),(1173,360800000000,360828000000,'万安县'),(1174,360800000000,360829000000,'安福县'),(1175,360800000000,360830000000,'永新县'),(1176,360800000000,360881000000,'井冈山市'),(1177,360900000000,360902000000,'袁州区'),(1178,360900000000,360921000000,'奉新县'),(1179,360900000000,360922000000,'万载县'),(1180,360900000000,360923000000,'上高县'),(1181,360900000000,360924000000,'宜丰县'),(1182,360900000000,360925000000,'靖安县'),(1183,360900000000,360926000000,'铜鼓县'),(1184,360900000000,360981000000,'丰城市'),(1185,360900000000,360982000000,'樟树市'),(1186,360900000000,360983000000,'高安市'),(1187,361000000000,361002000000,'临川区'),(1188,361000000000,361021000000,'南城县'),(1189,361000000000,361022000000,'黎川县'),(1190,361000000000,361023000000,'南丰县'),(1191,361000000000,361024000000,'崇仁县'),(1192,361000000000,361025000000,'乐安县'),(1193,361000000000,361026000000,'宜黄县'),(1194,361000000000,361027000000,'金溪县'),(1195,361000000000,361028000000,'资溪县'),(1196,361000000000,361029000000,'东乡县'),(1197,361000000000,361030000000,'广昌县'),(1198,361100000000,361102000000,'信州区'),(1199,361100000000,361121000000,'上饶县'),(1200,361100000000,361122000000,'广丰县'),(1201,361100000000,361123000000,'玉山县'),(1202,361100000000,361124000000,'铅山县'),(1203,361100000000,361125000000,'横峰县'),(1204,361100000000,361126000000,'弋阳县'),(1205,361100000000,361127000000,'余干县'),(1206,361100000000,361128000000,'鄱阳县'),(1207,361100000000,361129000000,'万年县'),(1208,361100000000,361130000000,'婺源县'),(1209,361100000000,361181000000,'德兴市'),(1210,370100000000,370102000000,'历下区'),(1211,370100000000,370103000000,'市中区'),(1212,370100000000,370104000000,'槐荫区'),(1213,370100000000,370105000000,'天桥区'),(1214,370100000000,370112000000,'历城区'),(1215,370100000000,370113000000,'长清区'),(1216,370100000000,370124000000,'平阴县'),(1217,370100000000,370125000000,'济阳县'),(1218,370100000000,370126000000,'商河县'),(1219,370100000000,370181000000,'章丘市'),(1220,370200000000,370202000000,'市南区'),(1221,370200000000,370203000000,'市北区'),(1222,370200000000,370211000000,'黄岛区'),(1223,370200000000,370212000000,'崂山区'),(1224,370200000000,370213000000,'李沧区'),(1225,370200000000,370214000000,'城阳区'),(1226,370200000000,370281000000,'胶州市'),(1227,370200000000,370282000000,'即墨市'),(1228,370200000000,370283000000,'平度市'),(1229,370200000000,370285000000,'莱西市'),(1230,370300000000,370302000000,'淄川区'),(1231,370300000000,370303000000,'张店区'),(1232,370300000000,370304000000,'博山区'),(1233,370300000000,370305000000,'临淄区'),(1234,370300000000,370306000000,'周村区'),(1235,370300000000,370321000000,'桓台县'),(1236,370300000000,370322000000,'高青县'),(1237,370300000000,370323000000,'沂源县'),(1238,370400000000,370402000000,'市中区'),(1239,370400000000,370403000000,'薛城区'),(1240,370400000000,370404000000,'峄城区'),(1241,370400000000,370405000000,'台儿庄区'),(1242,370400000000,370406000000,'山亭区'),(1243,370400000000,370481000000,'滕州市'),(1244,370500000000,370502000000,'东营区'),(1245,370500000000,370503000000,'河口区'),(1246,370500000000,370521000000,'垦利县'),(1247,370500000000,370522000000,'利津县'),(1248,370500000000,370523000000,'广饶县'),(1249,370600000000,370602000000,'芝罘区'),(1250,370600000000,370611000000,'福山区'),(1251,370600000000,370612000000,'牟平区'),(1252,370600000000,370613000000,'莱山区'),(1253,370600000000,370634000000,'长岛县'),(1254,370600000000,370681000000,'龙口市'),(1255,370600000000,370682000000,'莱阳市'),(1256,370600000000,370683000000,'莱州市'),(1257,370600000000,370684000000,'蓬莱市'),(1258,370600000000,370685000000,'招远市'),(1259,370600000000,370686000000,'栖霞市'),(1260,370600000000,370687000000,'海阳市'),(1261,370700000000,370702000000,'潍城区'),(1262,370700000000,370703000000,'寒亭区'),(1263,370700000000,370704000000,'坊子区'),(1264,370700000000,370705000000,'奎文区'),(1265,370700000000,370724000000,'临朐县'),(1266,370700000000,370725000000,'昌乐县'),(1267,370700000000,370781000000,'青州市'),(1268,370700000000,370782000000,'诸城市'),(1269,370700000000,370783000000,'寿光市'),(1270,370700000000,370784000000,'安丘市'),(1271,370700000000,370785000000,'高密市'),(1272,370700000000,370786000000,'昌邑市'),(1273,370800000000,370802000000,'市中区'),(1274,370800000000,370811000000,'任城区'),(1275,370800000000,370826000000,'微山县'),(1276,370800000000,370827000000,'鱼台县'),(1277,370800000000,370828000000,'金乡县'),(1278,370800000000,370829000000,'嘉祥县'),(1279,370800000000,370830000000,'汶上县'),(1280,370800000000,370831000000,'泗水县'),(1281,370800000000,370832000000,'梁山县'),(1282,370800000000,370881000000,'曲阜市'),(1283,370800000000,370882000000,'兖州市'),(1284,370800000000,370883000000,'邹城市'),(1285,370900000000,370902000000,'泰山区'),(1286,370900000000,370911000000,'岱岳区'),(1287,370900000000,370921000000,'宁阳县'),(1288,370900000000,370923000000,'东平县'),(1289,370900000000,370982000000,'新泰市'),(1290,370900000000,370983000000,'肥城市'),(1291,371000000000,371002000000,'环翠区'),(1292,371000000000,371081000000,'文登市'),(1293,371000000000,371082000000,'荣成市'),(1294,371000000000,371083000000,'乳山市'),(1295,371100000000,371102000000,'东港区'),(1296,371100000000,371103000000,'岚山区'),(1297,371100000000,371121000000,'五莲县'),(1298,371100000000,371122000000,'莒县'),(1299,371200000000,371202000000,'莱城区'),(1300,371200000000,371203000000,'钢城区'),(1301,371300000000,371302000000,'兰山区'),(1302,371300000000,371311000000,'罗庄区'),(1303,371300000000,371312000000,'河东区'),(1304,371300000000,371321000000,'沂南县'),(1305,371300000000,371322000000,'郯城县'),(1306,371300000000,371323000000,'沂水县'),(1307,371300000000,371324000000,'苍山县'),(1308,371300000000,371325000000,'费县'),(1309,371300000000,371326000000,'平邑县'),(1310,371300000000,371327000000,'莒南县'),(1311,371300000000,371328000000,'蒙阴县'),(1312,371300000000,371329000000,'临沭县'),(1313,371400000000,371402000000,'德城区'),(1314,371400000000,371421000000,'陵县'),(1315,371400000000,371422000000,'宁津县'),(1316,371400000000,371423000000,'庆云县'),(1317,371400000000,371424000000,'临邑县'),(1318,371400000000,371425000000,'齐河县'),(1319,371400000000,371426000000,'平原县'),(1320,371400000000,371427000000,'夏津县'),(1321,371400000000,371428000000,'武城县'),(1322,371400000000,371481000000,'乐陵市'),(1323,371400000000,371482000000,'禹城市'),(1324,371500000000,371502000000,'东昌府区'),(1325,371500000000,371521000000,'阳谷县'),(1326,371500000000,371522000000,'莘县'),(1327,371500000000,371523000000,'茌平县'),(1328,371500000000,371524000000,'东阿县'),(1329,371500000000,371525000000,'冠县'),(1330,371500000000,371526000000,'高唐县'),(1331,371500000000,371581000000,'临清市'),(1332,371600000000,371602000000,'滨城区'),(1333,371600000000,371621000000,'惠民县'),(1334,371600000000,371622000000,'阳信县'),(1335,371600000000,371623000000,'无棣县'),(1336,371600000000,371624000000,'沾化县'),(1337,371600000000,371625000000,'博兴县'),(1338,371600000000,371626000000,'邹平县'),(1339,371700000000,371702000000,'牡丹区'),(1340,371700000000,371721000000,'曹县'),(1341,371700000000,371722000000,'单县'),(1342,371700000000,371723000000,'成武县'),(1343,371700000000,371724000000,'巨野县'),(1344,371700000000,371725000000,'郓城县'),(1345,371700000000,371726000000,'鄄城县'),(1346,371700000000,371727000000,'定陶县'),(1347,371700000000,371728000000,'东明县'),(1348,410100000000,410102000000,'中原区'),(1349,410100000000,410103000000,'二七区'),(1350,410100000000,410104000000,'管城回族区'),(1351,410100000000,410105000000,'金水区'),(1352,410100000000,410106000000,'上街区'),(1353,410100000000,410108000000,'惠济区'),(1354,410100000000,410122000000,'中牟县'),(1355,410100000000,410181000000,'巩义市'),(1356,410100000000,410182000000,'荥阳市'),(1357,410100000000,410183000000,'新密市'),(1358,410100000000,410184000000,'新郑市'),(1359,410100000000,410185000000,'登封市'),(1360,410200000000,410202000000,'龙亭区'),(1361,410200000000,410203000000,'顺河回族区'),(1362,410200000000,410204000000,'鼓楼区'),(1363,410200000000,410205000000,'禹王台区'),(1364,410200000000,410211000000,'金明区'),(1365,410200000000,410221000000,'杞县'),(1366,410200000000,410222000000,'通许县'),(1367,410200000000,410223000000,'尉氏县'),(1368,410200000000,410224000000,'开封县'),(1369,410200000000,410225000000,'兰考县'),(1370,410300000000,410302000000,'老城区'),(1371,410300000000,410303000000,'西工区'),(1372,410300000000,410304000000,'瀍河回族区'),(1373,410300000000,410305000000,'涧西区'),(1374,410300000000,410306000000,'吉利区'),(1375,410300000000,410311000000,'洛龙区'),(1376,410300000000,410322000000,'孟津县'),(1377,410300000000,410323000000,'新安县'),(1378,410300000000,410324000000,'栾川县'),(1379,410300000000,410325000000,'嵩县'),(1380,410300000000,410326000000,'汝阳县'),(1381,410300000000,410327000000,'宜阳县'),(1382,410300000000,410328000000,'洛宁县'),(1383,410300000000,410329000000,'伊川县'),(1384,410300000000,410381000000,'偃师市'),(1385,410400000000,410402000000,'新华区'),(1386,410400000000,410403000000,'卫东区'),(1387,410400000000,410404000000,'石龙区'),(1388,410400000000,410411000000,'湛河区'),(1389,410400000000,410421000000,'宝丰县'),(1390,410400000000,410422000000,'叶县'),(1391,410400000000,410423000000,'鲁山县'),(1392,410400000000,410425000000,'郏县'),(1393,410400000000,410481000000,'舞钢市'),(1394,410400000000,410482000000,'汝州市'),(1395,410500000000,410502000000,'文峰区'),(1396,410500000000,410503000000,'北关区'),(1397,410500000000,410505000000,'殷都区'),(1398,410500000000,410506000000,'龙安区'),(1399,410500000000,410522000000,'安阳县'),(1400,410500000000,410523000000,'汤阴县'),(1401,410500000000,410526000000,'滑县'),(1402,410500000000,410527000000,'内黄县'),(1403,410500000000,410581000000,'林州市'),(1404,410600000000,410602000000,'鹤山区'),(1405,410600000000,410603000000,'山城区'),(1406,410600000000,410611000000,'淇滨区'),(1407,410600000000,410621000000,'浚县'),(1408,410600000000,410622000000,'淇县'),(1409,410700000000,410702000000,'红旗区'),(1410,410700000000,410703000000,'卫滨区'),(1411,410700000000,410704000000,'凤泉区'),(1412,410700000000,410711000000,'牧野区'),(1413,410700000000,410721000000,'新乡县'),(1414,410700000000,410724000000,'获嘉县'),(1415,410700000000,410725000000,'原阳县'),(1416,410700000000,410726000000,'延津县'),(1417,410700000000,410727000000,'封丘县'),(1418,410700000000,410728000000,'长垣县'),(1419,410700000000,410781000000,'卫辉市'),(1420,410700000000,410782000000,'辉县市'),(1421,410800000000,410802000000,'解放区'),(1422,410800000000,410803000000,'中站区'),(1423,410800000000,410804000000,'马村区'),(1424,410800000000,410811000000,'山阳区'),(1425,410800000000,410821000000,'修武县'),(1426,410800000000,410822000000,'博爱县'),(1427,410800000000,410823000000,'武陟县'),(1428,410800000000,410825000000,'温县'),(1429,410800000000,410882000000,'沁阳市'),(1430,410800000000,410883000000,'孟州市'),(1431,410900000000,410902000000,'华龙区'),(1432,410900000000,410922000000,'清丰县'),(1433,410900000000,410923000000,'南乐县'),(1434,410900000000,410926000000,'范县'),(1435,410900000000,410927000000,'台前县'),(1436,410900000000,410928000000,'濮阳县'),(1437,411000000000,411002000000,'魏都区'),(1438,411000000000,411023000000,'许昌县'),(1439,411000000000,411024000000,'鄢陵县'),(1440,411000000000,411025000000,'襄城县'),(1441,411000000000,411081000000,'禹州市'),(1442,411000000000,411082000000,'长葛市'),(1443,411100000000,411102000000,'源汇区'),(1444,411100000000,411103000000,'郾城区'),(1445,411100000000,411104000000,'召陵区'),(1446,411100000000,411121000000,'舞阳县'),(1447,411100000000,411122000000,'临颍县'),(1448,411200000000,411202000000,'湖滨区'),(1449,411200000000,411221000000,'渑池县'),(1450,411200000000,411222000000,'陕县'),(1451,411200000000,411224000000,'卢氏县'),(1452,411200000000,411281000000,'义马市'),(1453,411200000000,411282000000,'灵宝市'),(1454,411300000000,411302000000,'宛城区'),(1455,411300000000,411303000000,'卧龙区'),(1456,411300000000,411321000000,'南召县'),(1457,411300000000,411322000000,'方城县'),(1458,411300000000,411323000000,'西峡县'),(1459,411300000000,411324000000,'镇平县'),(1460,411300000000,411325000000,'内乡县'),(1461,411300000000,411326000000,'淅川县'),(1462,411300000000,411327000000,'社旗县'),(1463,411300000000,411328000000,'唐河县'),(1464,411300000000,411329000000,'新野县'),(1465,411300000000,411330000000,'桐柏县'),(1466,411300000000,411381000000,'邓州市'),(1467,411400000000,411402000000,'梁园区'),(1468,411400000000,411403000000,'睢阳区'),(1469,411400000000,411421000000,'民权县'),(1470,411400000000,411422000000,'睢县'),(1471,411400000000,411423000000,'宁陵县'),(1472,411400000000,411424000000,'柘城县'),(1473,411400000000,411425000000,'虞城县'),(1474,411400000000,411426000000,'夏邑县'),(1475,411400000000,411481000000,'永城市'),(1476,411500000000,411502000000,'浉河区'),(1477,411500000000,411503000000,'平桥区'),(1478,411500000000,411521000000,'罗山县'),(1479,411500000000,411522000000,'光山县'),(1480,411500000000,411523000000,'新县'),(1481,411500000000,411524000000,'商城县'),(1482,411500000000,411525000000,'固始县'),(1483,411500000000,411526000000,'潢川县'),(1484,411500000000,411527000000,'淮滨县'),(1485,411500000000,411528000000,'息县'),(1486,411600000000,411602000000,'川汇区'),(1487,411600000000,411621000000,'扶沟县'),(1488,411600000000,411622000000,'西华县'),(1489,411600000000,411623000000,'商水县'),(1490,411600000000,411624000000,'沈丘县'),(1491,411600000000,411625000000,'郸城县'),(1492,411600000000,411626000000,'淮阳县'),(1493,411600000000,411627000000,'太康县'),(1494,411600000000,411628000000,'鹿邑县'),(1495,411600000000,411681000000,'项城市'),(1496,411700000000,411702000000,'驿城区'),(1497,411700000000,411721000000,'西平县'),(1498,411700000000,411722000000,'上蔡县'),(1499,411700000000,411723000000,'平舆县'),(1500,411700000000,411724000000,'正阳县'),(1501,411700000000,411725000000,'确山县'),(1502,411700000000,411726000000,'泌阳县'),(1503,411700000000,411727000000,'汝南县'),(1504,411700000000,411728000000,'遂平县'),(1505,411700000000,411729000000,'新蔡县'),(1506,419000000000,419001000000,'济源市'),(1507,420100000000,420102000000,'江岸区'),(1508,420100000000,420103000000,'江汉区'),(1509,420100000000,420104000000,'硚口区'),(1510,420100000000,420105000000,'汉阳区'),(1511,420100000000,420106000000,'武昌区'),(1512,420100000000,420107000000,'青山区'),(1513,420100000000,420111000000,'洪山区'),(1514,420100000000,420112000000,'东西湖区'),(1515,420100000000,420113000000,'汉南区'),(1516,420100000000,420114000000,'蔡甸区'),(1517,420100000000,420115000000,'江夏区'),(1518,420100000000,420116000000,'黄陂区'),(1519,420100000000,420117000000,'新洲区'),(1520,420200000000,420202000000,'黄石港区'),(1521,420200000000,420203000000,'西塞山区'),(1522,420200000000,420204000000,'下陆区'),(1523,420200000000,420205000000,'铁山区'),(1524,420200000000,420222000000,'阳新县'),(1525,420200000000,420281000000,'大冶市'),(1526,420300000000,420302000000,'茅箭区'),(1527,420300000000,420303000000,'张湾区'),(1528,420300000000,420321000000,'郧县'),(1529,420300000000,420322000000,'郧西县'),(1530,420300000000,420323000000,'竹山县'),(1531,420300000000,420324000000,'竹溪县'),(1532,420300000000,420325000000,'房县'),(1533,420300000000,420381000000,'丹江口市'),(1534,420500000000,420502000000,'西陵区'),(1535,420500000000,420503000000,'伍家岗区'),(1536,420500000000,420504000000,'点军区'),(1537,420500000000,420505000000,'猇亭区'),(1538,420500000000,420506000000,'夷陵区'),(1539,420500000000,420525000000,'远安县'),(1540,420500000000,420526000000,'兴山县'),(1541,420500000000,420527000000,'秭归县'),(1542,420500000000,420528000000,'长阳土家族自治县'),(1543,420500000000,420529000000,'五峰土家族自治县'),(1544,420500000000,420581000000,'宜都市'),(1545,420500000000,420582000000,'当阳市'),(1546,420500000000,420583000000,'枝江市'),(1547,420600000000,420602000000,'襄城区'),(1548,420600000000,420606000000,'樊城区'),(1549,420600000000,420607000000,'襄州区'),(1550,420600000000,420624000000,'南漳县'),(1551,420600000000,420625000000,'谷城县'),(1552,420600000000,420626000000,'保康县'),(1553,420600000000,420682000000,'老河口市'),(1554,420600000000,420683000000,'枣阳市'),(1555,420600000000,420684000000,'宜城市'),(1556,420700000000,420702000000,'梁子湖区'),(1557,420700000000,420703000000,'华容区'),(1558,420700000000,420704000000,'鄂城区'),(1559,420800000000,420802000000,'东宝区'),(1560,420800000000,420804000000,'掇刀区'),(1561,420800000000,420821000000,'京山县'),(1562,420800000000,420822000000,'沙洋县'),(1563,420800000000,420881000000,'钟祥市'),(1564,420900000000,420902000000,'孝南区'),(1565,420900000000,420921000000,'孝昌县'),(1566,420900000000,420922000000,'大悟县'),(1567,420900000000,420923000000,'云梦县'),(1568,420900000000,420981000000,'应城市'),(1569,420900000000,420982000000,'安陆市'),(1570,420900000000,420984000000,'汉川市'),(1571,421000000000,421002000000,'沙市区'),(1572,421000000000,421003000000,'荆州区'),(1573,421000000000,421022000000,'公安县'),(1574,421000000000,421023000000,'监利县'),(1575,421000000000,421024000000,'江陵县'),(1576,421000000000,421081000000,'石首市'),(1577,421000000000,421083000000,'洪湖市'),(1578,421000000000,421087000000,'松滋市'),(1579,421100000000,421102000000,'黄州区'),(1580,421100000000,421121000000,'团风县'),(1581,421100000000,421122000000,'红安县'),(1582,421100000000,421123000000,'罗田县'),(1583,421100000000,421124000000,'英山县'),(1584,421100000000,421125000000,'浠水县'),(1585,421100000000,421126000000,'蕲春县'),(1586,421100000000,421127000000,'黄梅县'),(1587,421100000000,421181000000,'麻城市'),(1588,421100000000,421182000000,'武穴市'),(1589,421200000000,421202000000,'咸安区'),(1590,421200000000,421221000000,'嘉鱼县'),(1591,421200000000,421222000000,'通城县'),(1592,421200000000,421223000000,'崇阳县'),(1593,421200000000,421224000000,'通山县'),(1594,421200000000,421281000000,'赤壁市'),(1595,421300000000,421303000000,'曾都区'),(1596,421300000000,421321000000,'随县'),(1597,421300000000,421381000000,'广水市'),(1598,422800000000,422801000000,'恩施市'),(1599,422800000000,422802000000,'利川市'),(1600,422800000000,422822000000,'建始县'),(1601,422800000000,422823000000,'巴东县'),(1602,422800000000,422825000000,'宣恩县'),(1603,422800000000,422826000000,'咸丰县'),(1604,422800000000,422827000000,'来凤县'),(1605,422800000000,422828000000,'鹤峰县'),(1606,429000000000,429004000000,'仙桃市'),(1607,429000000000,429005000000,'潜江市'),(1608,429000000000,429006000000,'天门市'),(1609,429000000000,429021000000,'神农架林区'),(1610,430100000000,430102000000,'芙蓉区'),(1611,430100000000,430103000000,'天心区'),(1612,430100000000,430104000000,'岳麓区'),(1613,430100000000,430105000000,'开福区'),(1614,430100000000,430111000000,'雨花区'),(1615,430100000000,430112000000,'望城区'),(1616,430100000000,430121000000,'长沙县'),(1617,430100000000,430124000000,'宁乡县'),(1618,430100000000,430181000000,'浏阳市'),(1619,430200000000,430202000000,'荷塘区'),(1620,430200000000,430203000000,'芦淞区'),(1621,430200000000,430204000000,'石峰区'),(1622,430200000000,430211000000,'天元区'),(1623,430200000000,430221000000,'株洲县'),(1624,430200000000,430223000000,'攸县'),(1625,430200000000,430224000000,'茶陵县'),(1626,430200000000,430225000000,'炎陵县'),(1627,430200000000,430281000000,'醴陵市'),(1628,430300000000,430302000000,'雨湖区'),(1629,430300000000,430304000000,'岳塘区'),(1630,430300000000,430321000000,'湘潭县'),(1631,430300000000,430381000000,'湘乡市'),(1632,430300000000,430382000000,'韶山市'),(1633,430400000000,430405000000,'珠晖区'),(1634,430400000000,430406000000,'雁峰区'),(1635,430400000000,430407000000,'石鼓区'),(1636,430400000000,430408000000,'蒸湘区'),(1637,430400000000,430412000000,'南岳区'),(1638,430400000000,430421000000,'衡阳县'),(1639,430400000000,430422000000,'衡南县'),(1640,430400000000,430423000000,'衡山县'),(1641,430400000000,430424000000,'衡东县'),(1642,430400000000,430426000000,'祁东县'),(1643,430400000000,430481000000,'耒阳市'),(1644,430400000000,430482000000,'常宁市'),(1645,430500000000,430502000000,'双清区'),(1646,430500000000,430503000000,'大祥区'),(1647,430500000000,430511000000,'北塔区'),(1648,430500000000,430521000000,'邵东县'),(1649,430500000000,430522000000,'新邵县'),(1650,430500000000,430523000000,'邵阳县'),(1651,430500000000,430524000000,'隆回县'),(1652,430500000000,430525000000,'洞口县'),(1653,430500000000,430527000000,'绥宁县'),(1654,430500000000,430528000000,'新宁县'),(1655,430500000000,430529000000,'城步苗族自治县'),(1656,430500000000,430581000000,'武冈市'),(1657,430600000000,430602000000,'岳阳楼区'),(1658,430600000000,430603000000,'云溪区'),(1659,430600000000,430611000000,'君山区'),(1660,430600000000,430621000000,'岳阳县'),(1661,430600000000,430623000000,'华容县'),(1662,430600000000,430624000000,'湘阴县'),(1663,430600000000,430626000000,'平江县'),(1664,430600000000,430681000000,'汨罗市'),(1665,430600000000,430682000000,'临湘市'),(1666,430700000000,430702000000,'武陵区'),(1667,430700000000,430703000000,'鼎城区'),(1668,430700000000,430721000000,'安乡县'),(1669,430700000000,430722000000,'汉寿县'),(1670,430700000000,430723000000,'澧县'),(1671,430700000000,430724000000,'临澧县'),(1672,430700000000,430725000000,'桃源县'),(1673,430700000000,430726000000,'石门县'),(1674,430700000000,430781000000,'津市市'),(1675,430800000000,430802000000,'永定区'),(1676,430800000000,430811000000,'武陵源区'),(1677,430800000000,430821000000,'慈利县'),(1678,430800000000,430822000000,'桑植县'),(1679,430900000000,430902000000,'资阳区'),(1680,430900000000,430903000000,'赫山区'),(1681,430900000000,430921000000,'南县'),(1682,430900000000,430922000000,'桃江县'),(1683,430900000000,430923000000,'安化县'),(1684,430900000000,430981000000,'沅江市'),(1685,431000000000,431002000000,'北湖区'),(1686,431000000000,431003000000,'苏仙区'),(1687,431000000000,431021000000,'桂阳县'),(1688,431000000000,431022000000,'宜章县'),(1689,431000000000,431023000000,'永兴县'),(1690,431000000000,431024000000,'嘉禾县'),(1691,431000000000,431025000000,'临武县'),(1692,431000000000,431026000000,'汝城县'),(1693,431000000000,431027000000,'桂东县'),(1694,431000000000,431028000000,'安仁县'),(1695,431000000000,431081000000,'资兴市'),(1696,431100000000,431102000000,'零陵区'),(1697,431100000000,431103000000,'冷水滩区'),(1698,431100000000,431121000000,'祁阳县'),(1699,431100000000,431122000000,'东安县'),(1700,431100000000,431123000000,'双牌县'),(1701,431100000000,431124000000,'道县'),(1702,431100000000,431125000000,'江永县'),(1703,431100000000,431126000000,'宁远县'),(1704,431100000000,431127000000,'蓝山县'),(1705,431100000000,431128000000,'新田县'),(1706,431100000000,431129000000,'江华瑶族自治县'),(1707,431200000000,431202000000,'鹤城区'),(1708,431200000000,431221000000,'中方县'),(1709,431200000000,431222000000,'沅陵县'),(1710,431200000000,431223000000,'辰溪县'),(1711,431200000000,431224000000,'溆浦县'),(1712,431200000000,431225000000,'会同县'),(1713,431200000000,431226000000,'麻阳苗族自治县'),(1714,431200000000,431227000000,'新晃侗族自治县'),(1715,431200000000,431228000000,'芷江侗族自治县'),(1716,431200000000,431229000000,'靖州苗族侗族自治县'),(1717,431200000000,431230000000,'通道侗族自治县'),(1718,431200000000,431281000000,'洪江市'),(1719,431300000000,431302000000,'娄星区'),(1720,431300000000,431321000000,'双峰县'),(1721,431300000000,431322000000,'新化县'),(1722,431300000000,431381000000,'冷水江市'),(1723,431300000000,431382000000,'涟源市'),(1724,433100000000,433101000000,'吉首市'),(1725,433100000000,433122000000,'泸溪县'),(1726,433100000000,433123000000,'凤凰县'),(1727,433100000000,433124000000,'花垣县'),(1728,433100000000,433125000000,'保靖县'),(1729,433100000000,433126000000,'古丈县'),(1730,433100000000,433127000000,'永顺县'),(1731,433100000000,433130000000,'龙山县'),(1732,440100000000,440103000000,'荔湾区'),(1733,440100000000,440104000000,'越秀区'),(1734,440100000000,440105000000,'海珠区'),(1735,440100000000,440106000000,'天河区'),(1736,440100000000,440111000000,'白云区'),(1737,440100000000,440112000000,'黄埔区'),(1738,440100000000,440113000000,'番禺区'),(1739,440100000000,440114000000,'花都区'),(1740,440100000000,440115000000,'南沙区'),(1741,440100000000,440116000000,'萝岗区'),(1742,440100000000,440183000000,'增城市'),(1743,440100000000,440184000000,'从化市'),(1744,440200000000,440203000000,'武江区'),(1745,440200000000,440204000000,'浈江区'),(1746,440200000000,440205000000,'曲江区'),(1747,440200000000,440222000000,'始兴县'),(1748,440200000000,440224000000,'仁化县'),(1749,440200000000,440229000000,'翁源县'),(1750,440200000000,440232000000,'乳源瑶族自治县'),(1751,440200000000,440233000000,'新丰县'),(1752,440200000000,440281000000,'乐昌市'),(1753,440200000000,440282000000,'南雄市'),(1754,440300000000,440303000000,'罗湖区'),(1755,440300000000,440304000000,'福田区'),(1756,440300000000,440305000000,'南山区'),(1757,440300000000,440306000000,'宝安区'),(1758,440300000000,440307000000,'龙岗区'),(1759,440300000000,440308000000,'盐田区'),(1760,440400000000,440402000000,'香洲区'),(1761,440400000000,440403000000,'斗门区'),(1762,440400000000,440404000000,'金湾区'),(1763,440500000000,440507000000,'龙湖区'),(1764,440500000000,440511000000,'金平区'),(1765,440500000000,440512000000,'濠江区'),(1766,440500000000,440513000000,'潮阳区'),(1767,440500000000,440514000000,'潮南区'),(1768,440500000000,440515000000,'澄海区'),(1769,440500000000,440523000000,'南澳县'),(1770,440600000000,440604000000,'禅城区'),(1771,440600000000,440605000000,'南海区'),(1772,440600000000,440606000000,'顺德区'),(1773,440600000000,440607000000,'三水区'),(1774,440600000000,440608000000,'高明区'),(1775,440700000000,440703000000,'蓬江区'),(1776,440700000000,440704000000,'江海区'),(1777,440700000000,440705000000,'新会区'),(1778,440700000000,440781000000,'台山市'),(1779,440700000000,440783000000,'开平市'),(1780,440700000000,440784000000,'鹤山市'),(1781,440700000000,440785000000,'恩平市'),(1782,440800000000,440802000000,'赤坎区'),(1783,440800000000,440803000000,'霞山区'),(1784,440800000000,440804000000,'坡头区'),(1785,440800000000,440811000000,'麻章区'),(1786,440800000000,440823000000,'遂溪县'),(1787,440800000000,440825000000,'徐闻县'),(1788,440800000000,440881000000,'廉江市'),(1789,440800000000,440882000000,'雷州市'),(1790,440800000000,440883000000,'吴川市'),(1791,440900000000,440902000000,'茂南区'),(1792,440900000000,440903000000,'茂港区'),(1793,440900000000,440923000000,'电白县'),(1794,440900000000,440981000000,'高州市'),(1795,440900000000,440982000000,'化州市'),(1796,440900000000,440983000000,'信宜市'),(1797,441200000000,441202000000,'端州区'),(1798,441200000000,441203000000,'鼎湖区'),(1799,441200000000,441223000000,'广宁县'),(1800,441200000000,441224000000,'怀集县'),(1801,441200000000,441225000000,'封开县'),(1802,441200000000,441226000000,'德庆县'),(1803,441200000000,441283000000,'高要市'),(1804,441200000000,441284000000,'四会市'),(1805,441300000000,441302000000,'惠城区'),(1806,441300000000,441303000000,'惠阳区'),(1807,441300000000,441322000000,'博罗县'),(1808,441300000000,441323000000,'惠东县'),(1809,441300000000,441324000000,'龙门县'),(1810,441400000000,441402000000,'梅江区'),(1811,441400000000,441421000000,'梅县'),(1812,441400000000,441422000000,'大埔县'),(1813,441400000000,441423000000,'丰顺县'),(1814,441400000000,441424000000,'五华县'),(1815,441400000000,441426000000,'平远县'),(1816,441400000000,441427000000,'蕉岭县'),(1817,441400000000,441481000000,'兴宁市'),(1818,441500000000,441502000000,'城区'),(1819,441500000000,441521000000,'海丰县'),(1820,441500000000,441523000000,'陆河县'),(1821,441500000000,441581000000,'陆丰市'),(1822,441600000000,441602000000,'源城区'),(1823,441600000000,441621000000,'紫金县'),(1824,441600000000,441622000000,'龙川县'),(1825,441600000000,441623000000,'连平县'),(1826,441600000000,441624000000,'和平县'),(1827,441600000000,441625000000,'东源县'),(1828,441700000000,441702000000,'江城区'),(1829,441700000000,441721000000,'阳西县'),(1830,441700000000,441723000000,'阳东县'),(1831,441700000000,441781000000,'阳春市'),(1832,441800000000,441802000000,'清城区'),(1833,441800000000,441803000000,'清新区'),(1834,441800000000,441821000000,'佛冈县'),(1835,441800000000,441823000000,'阳山县'),(1836,441800000000,441825000000,'连山壮族瑶族自治县'),(1837,441800000000,441826000000,'连南瑶族自治县'),(1838,441800000000,441881000000,'英德市'),(1839,441800000000,441882000000,'连州市'),(1840,445100000000,445102000000,'湘桥区'),(1841,445100000000,445103000000,'潮安区'),(1842,445100000000,445122000000,'饶平县'),(1843,445200000000,445202000000,'榕城区'),(1844,445200000000,445203000000,'揭东区'),(1845,445200000000,445222000000,'揭西县'),(1846,445200000000,445224000000,'惠来县'),(1847,445200000000,445281000000,'普宁市'),(1848,445300000000,445302000000,'云城区'),(1849,445300000000,445321000000,'新兴县'),(1850,445300000000,445322000000,'郁南县'),(1851,445300000000,445323000000,'云安县'),(1852,445300000000,445381000000,'罗定市'),(1853,450100000000,450102000000,'兴宁区'),(1854,450100000000,450103000000,'青秀区'),(1855,450100000000,450105000000,'江南区'),(1856,450100000000,450107000000,'西乡塘区'),(1857,450100000000,450108000000,'良庆区'),(1858,450100000000,450109000000,'邕宁区'),(1859,450100000000,450122000000,'武鸣县'),(1860,450100000000,450123000000,'隆安县'),(1861,450100000000,450124000000,'马山县'),(1862,450100000000,450125000000,'上林县'),(1863,450100000000,450126000000,'宾阳县'),(1864,450100000000,450127000000,'横县'),(1865,450200000000,450202000000,'城中区'),(1866,450200000000,450203000000,'鱼峰区'),(1867,450200000000,450204000000,'柳南区'),(1868,450200000000,450205000000,'柳北区'),(1869,450200000000,450221000000,'柳江县'),(1870,450200000000,450222000000,'柳城县'),(1871,450200000000,450223000000,'鹿寨县'),(1872,450200000000,450224000000,'融安县'),(1873,450200000000,450225000000,'融水苗族自治县'),(1874,450200000000,450226000000,'三江侗族自治县'),(1875,450300000000,450302000000,'秀峰区'),(1876,450300000000,450303000000,'叠彩区'),(1877,450300000000,450304000000,'象山区'),(1878,450300000000,450305000000,'七星区'),(1879,450300000000,450311000000,'雁山区'),(1880,450300000000,450312000000,'临桂区'),(1881,450300000000,450321000000,'阳朔县'),(1882,450300000000,450323000000,'灵川县'),(1883,450300000000,450324000000,'全州县'),(1884,450300000000,450325000000,'兴安县'),(1885,450300000000,450326000000,'永福县'),(1886,450300000000,450327000000,'灌阳县'),(1887,450300000000,450328000000,'龙胜各族自治县'),(1888,450300000000,450329000000,'资源县'),(1889,450300000000,450330000000,'平乐县'),(1890,450300000000,450331000000,'荔浦县'),(1891,450300000000,450332000000,'恭城瑶族自治县'),(1892,450400000000,450403000000,'万秀区'),(1893,450400000000,450405000000,'长洲区'),(1894,450400000000,450406000000,'龙圩区'),(1895,450400000000,450421000000,'苍梧县'),(1896,450400000000,450422000000,'藤县'),(1897,450400000000,450423000000,'蒙山县'),(1898,450400000000,450481000000,'岑溪市'),(1899,450500000000,450502000000,'海城区'),(1900,450500000000,450503000000,'银海区'),(1901,450500000000,450512000000,'铁山港区'),(1902,450500000000,450521000000,'合浦县'),(1903,450600000000,450602000000,'港口区'),(1904,450600000000,450603000000,'防城区'),(1905,450600000000,450621000000,'上思县'),(1906,450600000000,450681000000,'东兴市'),(1907,450700000000,450702000000,'钦南区'),(1908,450700000000,450703000000,'钦北区'),(1909,450700000000,450721000000,'灵山县'),(1910,450700000000,450722000000,'浦北县'),(1911,450800000000,450802000000,'港北区'),(1912,450800000000,450803000000,'港南区'),(1913,450800000000,450804000000,'覃塘区'),(1914,450800000000,450821000000,'平南县'),(1915,450800000000,450881000000,'桂平市'),(1916,450900000000,450902000000,'玉州区'),(1917,450900000000,450903000000,'福绵区'),(1918,450900000000,450921000000,'容县'),(1919,450900000000,450922000000,'陆川县'),(1920,450900000000,450923000000,'博白县'),(1921,450900000000,450924000000,'兴业县'),(1922,450900000000,450981000000,'北流市'),(1923,451000000000,451002000000,'右江区'),(1924,451000000000,451021000000,'田阳县'),(1925,451000000000,451022000000,'田东县'),(1926,451000000000,451023000000,'平果县'),(1927,451000000000,451024000000,'德保县'),(1928,451000000000,451025000000,'靖西县'),(1929,451000000000,451026000000,'那坡县'),(1930,451000000000,451027000000,'凌云县'),(1931,451000000000,451028000000,'乐业县'),(1932,451000000000,451029000000,'田林县'),(1933,451000000000,451030000000,'西林县'),(1934,451000000000,451031000000,'隆林各族自治县'),(1935,451100000000,451102000000,'八步区'),(1936,451100000000,451121000000,'昭平县'),(1937,451100000000,451122000000,'钟山县'),(1938,451100000000,451123000000,'富川瑶族自治县'),(1939,451200000000,451202000000,'金城江区'),(1940,451200000000,451221000000,'南丹县'),(1941,451200000000,451222000000,'天峨县'),(1942,451200000000,451223000000,'凤山县'),(1943,451200000000,451224000000,'东兰县'),(1944,451200000000,451225000000,'罗城仫佬族自治县'),(1945,451200000000,451226000000,'环江毛南族自治县'),(1946,451200000000,451227000000,'巴马瑶族自治县'),(1947,451200000000,451228000000,'都安瑶族自治县'),(1948,451200000000,451229000000,'大化瑶族自治县'),(1949,451200000000,451281000000,'宜州市'),(1950,451300000000,451302000000,'兴宾区'),(1951,451300000000,451321000000,'忻城县'),(1952,451300000000,451322000000,'象州县'),(1953,451300000000,451323000000,'武宣县'),(1954,451300000000,451324000000,'金秀瑶族自治县'),(1955,451300000000,451381000000,'合山市'),(1956,451400000000,451402000000,'江州区'),(1957,451400000000,451421000000,'扶绥县'),(1958,451400000000,451422000000,'宁明县'),(1959,451400000000,451423000000,'龙州县'),(1960,451400000000,451424000000,'大新县'),(1961,451400000000,451425000000,'天等县'),(1962,451400000000,451481000000,'凭祥市'),(1963,460100000000,460105000000,'秀英区'),(1964,460100000000,460106000000,'龙华区'),(1965,460100000000,460107000000,'琼山区'),(1966,460100000000,460108000000,'美兰区'),(1967,460200000000,460201000000,'市辖区'),(1968,460300000000,460321000000,'西沙群岛'),(1969,460300000000,460322000000,'南沙群岛'),(1970,460300000000,460323000000,'中沙群岛的岛礁及其海域'),(1971,469000000000,469001000000,'五指山市'),(1972,469000000000,469002000000,'琼海市'),(1973,469000000000,469003000000,'儋州市'),(1974,469000000000,469005000000,'文昌市'),(1975,469000000000,469006000000,'万宁市'),(1976,469000000000,469007000000,'东方市'),(1977,469000000000,469021000000,'定安县'),(1978,469000000000,469022000000,'屯昌县'),(1979,469000000000,469023000000,'澄迈县'),(1980,469000000000,469024000000,'临高县'),(1981,469000000000,469025000000,'白沙黎族自治县'),(1982,469000000000,469026000000,'昌江黎族自治县'),(1983,469000000000,469027000000,'乐东黎族自治县'),(1984,469000000000,469028000000,'陵水黎族自治县'),(1985,469000000000,469029000000,'保亭黎族苗族自治县'),(1986,469000000000,469030000000,'琼中黎族苗族自治县'),(1987,500100000000,500101000000,'万州区'),(1988,500100000000,500102000000,'涪陵区'),(1989,500100000000,500103000000,'渝中区'),(1990,500100000000,500104000000,'大渡口区'),(1991,500100000000,500105000000,'江北区'),(1992,500100000000,500106000000,'沙坪坝区'),(1993,500100000000,500107000000,'九龙坡区'),(1994,500100000000,500108000000,'南岸区'),(1995,500100000000,500109000000,'北碚区'),(1996,500100000000,500110000000,'綦江区'),(1997,500100000000,500111000000,'大足区'),(1998,500100000000,500112000000,'渝北区'),(1999,500100000000,500113000000,'巴南区'),(2000,500100000000,500114000000,'黔江区'),(2001,500100000000,500115000000,'长寿区'),(2002,500100000000,500116000000,'江津区'),(2003,500100000000,500117000000,'合川区'),(2004,500100000000,500118000000,'永川区'),(2005,500100000000,500119000000,'南川区'),(2006,500200000000,500223000000,'潼南县'),(2007,500200000000,500224000000,'铜梁县'),(2008,500200000000,500226000000,'荣昌县'),(2009,500200000000,500227000000,'璧山县'),(2010,500200000000,500228000000,'梁平县'),(2011,500200000000,500229000000,'城口县'),(2012,500200000000,500230000000,'丰都县'),(2013,500200000000,500231000000,'垫江县'),(2014,500200000000,500232000000,'武隆县'),(2015,500200000000,500233000000,'忠县'),(2016,500200000000,500234000000,'开县'),(2017,500200000000,500235000000,'云阳县'),(2018,500200000000,500236000000,'奉节县'),(2019,500200000000,500237000000,'巫山县'),(2020,500200000000,500238000000,'巫溪县'),(2021,500200000000,500240000000,'石柱土家族自治县'),(2022,500200000000,500241000000,'秀山土家族苗族自治县'),(2023,500200000000,500242000000,'酉阳土家族苗族自治县'),(2024,500200000000,500243000000,'彭水苗族土家族自治县'),(2025,510100000000,510104000000,'锦江区'),(2026,510100000000,510105000000,'青羊区'),(2027,510100000000,510106000000,'金牛区'),(2028,510100000000,510107000000,'武侯区'),(2029,510100000000,510108000000,'成华区'),(2030,510100000000,510112000000,'龙泉驿区'),(2031,510100000000,510113000000,'青白江区'),(2032,510100000000,510114000000,'新都区'),(2033,510100000000,510115000000,'温江区'),(2034,510100000000,510121000000,'金堂县'),(2035,510100000000,510122000000,'双流县'),(2036,510100000000,510124000000,'郫县'),(2037,510100000000,510129000000,'大邑县'),(2038,510100000000,510131000000,'蒲江县'),(2039,510100000000,510132000000,'新津县'),(2040,510100000000,510181000000,'都江堰市'),(2041,510100000000,510182000000,'彭州市'),(2042,510100000000,510183000000,'邛崃市'),(2043,510100000000,510184000000,'崇州市'),(2044,510300000000,510302000000,'自流井区'),(2045,510300000000,510303000000,'贡井区'),(2046,510300000000,510304000000,'大安区'),(2047,510300000000,510311000000,'沿滩区'),(2048,510300000000,510321000000,'荣县'),(2049,510300000000,510322000000,'富顺县'),(2050,510400000000,510402000000,'东区'),(2051,510400000000,510403000000,'西区'),(2052,510400000000,510411000000,'仁和区'),(2053,510400000000,510421000000,'米易县'),(2054,510400000000,510422000000,'盐边县'),(2055,510500000000,510502000000,'江阳区'),(2056,510500000000,510503000000,'纳溪区'),(2057,510500000000,510504000000,'龙马潭区'),(2058,510500000000,510521000000,'泸县'),(2059,510500000000,510522000000,'合江县'),(2060,510500000000,510524000000,'叙永县'),(2061,510500000000,510525000000,'古蔺县'),(2062,510600000000,510603000000,'旌阳区'),(2063,510600000000,510623000000,'中江县'),(2064,510600000000,510626000000,'罗江县'),(2065,510600000000,510681000000,'广汉市'),(2066,510600000000,510682000000,'什邡市'),(2067,510600000000,510683000000,'绵竹市'),(2068,510700000000,510703000000,'涪城区'),(2069,510700000000,510704000000,'游仙区'),(2070,510700000000,510722000000,'三台县'),(2071,510700000000,510723000000,'盐亭县'),(2072,510700000000,510724000000,'安县'),(2073,510700000000,510725000000,'梓潼县'),(2074,510700000000,510726000000,'北川羌族自治县'),(2075,510700000000,510727000000,'平武县'),(2076,510700000000,510781000000,'江油市'),(2077,510800000000,510802000000,'利州区'),(2078,510800000000,510811000000,'元坝区'),(2079,510800000000,510812000000,'朝天区'),(2080,510800000000,510821000000,'旺苍县'),(2081,510800000000,510822000000,'青川县'),(2082,510800000000,510823000000,'剑阁县'),(2083,510800000000,510824000000,'苍溪县'),(2084,510900000000,510903000000,'船山区'),(2085,510900000000,510904000000,'安居区'),(2086,510900000000,510921000000,'蓬溪县'),(2087,510900000000,510922000000,'射洪县'),(2088,510900000000,510923000000,'大英县'),(2089,511000000000,511002000000,'市中区'),(2090,511000000000,511011000000,'东兴区'),(2091,511000000000,511024000000,'威远县'),(2092,511000000000,511025000000,'资中县'),(2093,511000000000,511028000000,'隆昌县'),(2094,511100000000,511102000000,'市中区'),(2095,511100000000,511111000000,'沙湾区'),(2096,511100000000,511112000000,'五通桥区'),(2097,511100000000,511113000000,'金口河区'),(2098,511100000000,511123000000,'犍为县'),(2099,511100000000,511124000000,'井研县'),(2100,511100000000,511126000000,'夹江县'),(2101,511100000000,511129000000,'沐川县'),(2102,511100000000,511132000000,'峨边彝族自治县'),(2103,511100000000,511133000000,'马边彝族自治县'),(2104,511100000000,511181000000,'峨眉山市'),(2105,511300000000,511302000000,'顺庆区'),(2106,511300000000,511303000000,'高坪区'),(2107,511300000000,511304000000,'嘉陵区'),(2108,511300000000,511321000000,'南部县'),(2109,511300000000,511322000000,'营山县'),(2110,511300000000,511323000000,'蓬安县'),(2111,511300000000,511324000000,'仪陇县'),(2112,511300000000,511325000000,'西充县'),(2113,511300000000,511381000000,'阆中市'),(2114,511400000000,511402000000,'东坡区'),(2115,511400000000,511421000000,'仁寿县'),(2116,511400000000,511422000000,'彭山县'),(2117,511400000000,511423000000,'洪雅县'),(2118,511400000000,511424000000,'丹棱县'),(2119,511400000000,511425000000,'青神县'),(2120,511500000000,511502000000,'翠屏区'),(2121,511500000000,511503000000,'南溪区'),(2122,511500000000,511521000000,'宜宾县'),(2123,511500000000,511523000000,'江安县'),(2124,511500000000,511524000000,'长宁县'),(2125,511500000000,511525000000,'高县'),(2126,511500000000,511526000000,'珙县'),(2127,511500000000,511527000000,'筠连县'),(2128,511500000000,511528000000,'兴文县'),(2129,511500000000,511529000000,'屏山县'),(2130,511600000000,511602000000,'广安区'),(2131,511600000000,511603000000,'前锋区'),(2132,511600000000,511621000000,'岳池县'),(2133,511600000000,511622000000,'武胜县'),(2134,511600000000,511623000000,'邻水县'),(2135,511600000000,511681000000,'华蓥市'),(2136,511700000000,511702000000,'通川区'),(2137,511700000000,511703000000,'达川区'),(2138,511700000000,511722000000,'宣汉县'),(2139,511700000000,511723000000,'开江县'),(2140,511700000000,511724000000,'大竹县'),(2141,511700000000,511725000000,'渠县'),(2142,511700000000,511781000000,'万源市'),(2143,511800000000,511802000000,'雨城区'),(2144,511800000000,511803000000,'名山区'),(2145,511800000000,511822000000,'荥经县'),(2146,511800000000,511823000000,'汉源县'),(2147,511800000000,511824000000,'石棉县'),(2148,511800000000,511825000000,'天全县'),(2149,511800000000,511826000000,'芦山县'),(2150,511800000000,511827000000,'宝兴县'),(2151,511900000000,511902000000,'巴州区'),(2152,511900000000,511903000000,'恩阳区'),(2153,511900000000,511921000000,'通江县'),(2154,511900000000,511922000000,'南江县'),(2155,511900000000,511923000000,'平昌县'),(2156,512000000000,512002000000,'雁江区'),(2157,512000000000,512021000000,'安岳县'),(2158,512000000000,512022000000,'乐至县'),(2159,512000000000,512081000000,'简阳市'),(2160,513200000000,513221000000,'汶川县'),(2161,513200000000,513222000000,'理县'),(2162,513200000000,513223000000,'茂县'),(2163,513200000000,513224000000,'松潘县'),(2164,513200000000,513225000000,'九寨沟县'),(2165,513200000000,513226000000,'金川县'),(2166,513200000000,513227000000,'小金县'),(2167,513200000000,513228000000,'黑水县'),(2168,513200000000,513229000000,'马尔康县'),(2169,513200000000,513230000000,'壤塘县'),(2170,513200000000,513231000000,'阿坝县'),(2171,513200000000,513232000000,'若尔盖县'),(2172,513200000000,513233000000,'红原县'),(2173,513300000000,513321000000,'康定县'),(2174,513300000000,513322000000,'泸定县'),(2175,513300000000,513323000000,'丹巴县'),(2176,513300000000,513324000000,'九龙县'),(2177,513300000000,513325000000,'雅江县'),(2178,513300000000,513326000000,'道孚县'),(2179,513300000000,513327000000,'炉霍县'),(2180,513300000000,513328000000,'甘孜县'),(2181,513300000000,513329000000,'新龙县'),(2182,513300000000,513330000000,'德格县'),(2183,513300000000,513331000000,'白玉县'),(2184,513300000000,513332000000,'石渠县'),(2185,513300000000,513333000000,'色达县'),(2186,513300000000,513334000000,'理塘县'),(2187,513300000000,513335000000,'巴塘县'),(2188,513300000000,513336000000,'乡城县'),(2189,513300000000,513337000000,'稻城县'),(2190,513300000000,513338000000,'得荣县'),(2191,513400000000,513401000000,'西昌市'),(2192,513400000000,513422000000,'木里藏族自治县'),(2193,513400000000,513423000000,'盐源县'),(2194,513400000000,513424000000,'德昌县'),(2195,513400000000,513425000000,'会理县'),(2196,513400000000,513426000000,'会东县'),(2197,513400000000,513427000000,'宁南县'),(2198,513400000000,513428000000,'普格县'),(2199,513400000000,513429000000,'布拖县'),(2200,513400000000,513430000000,'金阳县'),(2201,513400000000,513431000000,'昭觉县'),(2202,513400000000,513432000000,'喜德县'),(2203,513400000000,513433000000,'冕宁县'),(2204,513400000000,513434000000,'越西县'),(2205,513400000000,513435000000,'甘洛县'),(2206,513400000000,513436000000,'美姑县'),(2207,513400000000,513437000000,'雷波县'),(2208,520100000000,520102000000,'南明区'),(2209,520100000000,520103000000,'云岩区'),(2210,520100000000,520111000000,'花溪区'),(2211,520100000000,520112000000,'乌当区'),(2212,520100000000,520113000000,'白云区'),(2213,520100000000,520115000000,'观山湖区'),(2214,520100000000,520121000000,'开阳县'),(2215,520100000000,520122000000,'息烽县'),(2216,520100000000,520123000000,'修文县'),(2217,520100000000,520181000000,'清镇市'),(2218,520200000000,520201000000,'钟山区'),(2219,520200000000,520203000000,'六枝特区'),(2220,520200000000,520221000000,'水城县'),(2221,520200000000,520222000000,'盘县'),(2222,520300000000,520302000000,'红花岗区'),(2223,520300000000,520303000000,'汇川区'),(2224,520300000000,520321000000,'遵义县'),(2225,520300000000,520322000000,'桐梓县'),(2226,520300000000,520323000000,'绥阳县'),(2227,520300000000,520324000000,'正安县'),(2228,520300000000,520325000000,'道真仡佬族苗族自治县'),(2229,520300000000,520326000000,'务川仡佬族苗族自治县'),(2230,520300000000,520327000000,'凤冈县'),(2231,520300000000,520328000000,'湄潭县'),(2232,520300000000,520329000000,'余庆县'),(2233,520300000000,520330000000,'习水县'),(2234,520300000000,520381000000,'赤水市'),(2235,520300000000,520382000000,'仁怀市'),(2236,520400000000,520402000000,'西秀区'),(2237,520400000000,520421000000,'平坝县'),(2238,520400000000,520422000000,'普定县'),(2239,520400000000,520423000000,'镇宁布依族苗族自治县'),(2240,520400000000,520424000000,'关岭布依族苗族自治县'),(2241,520400000000,520425000000,'紫云苗族布依族自治县'),(2242,520500000000,520502000000,'七星关区'),(2243,520500000000,520521000000,'大方县'),(2244,520500000000,520522000000,'黔西县'),(2245,520500000000,520523000000,'金沙县'),(2246,520500000000,520524000000,'织金县'),(2247,520500000000,520525000000,'纳雍县'),(2248,520500000000,520526000000,'威宁彝族回族苗族自治县'),(2249,520500000000,520527000000,'赫章县'),(2250,520600000000,520602000000,'碧江区'),(2251,520600000000,520603000000,'万山区'),(2252,520600000000,520621000000,'江口县'),(2253,520600000000,520622000000,'玉屏侗族自治县'),(2254,520600000000,520623000000,'石阡县'),(2255,520600000000,520624000000,'思南县'),(2256,520600000000,520625000000,'印江土家族苗族自治县'),(2257,520600000000,520626000000,'德江县'),(2258,520600000000,520627000000,'沿河土家族自治县'),(2259,520600000000,520628000000,'松桃苗族自治县'),(2260,522300000000,522301000000,'兴义市'),(2261,522300000000,522322000000,'兴仁县'),(2262,522300000000,522323000000,'普安县'),(2263,522300000000,522324000000,'晴隆县'),(2264,522300000000,522325000000,'贞丰县'),(2265,522300000000,522326000000,'望谟县'),(2266,522300000000,522327000000,'册亨县'),(2267,522300000000,522328000000,'安龙县'),(2268,522600000000,522601000000,'凯里市'),(2269,522600000000,522622000000,'黄平县'),(2270,522600000000,522623000000,'施秉县'),(2271,522600000000,522624000000,'三穗县'),(2272,522600000000,522625000000,'镇远县'),(2273,522600000000,522626000000,'岑巩县'),(2274,522600000000,522627000000,'天柱县'),(2275,522600000000,522628000000,'锦屏县'),(2276,522600000000,522629000000,'剑河县'),(2277,522600000000,522630000000,'台江县'),(2278,522600000000,522631000000,'黎平县'),(2279,522600000000,522632000000,'榕江县'),(2280,522600000000,522633000000,'从江县'),(2281,522600000000,522634000000,'雷山县'),(2282,522600000000,522635000000,'麻江县'),(2283,522600000000,522636000000,'丹寨县'),(2284,522700000000,522701000000,'都匀市'),(2285,522700000000,522702000000,'福泉市'),(2286,522700000000,522722000000,'荔波县'),(2287,522700000000,522723000000,'贵定县'),(2288,522700000000,522725000000,'瓮安县'),(2289,522700000000,522726000000,'独山县'),(2290,522700000000,522727000000,'平塘县'),(2291,522700000000,522728000000,'罗甸县'),(2292,522700000000,522729000000,'长顺县'),(2293,522700000000,522730000000,'龙里县'),(2294,522700000000,522731000000,'惠水县'),(2295,522700000000,522732000000,'三都水族自治县'),(2296,530100000000,530102000000,'五华区'),(2297,530100000000,530103000000,'盘龙区'),(2298,530100000000,530111000000,'官渡区'),(2299,530100000000,530112000000,'西山区'),(2300,530100000000,530113000000,'东川区'),(2301,530100000000,530114000000,'呈贡区'),(2302,530100000000,530122000000,'晋宁县'),(2303,530100000000,530124000000,'富民县'),(2304,530100000000,530125000000,'宜良县'),(2305,530100000000,530126000000,'石林彝族自治县'),(2306,530100000000,530127000000,'嵩明县'),(2307,530100000000,530128000000,'禄劝彝族苗族自治县'),(2308,530100000000,530129000000,'寻甸回族彝族自治县'),(2309,530100000000,530181000000,'安宁市'),(2310,530300000000,530302000000,'麒麟区'),(2311,530300000000,530321000000,'马龙县'),(2312,530300000000,530322000000,'陆良县'),(2313,530300000000,530323000000,'师宗县'),(2314,530300000000,530324000000,'罗平县'),(2315,530300000000,530325000000,'富源县'),(2316,530300000000,530326000000,'会泽县'),(2317,530300000000,530328000000,'沾益县'),(2318,530300000000,530381000000,'宣威市'),(2319,530400000000,530402000000,'红塔区'),(2320,530400000000,530421000000,'江川县'),(2321,530400000000,530422000000,'澄江县'),(2322,530400000000,530423000000,'通海县'),(2323,530400000000,530424000000,'华宁县'),(2324,530400000000,530425000000,'易门县'),(2325,530400000000,530426000000,'峨山彝族自治县'),(2326,530400000000,530427000000,'新平彝族傣族自治县'),(2327,530400000000,530428000000,'元江哈尼族彝族傣族自治县'),(2328,530500000000,530502000000,'隆阳区'),(2329,530500000000,530521000000,'施甸县'),(2330,530500000000,530522000000,'腾冲县'),(2331,530500000000,530523000000,'龙陵县'),(2332,530500000000,530524000000,'昌宁县'),(2333,530600000000,530602000000,'昭阳区'),(2334,530600000000,530621000000,'鲁甸县'),(2335,530600000000,530622000000,'巧家县'),(2336,530600000000,530623000000,'盐津县'),(2337,530600000000,530624000000,'大关县'),(2338,530600000000,530625000000,'永善县'),(2339,530600000000,530626000000,'绥江县'),(2340,530600000000,530627000000,'镇雄县'),(2341,530600000000,530628000000,'彝良县'),(2342,530600000000,530629000000,'威信县'),(2343,530600000000,530630000000,'水富县'),(2344,530700000000,530702000000,'古城区'),(2345,530700000000,530721000000,'玉龙纳西族自治县'),(2346,530700000000,530722000000,'永胜县'),(2347,530700000000,530723000000,'华坪县'),(2348,530700000000,530724000000,'宁蒗彝族自治县'),(2349,530800000000,530802000000,'思茅区'),(2350,530800000000,530821000000,'宁洱哈尼族彝族自治县'),(2351,530800000000,530822000000,'墨江哈尼族自治县'),(2352,530800000000,530823000000,'景东彝族自治县'),(2353,530800000000,530824000000,'景谷傣族彝族自治县'),(2354,530800000000,530825000000,'镇沅彝族哈尼族拉祜族自治县'),(2355,530800000000,530826000000,'江城哈尼族彝族自治县'),(2356,530800000000,530827000000,'孟连傣族拉祜族佤族自治县'),(2357,530800000000,530828000000,'澜沧拉祜族自治县'),(2358,530800000000,530829000000,'西盟佤族自治县'),(2359,530900000000,530902000000,'临翔区'),(2360,530900000000,530921000000,'凤庆县'),(2361,530900000000,530922000000,'云县'),(2362,530900000000,530923000000,'永德县'),(2363,530900000000,530924000000,'镇康县'),(2364,530900000000,530925000000,'双江拉祜族佤族布朗族傣族自治县'),(2365,530900000000,530926000000,'耿马傣族佤族自治县'),(2366,530900000000,530927000000,'沧源佤族自治县'),(2367,532300000000,532301000000,'楚雄市'),(2368,532300000000,532322000000,'双柏县'),(2369,532300000000,532323000000,'牟定县'),(2370,532300000000,532324000000,'南华县'),(2371,532300000000,532325000000,'姚安县'),(2372,532300000000,532326000000,'大姚县'),(2373,532300000000,532327000000,'永仁县'),(2374,532300000000,532328000000,'元谋县'),(2375,532300000000,532329000000,'武定县'),(2376,532300000000,532331000000,'禄丰县'),(2377,532500000000,532501000000,'个旧市'),(2378,532500000000,532502000000,'开远市'),(2379,532500000000,532503000000,'蒙自市'),(2380,532500000000,532504000000,'弥勒市'),(2381,532500000000,532523000000,'屏边苗族自治县'),(2382,532500000000,532524000000,'建水县'),(2383,532500000000,532525000000,'石屏县'),(2384,532500000000,532527000000,'泸西县'),(2385,532500000000,532528000000,'元阳县'),(2386,532500000000,532529000000,'红河县'),(2387,532500000000,532530000000,'金平苗族瑶族傣族自治县'),(2388,532500000000,532531000000,'绿春县'),(2389,532500000000,532532000000,'河口瑶族自治县'),(2390,532600000000,532601000000,'文山市'),(2391,532600000000,532622000000,'砚山县'),(2392,532600000000,532623000000,'西畴县'),(2393,532600000000,532624000000,'麻栗坡县'),(2394,532600000000,532625000000,'马关县'),(2395,532600000000,532626000000,'丘北县'),(2396,532600000000,532627000000,'广南县'),(2397,532600000000,532628000000,'富宁县'),(2398,532800000000,532801000000,'景洪市'),(2399,532800000000,532822000000,'勐海县'),(2400,532800000000,532823000000,'勐腊县'),(2401,532900000000,532901000000,'大理市'),(2402,532900000000,532922000000,'漾濞彝族自治县'),(2403,532900000000,532923000000,'祥云县'),(2404,532900000000,532924000000,'宾川县'),(2405,532900000000,532925000000,'弥渡县'),(2406,532900000000,532926000000,'南涧彝族自治县'),(2407,532900000000,532927000000,'巍山彝族回族自治县'),(2408,532900000000,532928000000,'永平县'),(2409,532900000000,532929000000,'云龙县'),(2410,532900000000,532930000000,'洱源县'),(2411,532900000000,532931000000,'剑川县'),(2412,532900000000,532932000000,'鹤庆县'),(2413,533100000000,533102000000,'瑞丽市'),(2414,533100000000,533103000000,'芒市'),(2415,533100000000,533122000000,'梁河县'),(2416,533100000000,533123000000,'盈江县'),(2417,533100000000,533124000000,'陇川县'),(2418,533300000000,533321000000,'泸水县'),(2419,533300000000,533323000000,'福贡县'),(2420,533300000000,533324000000,'贡山独龙族怒族自治县'),(2421,533300000000,533325000000,'兰坪白族普米族自治县'),(2422,533400000000,533421000000,'香格里拉县'),(2423,533400000000,533422000000,'德钦县'),(2424,533400000000,533423000000,'维西傈僳族自治县'),(2425,540100000000,540102000000,'城关区'),(2426,540100000000,540121000000,'林周县'),(2427,540100000000,540122000000,'当雄县'),(2428,540100000000,540123000000,'尼木县'),(2429,540100000000,540124000000,'曲水县'),(2430,540100000000,540125000000,'堆龙德庆县'),(2431,540100000000,540126000000,'达孜县'),(2432,540100000000,540127000000,'墨竹工卡县'),(2433,542100000000,542121000000,'昌都县'),(2434,542100000000,542122000000,'江达县'),(2435,542100000000,542123000000,'贡觉县'),(2436,542100000000,542124000000,'类乌齐县'),(2437,542100000000,542125000000,'丁青县'),(2438,542100000000,542126000000,'察雅县'),(2439,542100000000,542127000000,'八宿县'),(2440,542100000000,542128000000,'左贡县'),(2441,542100000000,542129000000,'芒康县'),(2442,542100000000,542132000000,'洛隆县'),(2443,542100000000,542133000000,'边坝县'),(2444,542200000000,542221000000,'乃东县'),(2445,542200000000,542222000000,'扎囊县'),(2446,542200000000,542223000000,'贡嘎县'),(2447,542200000000,542224000000,'桑日县'),(2448,542200000000,542225000000,'琼结县'),(2449,542200000000,542226000000,'曲松县'),(2450,542200000000,542227000000,'措美县'),(2451,542200000000,542228000000,'洛扎县'),(2452,542200000000,542229000000,'加查县'),(2453,542200000000,542231000000,'隆子县'),(2454,542200000000,542232000000,'错那县'),(2455,542200000000,542233000000,'浪卡子县'),(2456,542300000000,542301000000,'日喀则市'),(2457,542300000000,542322000000,'南木林县'),(2458,542300000000,542323000000,'江孜县'),(2459,542300000000,542324000000,'定日县'),(2460,542300000000,542325000000,'萨迦县'),(2461,542300000000,542326000000,'拉孜县'),(2462,542300000000,542327000000,'昂仁县'),(2463,542300000000,542328000000,'谢通门县'),(2464,542300000000,542329000000,'白朗县'),(2465,542300000000,542330000000,'仁布县'),(2466,542300000000,542331000000,'康马县'),(2467,542300000000,542332000000,'定结县'),(2468,542300000000,542333000000,'仲巴县'),(2469,542300000000,542334000000,'亚东县'),(2470,542300000000,542335000000,'吉隆县'),(2471,542300000000,542336000000,'聂拉木县'),(2472,542300000000,542337000000,'萨嘎县'),(2473,542300000000,542338000000,'岗巴县'),(2474,542400000000,542421000000,'那曲县'),(2475,542400000000,542422000000,'嘉黎县'),(2476,542400000000,542423000000,'比如县'),(2477,542400000000,542424000000,'聂荣县'),(2478,542400000000,542425000000,'安多县'),(2479,542400000000,542426000000,'申扎县'),(2480,542400000000,542427000000,'索县'),(2481,542400000000,542428000000,'班戈县'),(2482,542400000000,542429000000,'巴青县'),(2483,542400000000,542430000000,'尼玛县'),(2484,542400000000,542431000000,'双湖县'),(2485,542500000000,542521000000,'普兰县'),(2486,542500000000,542522000000,'札达县'),(2487,542500000000,542523000000,'噶尔县'),(2488,542500000000,542524000000,'日土县'),(2489,542500000000,542525000000,'革吉县'),(2490,542500000000,542526000000,'改则县'),(2491,542500000000,542527000000,'措勤县'),(2492,542600000000,542621000000,'林芝县'),(2493,542600000000,542622000000,'工布江达县'),(2494,542600000000,542623000000,'米林县'),(2495,542600000000,542624000000,'墨脱县'),(2496,542600000000,542625000000,'波密县'),(2497,542600000000,542626000000,'察隅县'),(2498,542600000000,542627000000,'朗县'),(2499,610100000000,610102000000,'新城区'),(2500,610100000000,610103000000,'碑林区'),(2501,610100000000,610104000000,'莲湖区'),(2502,610100000000,610111000000,'灞桥区'),(2503,610100000000,610112000000,'未央区'),(2504,610100000000,610113000000,'雁塔区'),(2505,610100000000,610114000000,'阎良区'),(2506,610100000000,610115000000,'临潼区'),(2507,610100000000,610116000000,'长安区'),(2508,610100000000,610122000000,'蓝田县'),(2509,610100000000,610124000000,'周至县'),(2510,610100000000,610125000000,'户县'),(2511,610100000000,610126000000,'高陵县'),(2512,610200000000,610202000000,'王益区'),(2513,610200000000,610203000000,'印台区'),(2514,610200000000,610204000000,'耀州区'),(2515,610200000000,610222000000,'宜君县'),(2516,610300000000,610302000000,'渭滨区'),(2517,610300000000,610303000000,'金台区'),(2518,610300000000,610304000000,'陈仓区'),(2519,610300000000,610322000000,'凤翔县'),(2520,610300000000,610323000000,'岐山县'),(2521,610300000000,610324000000,'扶风县'),(2522,610300000000,610326000000,'眉县'),(2523,610300000000,610327000000,'陇县'),(2524,610300000000,610328000000,'千阳县'),(2525,610300000000,610329000000,'麟游县'),(2526,610300000000,610330000000,'凤县'),(2527,610300000000,610331000000,'太白县'),(2528,610400000000,610402000000,'秦都区'),(2529,610400000000,610403000000,'杨陵区'),(2530,610400000000,610404000000,'渭城区'),(2531,610400000000,610422000000,'三原县'),(2532,610400000000,610423000000,'泾阳县'),(2533,610400000000,610424000000,'乾县'),(2534,610400000000,610425000000,'礼泉县'),(2535,610400000000,610426000000,'永寿县'),(2536,610400000000,610427000000,'彬县'),(2537,610400000000,610428000000,'长武县'),(2538,610400000000,610429000000,'旬邑县'),(2539,610400000000,610430000000,'淳化县'),(2540,610400000000,610431000000,'武功县'),(2541,610400000000,610481000000,'兴平市'),(2542,610500000000,610502000000,'临渭区'),(2543,610500000000,610521000000,'华县'),(2544,610500000000,610522000000,'潼关县'),(2545,610500000000,610523000000,'大荔县'),(2546,610500000000,610524000000,'合阳县'),(2547,610500000000,610525000000,'澄城县'),(2548,610500000000,610526000000,'蒲城县'),(2549,610500000000,610527000000,'白水县'),(2550,610500000000,610528000000,'富平县'),(2551,610500000000,610581000000,'韩城市'),(2552,610500000000,610582000000,'华阴市'),(2553,610600000000,610602000000,'宝塔区'),(2554,610600000000,610621000000,'延长县'),(2555,610600000000,610622000000,'延川县'),(2556,610600000000,610623000000,'子长县'),(2557,610600000000,610624000000,'安塞县'),(2558,610600000000,610625000000,'志丹县'),(2559,610600000000,610626000000,'吴起县'),(2560,610600000000,610627000000,'甘泉县'),(2561,610600000000,610628000000,'富县'),(2562,610600000000,610629000000,'洛川县'),(2563,610600000000,610630000000,'宜川县'),(2564,610600000000,610631000000,'黄龙县'),(2565,610600000000,610632000000,'黄陵县'),(2566,610700000000,610702000000,'汉台区'),(2567,610700000000,610721000000,'南郑县'),(2568,610700000000,610722000000,'城固县'),(2569,610700000000,610723000000,'洋县'),(2570,610700000000,610724000000,'西乡县'),(2571,610700000000,610725000000,'勉县'),(2572,610700000000,610726000000,'宁强县'),(2573,610700000000,610727000000,'略阳县'),(2574,610700000000,610728000000,'镇巴县'),(2575,610700000000,610729000000,'留坝县'),(2576,610700000000,610730000000,'佛坪县'),(2577,610800000000,610802000000,'榆阳区'),(2578,610800000000,610821000000,'神木县'),(2579,610800000000,610822000000,'府谷县'),(2580,610800000000,610823000000,'横山县'),(2581,610800000000,610824000000,'靖边县'),(2582,610800000000,610825000000,'定边县'),(2583,610800000000,610826000000,'绥德县'),(2584,610800000000,610827000000,'米脂县'),(2585,610800000000,610828000000,'佳县'),(2586,610800000000,610829000000,'吴堡县'),(2587,610800000000,610830000000,'清涧县'),(2588,610800000000,610831000000,'子洲县'),(2589,610900000000,610902000000,'汉滨区'),(2590,610900000000,610921000000,'汉阴县'),(2591,610900000000,610922000000,'石泉县'),(2592,610900000000,610923000000,'宁陕县'),(2593,610900000000,610924000000,'紫阳县'),(2594,610900000000,610925000000,'岚皋县'),(2595,610900000000,610926000000,'平利县'),(2596,610900000000,610927000000,'镇坪县'),(2597,610900000000,610928000000,'旬阳县'),(2598,610900000000,610929000000,'白河县'),(2599,611000000000,611002000000,'商州区'),(2600,611000000000,611021000000,'洛南县'),(2601,611000000000,611022000000,'丹凤县'),(2602,611000000000,611023000000,'商南县'),(2603,611000000000,611024000000,'山阳县'),(2604,611000000000,611025000000,'镇安县'),(2605,611000000000,611026000000,'柞水县'),(2606,620100000000,620102000000,'城关区'),(2607,620100000000,620103000000,'七里河区'),(2608,620100000000,620104000000,'西固区'),(2609,620100000000,620105000000,'安宁区'),(2610,620100000000,620111000000,'红古区'),(2611,620100000000,620121000000,'永登县'),(2612,620100000000,620122000000,'皋兰县'),(2613,620100000000,620123000000,'榆中县'),(2614,620200000000,620201000000,'市辖区'),(2615,620300000000,620302000000,'金川区'),(2616,620300000000,620321000000,'永昌县'),(2617,620400000000,620402000000,'白银区'),(2618,620400000000,620403000000,'平川区'),(2619,620400000000,620421000000,'靖远县'),(2620,620400000000,620422000000,'会宁县'),(2621,620400000000,620423000000,'景泰县'),(2622,620500000000,620502000000,'秦州区'),(2623,620500000000,620503000000,'麦积区'),(2624,620500000000,620521000000,'清水县'),(2625,620500000000,620522000000,'秦安县'),(2626,620500000000,620523000000,'甘谷县'),(2627,620500000000,620524000000,'武山县'),(2628,620500000000,620525000000,'张家川回族自治县'),(2629,620600000000,620602000000,'凉州区'),(2630,620600000000,620621000000,'民勤县'),(2631,620600000000,620622000000,'古浪县'),(2632,620600000000,620623000000,'天祝藏族自治县'),(2633,620700000000,620702000000,'甘州区'),(2634,620700000000,620721000000,'肃南裕固族自治县'),(2635,620700000000,620722000000,'民乐县'),(2636,620700000000,620723000000,'临泽县'),(2637,620700000000,620724000000,'高台县'),(2638,620700000000,620725000000,'山丹县'),(2639,620800000000,620802000000,'崆峒区'),(2640,620800000000,620821000000,'泾川县'),(2641,620800000000,620822000000,'灵台县'),(2642,620800000000,620823000000,'崇信县'),(2643,620800000000,620824000000,'华亭县'),(2644,620800000000,620825000000,'庄浪县'),(2645,620800000000,620826000000,'静宁县'),(2646,620900000000,620902000000,'肃州区'),(2647,620900000000,620921000000,'金塔县'),(2648,620900000000,620922000000,'瓜州县'),(2649,620900000000,620923000000,'肃北蒙古族自治县'),(2650,620900000000,620924000000,'阿克塞哈萨克族自治县'),(2651,620900000000,620981000000,'玉门市'),(2652,620900000000,620982000000,'敦煌市'),(2653,621000000000,621002000000,'西峰区'),(2654,621000000000,621021000000,'庆城县'),(2655,621000000000,621022000000,'环县'),(2656,621000000000,621023000000,'华池县'),(2657,621000000000,621024000000,'合水县'),(2658,621000000000,621025000000,'正宁县'),(2659,621000000000,621026000000,'宁县'),(2660,621000000000,621027000000,'镇原县'),(2661,621100000000,621102000000,'安定区'),(2662,621100000000,621121000000,'通渭县'),(2663,621100000000,621122000000,'陇西县'),(2664,621100000000,621123000000,'渭源县'),(2665,621100000000,621124000000,'临洮县'),(2666,621100000000,621125000000,'漳县'),(2667,621100000000,621126000000,'岷县'),(2668,621200000000,621202000000,'武都区'),(2669,621200000000,621221000000,'成县'),(2670,621200000000,621222000000,'文县'),(2671,621200000000,621223000000,'宕昌县'),(2672,621200000000,621224000000,'康县'),(2673,621200000000,621225000000,'西和县'),(2674,621200000000,621226000000,'礼县'),(2675,621200000000,621227000000,'徽县'),(2676,621200000000,621228000000,'两当县'),(2677,622900000000,622901000000,'临夏市'),(2678,622900000000,622921000000,'临夏县'),(2679,622900000000,622922000000,'康乐县'),(2680,622900000000,622923000000,'永靖县'),(2681,622900000000,622924000000,'广河县'),(2682,622900000000,622925000000,'和政县'),(2683,622900000000,622926000000,'东乡族自治县'),(2684,622900000000,622927000000,'积石山保安族东乡族撒拉族自治县'),(2685,623000000000,623001000000,'合作市'),(2686,623000000000,623021000000,'临潭县'),(2687,623000000000,623022000000,'卓尼县'),(2688,623000000000,623023000000,'舟曲县'),(2689,623000000000,623024000000,'迭部县'),(2690,623000000000,623025000000,'玛曲县'),(2691,623000000000,623026000000,'碌曲县'),(2692,623000000000,623027000000,'夏河县'),(2693,630100000000,630102000000,'城东区'),(2694,630100000000,630103000000,'城中区'),(2695,630100000000,630104000000,'城西区'),(2696,630100000000,630105000000,'城北区'),(2697,630100000000,630121000000,'大通回族土族自治县'),(2698,630100000000,630122000000,'湟中县'),(2699,630100000000,630123000000,'湟源县'),(2700,630200000000,630202000000,'乐都区'),(2701,630200000000,630221000000,'平安县'),(2702,630200000000,630222000000,'民和回族土族自治县'),(2703,630200000000,630223000000,'互助土族自治县'),(2704,630200000000,630224000000,'化隆回族自治县'),(2705,630200000000,630225000000,'循化撒拉族自治县'),(2706,632200000000,632221000000,'门源回族自治县'),(2707,632200000000,632222000000,'祁连县'),(2708,632200000000,632223000000,'海晏县'),(2709,632200000000,632224000000,'刚察县'),(2710,632300000000,632321000000,'同仁县'),(2711,632300000000,632322000000,'尖扎县'),(2712,632300000000,632323000000,'泽库县'),(2713,632300000000,632324000000,'河南蒙古族自治县'),(2714,632500000000,632521000000,'共和县'),(2715,632500000000,632522000000,'同德县'),(2716,632500000000,632523000000,'贵德县'),(2717,632500000000,632524000000,'兴海县'),(2718,632500000000,632525000000,'贵南县'),(2719,632600000000,632621000000,'玛沁县'),(2720,632600000000,632622000000,'班玛县'),(2721,632600000000,632623000000,'甘德县'),(2722,632600000000,632624000000,'达日县'),(2723,632600000000,632625000000,'久治县'),(2724,632600000000,632626000000,'玛多县'),(2725,632700000000,632701000000,'玉树市'),(2726,632700000000,632722000000,'杂多县'),(2727,632700000000,632723000000,'称多县'),(2728,632700000000,632724000000,'治多县'),(2729,632700000000,632725000000,'囊谦县'),(2730,632700000000,632726000000,'曲麻莱县'),(2731,632800000000,632801000000,'格尔木市'),(2732,632800000000,632802000000,'德令哈市'),(2733,632800000000,632821000000,'乌兰县'),(2734,632800000000,632822000000,'都兰县'),(2735,632800000000,632823000000,'天峻县'),(2736,640100000000,640104000000,'兴庆区'),(2737,640100000000,640105000000,'西夏区'),(2738,640100000000,640106000000,'金凤区'),(2739,640100000000,640121000000,'永宁县'),(2740,640100000000,640122000000,'贺兰县'),(2741,640100000000,640181000000,'灵武市'),(2742,640200000000,640202000000,'大武口区'),(2743,640200000000,640205000000,'惠农区'),(2744,640200000000,640221000000,'平罗县'),(2745,640300000000,640302000000,'利通区'),(2746,640300000000,640303000000,'红寺堡区'),(2747,640300000000,640323000000,'盐池县'),(2748,640300000000,640324000000,'同心县'),(2749,640300000000,640381000000,'青铜峡市'),(2750,640400000000,640402000000,'原州区'),(2751,640400000000,640422000000,'西吉县'),(2752,640400000000,640423000000,'隆德县'),(2753,640400000000,640424000000,'泾源县'),(2754,640400000000,640425000000,'彭阳县'),(2755,640500000000,640502000000,'沙坡头区'),(2756,640500000000,640521000000,'中宁县'),(2757,640500000000,640522000000,'海原县'),(2758,650100000000,650102000000,'天山区'),(2759,650100000000,650103000000,'沙依巴克区'),(2760,650100000000,650104000000,'新市区'),(2761,650100000000,650105000000,'水磨沟区'),(2762,650100000000,650106000000,'头屯河区'),(2763,650100000000,650107000000,'达坂城区'),(2764,650100000000,650109000000,'米东区'),(2765,650100000000,650121000000,'乌鲁木齐县'),(2766,650200000000,650202000000,'独山子区'),(2767,650200000000,650203000000,'克拉玛依区'),(2768,650200000000,650204000000,'白碱滩区'),(2769,650200000000,650205000000,'乌尔禾区'),(2770,652100000000,652101000000,'吐鲁番市'),(2771,652100000000,652122000000,'鄯善县'),(2772,652100000000,652123000000,'托克逊县'),(2773,652200000000,652201000000,'哈密市'),(2774,652200000000,652222000000,'巴里坤哈萨克自治县'),(2775,652200000000,652223000000,'伊吾县'),(2776,652300000000,652301000000,'昌吉市'),(2777,652300000000,652302000000,'阜康市'),(2778,652300000000,652323000000,'呼图壁县'),(2779,652300000000,652324000000,'玛纳斯县'),(2780,652300000000,652325000000,'奇台县'),(2781,652300000000,652327000000,'吉木萨尔县'),(2782,652300000000,652328000000,'木垒哈萨克自治县'),(2783,652700000000,652701000000,'博乐市'),(2784,652700000000,652702000000,'阿拉山口市'),(2785,652700000000,652722000000,'精河县'),(2786,652700000000,652723000000,'温泉县'),(2787,652800000000,652801000000,'库尔勒市'),(2788,652800000000,652822000000,'轮台县'),(2789,652800000000,652823000000,'尉犁县'),(2790,652800000000,652824000000,'若羌县'),(2791,652800000000,652825000000,'且末县'),(2792,652800000000,652826000000,'焉耆回族自治县'),(2793,652800000000,652827000000,'和静县'),(2794,652800000000,652828000000,'和硕县'),(2795,652800000000,652829000000,'博湖县'),(2796,652900000000,652901000000,'阿克苏市'),(2797,652900000000,652922000000,'温宿县'),(2798,652900000000,652923000000,'库车县'),(2799,652900000000,652924000000,'沙雅县'),(2800,652900000000,652925000000,'新和县'),(2801,652900000000,652926000000,'拜城县'),(2802,652900000000,652927000000,'乌什县'),(2803,652900000000,652928000000,'阿瓦提县'),(2804,652900000000,652929000000,'柯坪县'),(2805,653000000000,653001000000,'阿图什市'),(2806,653000000000,653022000000,'阿克陶县'),(2807,653000000000,653023000000,'阿合奇县'),(2808,653000000000,653024000000,'乌恰县'),(2809,653100000000,653101000000,'喀什市'),(2810,653100000000,653121000000,'疏附县'),(2811,653100000000,653122000000,'疏勒县'),(2812,653100000000,653123000000,'英吉沙县'),(2813,653100000000,653124000000,'泽普县'),(2814,653100000000,653125000000,'莎车县'),(2815,653100000000,653126000000,'叶城县'),(2816,653100000000,653127000000,'麦盖提县'),(2817,653100000000,653128000000,'岳普湖县'),(2818,653100000000,653129000000,'伽师县'),(2819,653100000000,653130000000,'巴楚县'),(2820,653100000000,653131000000,'塔什库尔干塔吉克自治县'),(2821,653200000000,653201000000,'和田市'),(2822,653200000000,653221000000,'和田县'),(2823,653200000000,653222000000,'墨玉县'),(2824,653200000000,653223000000,'皮山县'),(2825,653200000000,653224000000,'洛浦县'),(2826,653200000000,653225000000,'策勒县'),(2827,653200000000,653226000000,'于田县'),(2828,653200000000,653227000000,'民丰县'),(2829,654000000000,654002000000,'伊宁市'),(2830,654000000000,654003000000,'奎屯市'),(2831,654000000000,654021000000,'伊宁县'),(2832,654000000000,654022000000,'察布查尔锡伯自治县'),(2833,654000000000,654023000000,'霍城县'),(2834,654000000000,654024000000,'巩留县'),(2835,654000000000,654025000000,'新源县'),(2836,654000000000,654026000000,'昭苏县'),(2837,654000000000,654027000000,'特克斯县'),(2838,654000000000,654028000000,'尼勒克县'),(2839,654200000000,654201000000,'塔城市'),(2840,654200000000,654202000000,'乌苏市'),(2841,654200000000,654221000000,'额敏县'),(2842,654200000000,654223000000,'沙湾县'),(2843,654200000000,654224000000,'托里县'),(2844,654200000000,654225000000,'裕民县'),(2845,654200000000,654226000000,'和布克赛尔蒙古自治县'),(2846,654300000000,654301000000,'阿勒泰市'),(2847,654300000000,654321000000,'布尔津县'),(2848,654300000000,654322000000,'富蕴县'),(2849,654300000000,654323000000,'福海县'),(2850,654300000000,654324000000,'哈巴河县'),(2851,654300000000,654325000000,'青河县'),(2852,654300000000,654326000000,'吉木乃县'),(2853,659000000000,659001000000,'石河子市'),(2854,659000000000,659002000000,'阿拉尔市'),(2855,659000000000,659003000000,'图木舒克市'),(2856,659000000000,659004000000,'五家渠市');
/*!40000 ALTER TABLE `y_area_county` ENABLE KEYS */;
UNLOCK TABLES;

--
-- Table structure for table `y_area_provice`
--

DROP TABLE IF EXISTS `y_area_provice`;
/*!40101 SET @saved_cs_client     = @@character_set_client */;
/*!40101 SET character_set_client = utf8 */;
CREATE TABLE `y_area_provice` (
  `id` int(11) NOT NULL AUTO_INCREMENT COMMENT '主键ID',
  `provice_id` int(11) unsigned NOT NULL COMMENT '省份id、省份编号',
  `provice_name` char(32) NOT NULL COMMENT '省份名称',
  PRIMARY KEY (`id`),
  UNIQUE KEY `provice_id` (`provice_id`)
) ENGINE=InnoDB AUTO_INCREMENT=36 DEFAULT CHARSET=utf8 COMMENT='省份数据库';
/*!40101 SET character_set_client = @saved_cs_client */;

--
-- Dumping data for table `y_area_provice`
--

LOCK TABLES `y_area_provice` WRITE;
/*!40000 ALTER TABLE `y_area_provice` DISABLE KEYS */;
INSERT INTO `y_area_provice` VALUES (1,110,'北京市'),(2,120,'天津市'),(3,130,'河北省'),(4,140,'山西省'),(5,150,'内蒙古自治区'),(6,210,'辽宁省'),(7,220,'吉林省'),(8,230,'黑龙江省'),(9,310,'上海市'),(10,320,'江苏省'),(11,330,'浙江省'),(12,340,'安徽省'),(13,350,'福建省'),(14,360,'江西省'),(15,370,'山东省'),(16,410,'河南省'),(17,420,'湖北省'),(18,430,'湖南省'),(19,440,'广东省'),(20,450,'广西壮族自治区'),(21,460,'海南省'),(22,500,'重庆市'),(23,510,'四川省'),(24,520,'贵州省'),(25,530,'云南省'),(26,540,'西藏自治区'),(27,610,'陕西省'),(28,620,'甘肃省'),(29,630,'青海省'),(30,640,'宁夏回族自治区'),(31,650,'新疆维吾尔自治区'),(32,660,'香港'),(33,680,'澳门'),(34,670,'台湾'),(35,690,'钓鱼岛');
/*!40000 ALTER TABLE `y_area_provice` ENABLE KEYS */;
UNLOCK TABLES;

--
-- Table structure for table `y_art_comment`
--

DROP TABLE IF EXISTS `y_art_comment`;
/*!40101 SET @saved_cs_client     = @@character_set_client */;
/*!40101 SET character_set_client = utf8 */;
CREATE TABLE `y_art_comment` (
  `id` mediumint(15) NOT NULL AUTO_INCREMENT,
  `userid` mediumint(15) NOT NULL COMMENT '用户id',
  `content` text NOT NULL COMMENT '内容',
  `ctime` timestamp NOT NULL DEFAULT CURRENT_TIMESTAMP COMMENT '评价时间',
  `artId` int(11) NOT NULL COMMENT '文章ID',
  `pid` int(11) DEFAULT NULL COMMENT '楼层id',
  `cid` int(11) NOT NULL COMMENT '栏目id',
  `status` tinyint(2) NOT NULL DEFAULT '2' COMMENT '状态：1为显示，2为待审核，3为关闭',
  PRIMARY KEY (`id`)
) ENGINE=InnoDB AUTO_INCREMENT=46 DEFAULT CHARSET=utf8 COMMENT='用户评论表，文章模块 。';
/*!40101 SET character_set_client = @saved_cs_client */;

--
-- Dumping data for table `y_art_comment`
--

LOCK TABLES `y_art_comment` WRITE;
/*!40000 ALTER TABLE `y_art_comment` DISABLE KEYS */;
INSERT INTO `y_art_comment` VALUES (1,10,'我是来发评价的。','2015-06-28 16:01:13',15,NULL,28,1),(2,10,'我又来发评价了。','2015-06-28 16:01:13',15,NULL,28,1),(3,10,'fsdfdsf','2015-06-28 16:01:13',15,NULL,28,1),(4,10,'听说来发评论有奖。。','2015-06-28 16:01:13',15,NULL,28,1),(5,10,'fdfdf','2015-06-28 16:01:13',15,NULL,28,1),(6,10,'fdsfdsfd','2015-06-28 16:01:13',15,NULL,28,1),(7,10,'fdsfdsf','2015-06-28 16:01:13',15,NULL,28,1),(8,10,'dfdsfdsf','2015-06-28 16:01:13',15,NULL,28,1),(9,10,'先发一个评论，再测试1楼。','2015-06-28 16:01:13',15,NULL,28,1),(11,10,'再测试1楼。','2015-06-28 16:01:13',15,9,28,1),(12,10,'我做3楼。','2015-06-28 16:01:13',15,11,28,1),(13,4,'那我做4楼吧。。','2015-06-28 16:01:13',15,12,28,1),(14,4,'我告诉你，这个最多只能盖15层楼。。','2015-06-28 16:01:13',15,13,28,1),(15,4,'我终于完成了，可以盖楼层的评论，哈哈哈哈。。','2015-06-28 16:01:13',15,14,28,1),(16,4,'我就要试试看咋的啊 。。','2015-06-28 16:01:13',15,13,28,1),(17,4,'我这里应该是6楼了吧。。','2015-06-28 16:01:13',15,15,28,1),(18,4,'错了，我是8楼，你是7楼。','2015-06-28 16:01:13',15,17,28,1),(19,11,'我肯定是9楼。','2015-06-28 16:01:13',15,18,28,1),(21,4,'dfasfds','2015-06-28 16:25:16',15,19,28,1),(22,4,'sdfdfasf','2015-06-28 16:30:11',15,1,28,1),(23,4,'aa','2015-06-28 16:30:19',15,22,28,1),(24,4,'sdfsaf','2015-07-01 20:10:38',17,NULL,26,1),(25,4,'fsadfadsf','2015-07-08 15:51:19',17,NULL,26,1),(26,4,'dsfadsfds','2015-07-08 15:52:36',18,NULL,26,1),(27,4,'测试评论','2015-07-08 15:52:43',18,NULL,26,1),(28,4,'测试评论','2015-07-08 15:53:38',18,27,26,1),(29,4,'测试评论  3 楼','2015-07-08 15:53:50',18,28,26,1),(30,4,'4楼','2015-07-08 15:54:01',18,29,26,1),(32,4,'这个系统不错。。','2016-03-23 05:23:16',15,19,28,1),(33,4,'回复评论测试 。。。','2016-03-23 05:23:43',15,32,28,1),(34,4,'我来说两句。。。','2016-03-23 05:24:13',15,NULL,28,1),(35,4,'回复评论测试回复评论测试回复评论测试回复评论测试回复评论测试回复评论测试','2016-03-23 05:25:04',15,34,28,1),(36,4,'回复评论测试回复评论测试','2016-03-23 05:25:10',15,35,28,1),(41,19,'aaaaaaaaaaa','2016-03-23 07:15:03',21,NULL,25,1),(42,19,'bbbbbbbb','2016-03-23 07:15:15',21,41,25,1),(43,19,'ccccccccc','2016-03-23 07:15:19',21,42,25,1),(45,4,'五楼','2016-03-24 02:17:40',18,30,26,1);
/*!40000 ALTER TABLE `y_art_comment` ENABLE KEYS */;
UNLOCK TABLES;

--
-- Table structure for table `y_category`
--

DROP TABLE IF EXISTS `y_category`;
/*!40101 SET @saved_cs_client     = @@character_set_client */;
/*!40101 SET character_set_client = utf8 */;
CREATE TABLE `y_category` (
  `id` int(11) NOT NULL AUTO_INCREMENT,
  `name` varchar(200) DEFAULT NULL,
  `catdesc` varchar(200) DEFAULT NULL,
  `parentId` int(11) DEFAULT NULL,
  `sort` int(11) DEFAULT NULL,
  `status` tinyint(1) NOT NULL DEFAULT '1',
  `level` int(11) NOT NULL DEFAULT '1' COMMENT '分类的级别',
  `typeId` int(11) NOT NULL COMMENT '关联的类型id',
  `floor` text NOT NULL COMMENT '楼层设置，使用php数组.',
  `banner` text NOT NULL COMMENT '滚动图片 ，使用PHP数组',
  PRIMARY KEY (`id`),
  UNIQUE KEY `id` (`id`)
) ENGINE=InnoDB AUTO_INCREMENT=32 DEFAULT CHARSET=utf8;
/*!40101 SET character_set_client = @saved_cs_client */;

--
-- Dumping data for table `y_category`
--

LOCK TABLES `y_category` WRITE;
/*!40000 ALTER TABLE `y_category` DISABLE KEYS */;
INSERT INTO `y_category` VALUES (1,'熟食类','',0,500,1,1,0,'a:1:{s:13:\"g201565184553\";a:4:{s:4:\"name\";s:12:\"店家推荐\";s:4:\"sort\";s:1:\"1\";s:4:\"link\";s:0:\"\";s:7:\"goodsid\";a:4:{i:0;s:3:\"189\";i:1;s:3:\"205\";i:2;s:3:\"194\";i:3;s:3:\"196\";}}}',''),(2,'鸡/鸭/鱼/肉','',1,500,1,2,38,'',''),(3,'豆制品','',1,500,1,2,39,'',''),(4,'下饭菜','',1,500,1,2,38,'',''),(5,'海鲜/水产','',1,500,1,2,38,'',''),(6,'干货/炒货/果干类','',0,500,1,1,0,'',''),(7,'坚果/炒货/核桃','',6,500,1,2,38,'',''),(8,'枣类','',6,500,1,2,38,'',''),(9,'果干','',6,500,1,2,38,'',''),(10,'其它','',1,501,1,2,38,'',''),(11,'其它','',6,500,1,2,38,'',''),(12,'饼/糕/膨化食品/面','',0,500,1,1,0,'',''),(13,'蛋糕/面包类','',12,500,1,2,42,'',''),(14,'饼干类','',12,500,1,2,42,'',''),(15,'方便面/粉类','',12,500,1,2,38,'',''),(16,'糖果/酒/饮料','',0,500,1,1,40,'a:1:{s:13:\"g201622623121\";a:4:{s:4:\"name\";s:7:\"2323432\";s:4:\"sort\";s:0:\"\";s:4:\"link\";s:0:\"\";s:7:\"goodsid\";a:1:{i:0;s:3:\"212\";}}}',''),(17,'糖果类','',16,500,1,2,38,'',''),(18,'白酒','',16,500,1,2,40,'',''),(19,'红酒','',16,500,1,2,40,'',''),(20,'啤酒','',16,500,1,2,40,'',''),(22,'果汁饮料','',16,500,1,2,38,'',''),(23,'牛奶','',16,500,1,2,38,'',''),(24,'糕点','',12,500,1,2,42,'',''),(25,'面食','',12,500,1,2,38,'',''),(26,'腊制品','',1,500,1,2,38,'',''),(27,'火腿','',1,500,1,2,38,'',''),(28,'水果','',0,500,1,1,0,'',''),(29,'仁果类','',28,500,1,2,38,'',''),(30,'浆果类','',28,500,1,2,38,'',''),(31,'瓜类','',28,500,1,2,38,'','');
/*!40000 ALTER TABLE `y_category` ENABLE KEYS */;
UNLOCK TABLES;

--
-- Table structure for table `y_channel-article`
--

DROP TABLE IF EXISTS `y_channel-article`;
/*!40101 SET @saved_cs_client     = @@character_set_client */;
/*!40101 SET character_set_client = utf8 */;
CREATE TABLE `y_channel-article` (
  `id` int(11) unsigned NOT NULL AUTO_INCREMENT,
  `cid` int(11) NOT NULL COMMENT '栏目id',
  `cid2` int(11) NOT NULL COMMENT '副栏目id',
  `title` varchar(240) NOT NULL COMMENT '标题',
  `picname` varchar(250) NOT NULL COMMENT '缩略图',
  `source` varchar(255) NOT NULL COMMENT '来源',
  `modifytime` timestamp NOT NULL DEFAULT '0000-00-00 00:00:00' ON UPDATE CURRENT_TIMESTAMP COMMENT '修改时间',
  `addtime` timestamp NOT NULL DEFAULT '0000-00-00 00:00:00' COMMENT '创建时间',
  `hits` mediumint(15) unsigned NOT NULL DEFAULT '1' COMMENT '点击率',
  `sort` int(10) NOT NULL DEFAULT '999' COMMENT '权重 ，越小越靠 前',
  `user` int(11) NOT NULL COMMENT '创建者',
  `arcrank` char(10) NOT NULL DEFAULT 'o' COMMENT '开放权限,o为全部开放',
  `isdelete` tinyint(2) NOT NULL DEFAULT '2',
  `comments` mediumint(15) NOT NULL COMMENT '评论次数',
  PRIMARY KEY (`id`),
  UNIQUE KEY `id` (`id`)
) ENGINE=InnoDB AUTO_INCREMENT=35 DEFAULT CHARSET=utf8 COMMENT='客户案例';
/*!40101 SET character_set_client = @saved_cs_client */;

--
-- Dumping data for table `y_channel-article`
--

LOCK TABLES `y_channel-article` WRITE;
/*!40000 ALTER TABLE `y_channel-article` DISABLE KEYS */;
INSERT INTO `y_channel-article` VALUES (7,3,0,'创业，我为什么屡次失败仍要继续前行','','测试数据','2016-03-22 16:18:57','2015-03-31 13:57:07',187,999,5,'o',2,0),(11,26,0,'测试数据测试数据测试数据','','','2016-03-10 05:16:42','2015-04-09 19:32:31',234,999,5,'o',2,0),(13,26,0,'转义 SQL 语句中使用的字符串中的特殊字符，并考虑到连接的当前字符集','','本站','2015-11-03 00:29:37','2015-04-09 19:45:44',126,999,5,'o',2,0),(14,26,0,'IE宣布开源项目：为Chrome开发工具引入IE适配器','1001/thumb_1459354688.jpg','本站','2016-03-31 15:58:41','2015-04-09 20:01:07',273,999,5,'o',2,0),(15,28,0,'测试数据测试数据测试数据测试数据','1001/thumb_1459359274.jpg','本站','2016-04-08 10:12:20','2015-04-10 00:14:56',259,999,5,'o',2,28),(16,26,0,'VIM中的正则表达式','1001/thumb_1459362466.jpg','','2016-04-02 05:19:49','2015-04-12 23:32:29',123,999,5,'o',2,0),(17,26,0,'MySQL里面的子查询实例','1001/thumb_1459378064.jpg','','2016-05-04 19:31:26','2015-06-18 15:02:48',316,999,5,'o',2,2),(18,26,0,'中国股市暴跌蒸发的钱去哪了？','1001/thumb_1459246600.jpg','','2016-04-02 07:44:18','2015-07-02 22:43:33',328,999,5,'o',2,6),(19,28,0,'测试账号及银联支付卡信息','1001/thumb_1459353456.jpg','','2016-04-01 05:23:37','2015-07-10 15:32:24',188,999,5,'o',2,0),(20,26,0,'安装 redis','1001/thumb_1459354688.jpg','','2016-03-31 15:54:16','2015-12-14 22:30:17',249,999,5,'o',2,0),(21,25,0,'小米网站','1001/thumb_1459359274.jpg','','2016-04-01 05:22:45','2016-03-11 17:29:32',395,999,5,'o',2,5),(23,26,0,'短信推送使用  阿里大鱼','1001/thumb_1459378064.jpg','','2016-05-05 01:22:02','2016-03-21 05:55:13',217,999,5,'o',2,1),(24,26,0,'淘宝开放平台网址','1001/thumb_1435930408.jpg','','2016-05-14 08:31:42','2016-03-21 08:22:19',127,999,5,'o',2,1),(25,33,0,'测试数据11','','','2016-04-01 07:19:05','2016-04-01 07:13:14',337,999,5,'o',2,0),(26,33,0,'测试数据22','','','2016-04-01 07:13:56','2016-04-01 07:13:56',271,999,5,'o',2,0),(27,33,0,'测试数据33','','','2016-04-08 10:12:02','2016-04-01 07:14:05',240,999,5,'o',2,0),(28,34,0,'测试数据11','','','2016-04-01 07:14:18','2016-04-01 07:14:18',110,999,5,'o',2,0),(29,34,0,'测试数据22','','','2016-04-22 02:00:04','2016-04-01 07:14:28',219,999,5,'o',2,0),(30,34,0,'测试数据33','','','2016-04-01 07:17:40','2016-04-01 07:14:36',300,999,5,'o',2,0),(31,35,0,'测试数据11','','','2016-04-02 04:38:16','2016-04-01 07:14:45',241,999,5,'o',2,0),(32,35,0,'测试数据22','','','2016-04-02 04:38:16','2016-04-01 07:14:52',309,999,5,'o',2,0),(33,35,0,'测试数据33','','','2016-05-06 02:00:27','2016-04-01 07:15:00',61,999,5,'o',2,0),(34,3,0,'数字大写','1001/thumb_1460015120.jpg','','2016-07-07 16:32:20','2016-04-10 04:51:26',185,999,5,'o',2,0);
/*!40000 ALTER TABLE `y_channel-article` ENABLE KEYS */;
UNLOCK TABLES;

--
-- Table structure for table `y_channel-article_field`
--

DROP TABLE IF EXISTS `y_channel-article_field`;
/*!40101 SET @saved_cs_client     = @@character_set_client */;
/*!40101 SET character_set_client = utf8 */;
CREATE TABLE `y_channel-article_field` (
  `aid` int(11) unsigned NOT NULL DEFAULT '0',
  `content` longtext,
  PRIMARY KEY (`aid`)
) ENGINE=MyISAM DEFAULT CHARSET=utf8 COMMENT='文章列表扩展字段';
/*!40101 SET character_set_client = @saved_cs_client */;

--
-- Dumping data for table `y_channel-article_field`
--

LOCK TABLES `y_channel-article_field` WRITE;
/*!40000 ALTER TABLE `y_channel-article_field` DISABLE KEYS */;
INSERT INTO `y_channel-article_field` VALUES (7,'<span style=\"color:#333333;font-family:\'Century Gothic\', \'MicroSoft YaHei\', \'hiragino sans GB\', \'Helvetica Neue\', Helvetica, Arial, sans-serif;font-size:14px;line-height:36px;background-color:#F4F6F8;\">1988&nbsp;年出生的熊超没有想到，以往只是在小说、电视剧中出现的桥段，竟然发生在自己身上——自己一手创立的公司在他毫不知情的情况下易主，创业伙伴分道扬镳，自己被“赶出”公司。这是熊超的第二次创业。 </span><br />\r\n<br />\r\n<span style=\"color:#333333;font-family:\'Century Gothic\', \'MicroSoft YaHei\', \'hiragino sans GB\', \'Helvetica Neue\', Helvetica, Arial, sans-serif;font-size:14px;line-height:36px;background-color:#F4F6F8;\">今年，熊超开始了第三次创业。</span><br />\r\n<br />\r\n<p>\r\n	<span style=\"color:#333333;font-family:\'Century Gothic\', \'MicroSoft YaHei\', \'hiragino sans GB\', \'Helvetica Neue\', Helvetica, Arial, sans-serif;font-size:14px;line-height:36px;background-color:#F4F6F8;\">近年来，一大批&nbsp;80&nbsp;后、90&nbsp;后加入创业大军，他们中很多人屡败屡战，仍然在执着地坚持着。</span> \r\n</p>\r\n<p>\r\n	<span style=\"color:#333333;font-family:\'Century Gothic\', \'MicroSoft YaHei\', \'hiragino sans GB\', \'Helvetica Neue\', Helvetica, Arial, sans-serif;font-size:14px;line-height:36px;background-color:#F4F6F8;\"> </span> \r\n</p>\r\n<div id=\"editorImage1428558452372\" style=\"text-align:center;\">\r\n	<img src=\"/image/1001/400_1427854360.jpg\" width=\"400\" height=\"300\" alt=\"\" title=\"\" align=\"\" /> \r\n</div>\r\n<br />\r\n<p>\r\n	<br />\r\n</p>\r\n<br />\r\n<span style=\"color:#333333;font-family:\'Century Gothic\', \'MicroSoft YaHei\', \'hiragino sans GB\', \'Helvetica Neue\', Helvetica, Arial, sans-serif;font-size:14px;background-color:#F4F6F8;\"><b>熊超：被自己一手创办的公司开除</b></span><br />\r\n<br />\r\n<span style=\"color:#333333;font-family:\'Century Gothic\', \'MicroSoft YaHei\', \'hiragino sans GB\', \'Helvetica Neue\', Helvetica, Arial, sans-serif;font-size:14px;line-height:36px;background-color:#F4F6F8;\">如今，各种打车软件风生水起，其实，早在熊超大学毕业工作两年后，就萌生了以打车软件为产品创业的想法。然而，仅仅&nbsp;3&nbsp;个月时间，他就败下阵来。</span><br />\r\n<br />\r\n<span style=\"color:#333333;font-family:\'Century Gothic\', \'MicroSoft YaHei\', \'hiragino sans GB\', \'Helvetica Neue\', Helvetica, Arial, sans-serif;font-size:14px;line-height:36px;background-color:#F4F6F8;\">2010&nbsp;年大学毕业后，熊超留在西安，在一家知名互联网公司工作。他没有驾照，平时打车也很多。2012&nbsp;年，熊超萌生了做一个“点点易招车”软件的想法。当时，熊超偶遇一个学计算机专业的高中同学，两个人很快有了创业的共识。为此，这个同学放弃了到北京工作的机会，熊超正式辞职，两人在租来的一间两室一厅的老房子里开始了创业。熊超写文案做设计图，他的同学写程序。</span><br />\r\n<br />\r\n<span style=\"color:#333333;font-family:\'Century Gothic\', \'MicroSoft YaHei\', \'hiragino sans GB\', \'Helvetica Neue\', Helvetica, Arial, sans-serif;font-size:14px;line-height:36px;background-color:#F4F6F8;\">创业，两人没有任何的经验积累。熊超抽空去旁听了一个创业培训班的课，结识了一位做互联网创业的导师。他告诉老师，自己想做一个手机打车的&nbsp;APP。老师看完熊超的方案说，出租车司机的文化程度良莠不齐，智能手机还没普及，“建议你再想想”。现在想来，熊超觉得初次创业最缺的不是技术和资金，&nbsp;“站的高度更重要”。</span><br />\r\n<br />\r\n<span style=\"color:#333333;font-family:\'Century Gothic\', \'MicroSoft YaHei\', \'hiragino sans GB\', \'Helvetica Neue\', Helvetica, Arial, sans-serif;font-size:14px;line-height:36px;background-color:#F4F6F8;\">后来，熊超又去参加了一次投融资宣讲会，投资人的意见是，这个市场体量太小。</span><br />\r\n<br />\r\n<span style=\"color:#333333;font-family:\'Century Gothic\', \'MicroSoft YaHei\', \'hiragino sans GB\', \'Helvetica Neue\', Helvetica, Arial, sans-serif;font-size:14px;line-height:36px;background-color:#F4F6F8;\">这是发生在&nbsp;2012&nbsp;年&nbsp;9&nbsp;月到&nbsp;12&nbsp;月之间的事情。两边的声音让熊超犹豫了。</span><br />\r\n<br />\r\n<span style=\"color:#333333;font-family:\'Century Gothic\', \'MicroSoft YaHei\', \'hiragino sans GB\', \'Helvetica Neue\', Helvetica, Arial, sans-serif;font-size:14px;line-height:36px;background-color:#F4F6F8;\">2013&nbsp;年年初，熊超从新闻上看到，杭州和北京出现招车软件，拿到千万美元的投资。这时熊超和同学才下定决心做自己的招车软件，可&nbsp;3&nbsp;个月的先机已经失去了。两人边学边做，一个&nbsp;bug&nbsp;一个&nbsp;bug&nbsp;地改。5&nbsp;月，他们做出了安卓&nbsp;APP。</span><br />\r\n<br />\r\n<span style=\"color:#333333;font-family:\'Century Gothic\', \'MicroSoft YaHei\', \'hiragino sans GB\', \'Helvetica Neue\', Helvetica, Arial, sans-serif;font-size:14px;line-height:36px;background-color:#F4F6F8;\">有一天，熊超在坐出租车时跟司机聊天，才发现“狼已经来了”。那时，打车软件在西安的推销方式是：推销&nbsp;APP&nbsp;的人员在汽车加油站手把手教出租车司机下载&nbsp;APP，还送&nbsp;50&nbsp;元手机话费充值卡和手机支架。熊超算下来，这家公司每个月的递推成本就是&nbsp;300&nbsp;万元。当时，他正在接洽一个风投，他所能获得的整个营销投资不超过&nbsp;500&nbsp;万元。“这是不对等的战争”。</span><br />\r\n<br />\r\n<span style=\"color:#333333;font-family:\'Century Gothic\', \'MicroSoft YaHei\', \'hiragino sans GB\', \'Helvetica Neue\', Helvetica, Arial, sans-serif;font-size:14px;line-height:36px;background-color:#F4F6F8;\">在一次投融资现场，劳累过度的熊超突然晕倒，被送进医院。因心动过速，他在医院治疗了&nbsp;8&nbsp;天，被要求强制休息。第一次创业，就这样草草收场。</span><br />\r\n<br />\r\n<span style=\"color:#333333;font-family:\'Century Gothic\', \'MicroSoft YaHei\', \'hiragino sans GB\', \'Helvetica Neue\', Helvetica, Arial, sans-serif;font-size:14px;line-height:36px;background-color:#F4F6F8;\">2013&nbsp;年&nbsp;9&nbsp;月，熊超身体逐渐恢复。他和技术伙伴决定开始新的项目。这个时候，这个微型创业团队又多了一个程序员。为了生存，他们开始做一些互联网的外包，“比如帮商家建微信网店、互联网商城等”。熊超骑着摩托车一家一家地去拜访客户，接到了不少订单，大多交易额在两万元左右。他们还招聘了正式的美术设计、营销人员。</span><br />\r\n<br />\r\n<span style=\"color:#333333;font-family:\'Century Gothic\', \'MicroSoft YaHei\', \'hiragino sans GB\', \'Helvetica Neue\', Helvetica, Arial, sans-serif;font-size:14px;line-height:36px;background-color:#F4F6F8;\">2014&nbsp;年三四月，熊超团队承接了一家旅行社的订单。订单做完，旅行社负责人找到熊超，希望能合作做在线旅游方面的项目。借此，熊超团队正式开始了第二次创业。</span><br />\r\n<br />\r\n<span style=\"color:#333333;font-family:\'Century Gothic\', \'MicroSoft YaHei\', \'hiragino sans GB\', \'Helvetica Neue\', Helvetica, Arial, sans-serif;font-size:14px;line-height:36px;background-color:#F4F6F8;\">“在这个过程中，我犯了一个很大的错误，就是因为年纪轻、经验不足，不注重法务和协议签署。”熊超总结当年的失败原因，声音哽咽。2014&nbsp;年&nbsp;8&nbsp;月，产品进行测试阶段，熊超回安康老家不过一周的时间，公司就发生变动，所有人员工资翻倍，管理人员换人，合作伙伴也换了人。</span><br />\r\n<br />\r\n<span style=\"color:#333333;font-family:\'Century Gothic\', \'MicroSoft YaHei\', \'hiragino sans GB\', \'Helvetica Neue\', Helvetica, Arial, sans-serif;font-size:14px;line-height:36px;background-color:#F4F6F8;\">按照先前的约定，熊超与旅行社新成立的公司中，熊超占&nbsp;70%&nbsp;的股份，对方占&nbsp;30%。就公司的变动熊超质问合作伙伴，对方说，他们之间没有签署任何文件，甚至公司都因为各种借口迟迟没有成立。熊超无奈离开。</span><br />\r\n<br />\r\n<span style=\"color:#333333;font-family:\'Century Gothic\', \'MicroSoft YaHei\', \'hiragino sans GB\', \'Helvetica Neue\', Helvetica, Arial, sans-serif;font-size:14px;line-height:36px;background-color:#F4F6F8;\">被自己一手创立的公司开除，对于熊超来说，事业一下跌到谷底。当年的合作伙伴，已经是那个公司的技术高管了，“他们已经成家，不可能放弃现在稳定的环境再跟我离开。我不仅失掉了项目，也失掉了他们”。</span><br />\r\n<br />\r\n<span style=\"color:#333333;font-family:\'Century Gothic\', \'MicroSoft YaHei\', \'hiragino sans GB\', \'Helvetica Neue\', Helvetica, Arial, sans-serif;font-size:14px;line-height:36px;background-color:#F4F6F8;\">消沉了一段时间，熊超又找到了志同道合的新伙伴，还是做互联网项目。4&nbsp;个创始人商定，在拿到第一笔投资前，不拿工资。他们的产品今年&nbsp;4&nbsp;月即将上线。这一次，熊超更加用心地寻找投资人，“这次选择会比上次更聪明、谨慎”。</span><br />\r\n<br />\r\n<b><span style=\"font-size:14px;\">徐红虎：5&nbsp;次失败之后再出发</span></b><br />\r\n<br />\r\n<span style=\"color:#333333;font-family:\'Century Gothic\', \'MicroSoft YaHei\', \'hiragino sans GB\', \'Helvetica Neue\', Helvetica, Arial, sans-serif;font-size:14px;line-height:36px;background-color:#F4F6F8;\">徐红虎，暨南大学&nbsp;2003&nbsp;级广告系毕业生。如今，距离他第一次创业，已经&nbsp;10&nbsp;多年时间过去了。这期间，他&nbsp;6&nbsp;次创业。</span><br />\r\n<br />\r\n<span style=\"color:#333333;font-family:\'Century Gothic\', \'MicroSoft YaHei\', \'hiragino sans GB\', \'Helvetica Neue\', Helvetica, Arial, sans-serif;font-size:14px;line-height:36px;background-color:#F4F6F8;\">2004&nbsp;年，徐红虎开始做关于电脑桌面的广告投放系统。“当时，大概控制了包括大学、网吧在内的&nbsp;6&nbsp;万余家电脑桌面，说起来这个成绩还算是不错的。”但是，也正是这个成绩，让徐红虎放松了警惕，“处在大二这个脑洞大开的年纪，想法自然特别多”。</span><br />\r\n<br />\r\n<span style=\"color:#333333;font-family:\'Century Gothic\', \'MicroSoft YaHei\', \'hiragino sans GB\', \'Helvetica Neue\', Helvetica, Arial, sans-serif;font-size:14px;line-height:36px;background-color:#F4F6F8;\">在做广告投放系统的过程中，徐红虎又发现了比这“更大”的事业。于是，他转战到玩图当中，所涉及的领域从电脑桌面延伸到了网页、手机、体恤衫、DIY&nbsp;定制……</span><br />\r\n<br />\r\n<span style=\"color:#333333;font-family:\'Century Gothic\', \'MicroSoft YaHei\', \'hiragino sans GB\', \'Helvetica Neue\', Helvetica, Arial, sans-serif;font-size:14px;line-height:36px;background-color:#F4F6F8;\">“产业链拉得太长，资源需求就越来越大，最后只能是望洋兴叹。如果当时只专心去做电脑桌面这一方面的开发，对这一领域的掌控也就越来越有把握。”徐红虎将第一次创业失败总结为对商业模式的认知不足。</span><br />\r\n<br />\r\n<span style=\"color:#333333;font-family:\'Century Gothic\', \'MicroSoft YaHei\', \'hiragino sans GB\', \'Helvetica Neue\', Helvetica, Arial, sans-serif;font-size:14px;line-height:36px;background-color:#F4F6F8;\">徐红虎的第二次创业失败，与熊超的第一次失败有点类似。</span><br />\r\n<br />\r\n<span style=\"color:#333333;font-family:\'Century Gothic\', \'MicroSoft YaHei\', \'hiragino sans GB\', \'Helvetica Neue\', Helvetica, Arial, sans-serif;font-size:14px;line-height:36px;background-color:#F4F6F8;\">“2006&nbsp;年，发现很多人不会写博客里长篇大论的文章，而&nbsp;qq&nbsp;个性签名却很火。于是就想做一个既有文字又可配图、跟现在的微博一样性质的&nbsp;‘短博客’。然而，投资方说没价值，老师同学也说没价值。于是在这样一种外界太多声音不认可的情况下，我们不得不怀疑，可能我们的东西真的没有市场前景。”徐红虎选择了放弃。</span><br />\r\n<br />\r\n<span style=\"color:#333333;font-family:\'Century Gothic\', \'MicroSoft YaHei\', \'hiragino sans GB\', \'Helvetica Neue\', Helvetica, Arial, sans-serif;font-size:14px;line-height:36px;background-color:#F4F6F8;\">“3&nbsp;年后，新浪微博横空出世，自己心里难免悔恨，如果我们坚持做下去，极有可能获得成功。”直到现在回想起来，徐红虎都觉得这是一次“尴尬的失败”。</span><br />\r\n<br />\r\n<span style=\"color:#333333;font-family:\'Century Gothic\', \'MicroSoft YaHei\', \'hiragino sans GB\', \'Helvetica Neue\', Helvetica, Arial, sans-serif;font-size:14px;line-height:36px;background-color:#F4F6F8;\">此后，徐红虎又做了几个项目，几乎都以失败告终。</span><br />\r\n<br />\r\n<span style=\"color:#333333;font-family:\'Century Gothic\', \'MicroSoft YaHei\', \'hiragino sans GB\', \'Helvetica Neue\', Helvetica, Arial, sans-serif;font-size:14px;line-height:36px;background-color:#F4F6F8;\">经历了几次失败后，徐红虎渐渐领悟到，自己对于社会驾驭能力和资源把控的能力太有限，对于商业模式、互联网运营技术也都不是很清楚。于是，他在总结整理经验教训的同时，又开始了第五次创业。</span><br />\r\n<br />\r\n<span style=\"color:#333333;font-family:\'Century Gothic\', \'MicroSoft YaHei\', \'hiragino sans GB\', \'Helvetica Neue\', Helvetica, Arial, sans-serif;font-size:14px;line-height:36px;background-color:#F4F6F8;\">第五次创业，徐红虎想要建立一个面向大学生的互联网自行车交易平台。“因为有前几次创业积累下来的经验教训，所以网站的推广运营都比较顺利”，然而新的问题找上门来。“梅雨季节的广东几乎天天下雨，而我们当时的仓库又是那种租金很低的平房，结果自行车全部生锈了”。</span><br />\r\n<br />\r\n<span style=\"color:#333333;font-family:\'Century Gothic\', \'MicroSoft YaHei\', \'hiragino sans GB\', \'Helvetica Neue\', Helvetica, Arial, sans-serif;font-size:14px;line-height:36px;background-color:#F4F6F8;\">第五次失败的经历让徐红虎领悟到，原来创业过程中的每一节点都是有学问的，“本以为什么方面都考虑到了，偏偏仓储管理不在我的知识范畴之内”。因为创业失败，徐红虎负债累累。他暗下决心，3&nbsp;年之内不再创业。</span><br />\r\n<br />\r\n<span style=\"color:#333333;font-family:\'Century Gothic\', \'MicroSoft YaHei\', \'hiragino sans GB\', \'Helvetica Neue\', Helvetica, Arial, sans-serif;font-size:14px;line-height:36px;background-color:#F4F6F8;\">“随后，经过两三年的成长积累，社会人脉和资源也都统筹得不错，这个时候发觉自己尽管状态越来越好，岗位越来越高，但是离互联网创业的梦想却越来越远”。于是，几个有梦想的青年再次聚到了一起，“我们发现社会公共服务这个领域还未被大型互联网公司介入，那么这个领域将来必定是一片蓝海，这是个很值得我们去做的一项事业”。徐红虎再度迎来创业的春天——在团广州市委与南方都市报社共同帮助下开启了新的事业——全国首家公益社交平台志愿时。</span><br />\r\n<br />\r\n<b><span style=\"font-size:14px;\">毛陈：太过自信让我们沿错误方向走得很远</span></b><br />\r\n<br />\r\n<span style=\"color:#333333;font-family:\'Century Gothic\', \'MicroSoft YaHei\', \'hiragino sans GB\', \'Helvetica Neue\', Helvetica, Arial, sans-serif;font-size:14px;line-height:36px;background-color:#F4F6F8;\">同样是在&nbsp;2012&nbsp;年，南方医科大学大四学生毛陈开始第一次创业。</span><br />\r\n<br />\r\n<span style=\"color:#333333;font-family:\'Century Gothic\', \'MicroSoft YaHei\', \'hiragino sans GB\', \'Helvetica Neue\', Helvetica, Arial, sans-serif;font-size:14px;line-height:36px;background-color:#F4F6F8;\">身为学生会主席的毛陈，把学校里擅长摄影、平面设计等的同学聚到一起，建立了一个针对校园的文化传媒工作室。“刚建立起来的时候，得到了学校老师的支持，还给我们投了&nbsp;10&nbsp;万元，让我们买设备、租场地”。</span><br />\r\n<br />\r\n<span style=\"color:#333333;font-family:\'Century Gothic\', \'MicroSoft YaHei\', \'hiragino sans GB\', \'Helvetica Neue\', Helvetica, Arial, sans-serif;font-size:14px;line-height:36px;background-color:#F4F6F8;\">但是，“因为当时还是学生，需要上课，对创业也不是很懂，所以项目整体的运作比较松散。”毛陈回忆，整个项目运行了一年后，团队受到了一个致命性的打击，“我们团队里面基本上都是学医学的学生，到了大三之后学业压力非常重，再加上来自父母的压力——他们不想让自己的孩子去创业，更多的是希望让自己的孩子好好学习，有一个稳定的工作。所以这个时候有些队员开始提出退出团队”。</span><br />\r\n<br />\r\n<span style=\"color:#333333;font-family:\'Century Gothic\', \'MicroSoft YaHei\', \'hiragino sans GB\', \'Helvetica Neue\', Helvetica, Arial, sans-serif;font-size:14px;line-height:36px;background-color:#F4F6F8;\">随后，毛陈的整个团队出现了很大的震动。一个接一个的人提出退出，在这种破窗效应的影响下，团队成员所剩无几。“大家都是医学专业的学生，&nbsp;所以各方面人才的配备都不是很到位，对于公司化的运作没有经验。仅仅只是几个同学，有创业的兴趣，然后为了挣钱，就凑到一起，甚至连创业的决心也不坚定”。</span><br />\r\n<br />\r\n<span style=\"color:#333333;font-family:\'Century Gothic\', \'MicroSoft YaHei\', \'hiragino sans GB\', \'Helvetica Neue\', Helvetica, Arial, sans-serif;font-size:14px;line-height:36px;background-color:#F4F6F8;\">通过第一次创业，让毛陈明白创业决心、团队和商业化管理非常重要。这时，他自己也陷入一种迷茫的状态中：“到底自己是适合创业还是就业?”后来，在找实习工作的过程中，面试官鼓励他去创业，这让他很受鼓舞。“在那之后我很认真地想了几天，然后下定了创业的决心”。</span><br />\r\n<br />\r\n<span style=\"color:#333333;font-family:\'Century Gothic\', \'MicroSoft YaHei\', \'hiragino sans GB\', \'Helvetica Neue\', Helvetica, Arial, sans-serif;font-size:14px;line-height:36px;background-color:#F4F6F8;\">第二次创业，是与同学一起做避孕丁字裤的项目。“当时这个项目做出来，还登上了广州《羊城晚报》的头版，陆续还有许多网络媒体来采访我们。&nbsp;我们当时也参加了第一届广州青年文化创意创业大赛，团广州市委觉得我们这个创意不错，给我们对接了一个投资方，并且给予我们&nbsp;200&nbsp;万元的投资”。</span><br />\r\n<br />\r\n<span style=\"color:#333333;font-family:\'Century Gothic\', \'MicroSoft YaHei\', \'hiragino sans GB\', \'Helvetica Neue\', Helvetica, Arial, sans-serif;font-size:14px;line-height:36px;background-color:#F4F6F8;\">然而，令毛陈他们意想不到的是，问题出在了投资方身上。“我们的投资方以往主要是投资在酒店、房地产这样的实业上，给我们投资没多久，就赶上整个房地产行业不景气。投资方没钱了，我们&nbsp;200&nbsp;万元的投资也就落空了。”毛陈只好另找投资方，但是在这个过程当中又遇到了问题。“投资方看我们大多是学医学专业的学生，没有什么管理的经验，所以都不敢投。再加上当时自己虽然有决心，但是其他的团队成员决心还是不够。有些人总想着创业、就业两头兼顾，项目暂时被搁置了”。</span><br />\r\n<br />\r\n<span style=\"color:#333333;font-family:\'Century Gothic\', \'MicroSoft YaHei\', \'hiragino sans GB\', \'Helvetica Neue\', Helvetica, Arial, sans-serif;font-size:14px;line-height:36px;background-color:#F4F6F8;\">但毛陈并没有放弃。在参加比赛的时候，毛陈发现，很多团队都是在做移动互联网项目，受他们的启发，毛陈将移动互联网项目与自己所学专业结合，目前也找到了志同道合的投资方。</span><br />\r\n<br />\r\n<span style=\"color:#333333;font-family:\'Century Gothic\', \'MicroSoft YaHei\', \'hiragino sans GB\', \'Helvetica Neue\', Helvetica, Arial, sans-serif;font-size:14px;line-height:36px;background-color:#F4F6F8;\">毛陈说：“前两次的创业经历让我深刻地明白了团队的重要性。而要想组建一个专业的团队，首先必须要具有资源整合的能力和快速学习的能力。其次你要清楚你需要什么样的人才来建立你的团队，你去哪里能够挖到你想要的这些人才。最后你要有一个乐观的态度和坚定的信念。但同时我们也要怀有梦想，不能为了创业而创业，太过自信只会让我们沿着错误的方向走得很远，要有自我反思的意识。”</span><br />'),(11,'测试数据测试数据测试数据测试数据测试数据测试数据测试数据测试数据测试数据测试数据测试数据测试数据'),(13,'<div class=\"refnamediv\" style=\"font-family:\'Times New Roman\';font-size:medium;\">\r\n	<h1 class=\"refname\">\r\n		mysql_real_escape_string\r\n	</h1>\r\n	<p class=\"verinfo\">\r\n		(PHP 4 &gt;= 4.3.0, PHP 5)\r\n	</p>\r\n	<p class=\"refpurpose\">\r\n		<span class=\"refname\">mysql_real_escape_string</span>&nbsp;—&nbsp;<span class=\"dc-title\">转义 SQL 语句中使用的字符串中的特殊字符，并考虑到连接的当前字符集</span>\r\n	</p>\r\n</div>\r\n<div class=\"refsect1 unknown\" style=\"font-family:\'Times New Roman\';font-size:medium;\">\r\n	<h3 class=\"title\">\r\n		说明\r\n	</h3>\r\n	<div class=\"methodsynopsis dc-description\">\r\n		<span class=\"type\">string</span>&nbsp;<span class=\"methodname\"><b>mysql_real_escape_string</b></span>&nbsp;(&nbsp;<span class=\"methodparam\"><span class=\"type\">string</span>&nbsp;$unescaped_string</span>&nbsp;[,&nbsp;<span class=\"methodparam\"><span class=\"type\">resource</span>&nbsp;$link_identifier</span>&nbsp;] )\r\n	</div>\r\n	<p class=\"para rdfs-comment\">\r\n		本函数将&nbsp;<i>unescaped_string</i>&nbsp;中的特殊字符转义，并计及连接的当前字符集，因此可以安全用于&nbsp;<span class=\"function\"><a href=\"function.mysql-query.html\" class=\"function\">mysql_query()</a></span>。\r\n	</p>\r\n	<blockquote>\r\n		<p>\r\n			<b class=\"note\">Note</b>:&nbsp;<span class=\"simpara\"><span class=\"function\"><b>mysql_real_escape_string()</b></span>&nbsp;并不转义&nbsp;<i>%</i>&nbsp;和&nbsp;<i>_</i>。</span>\r\n		</p>\r\n	</blockquote>\r\n	<div class=\"example\">\r\n		<p>\r\n			<b>Example #1&nbsp;<span class=\"function\"><b>mysql_real_escape_string()</b></span>&nbsp;例子</b>\r\n		</p>\r\n		<div class=\"example-contents\">\r\n			<div class=\"phpcode\">\r\n				<span style=\"color:#0000BB;\">&lt;?php<br />\r\n$item&nbsp;</span><span style=\"color:#007700;\">=&nbsp;</span><span style=\"color:#DD0000;\">\"Zak\'s&nbsp;and&nbsp;Derick\'s&nbsp;Laptop\"</span><span style=\"color:#007700;\">;<br />\r\n</span><span style=\"color:#0000BB;\">$escaped_item&nbsp;</span><span style=\"color:#007700;\">=&nbsp;</span><span style=\"color:#0000BB;\">mysql_real_escape_string</span><span style=\"color:#007700;\">(</span><span style=\"color:#0000BB;\">$item</span><span style=\"color:#007700;\">);<br />\r\n</span><span style=\"color:#0000BB;\">printf&nbsp;</span><span style=\"color:#007700;\">(</span><span style=\"color:#DD0000;\">\"Escaped&nbsp;string:&nbsp;%s\\n\"</span><span style=\"color:#007700;\">,&nbsp;</span><span style=\"color:#0000BB;\">$escaped_item</span><span style=\"color:#007700;\">);<br />\r\n</span><span style=\"color:#0000BB;\">?&gt;</span>\r\n			</div>\r\n		</div>\r\n		<div class=\"example-contents\">\r\n			<p>\r\n				以上例子将产生如下输出：\r\n			</p>\r\n		</div>\r\n		<div class=\"example-contents screen\">\r\n			<div class=\"cdata\">\r\n<pre>Escaped string: Zak\\\'s and Derick\\\'s Laptop\r\n</pre>\r\n			</div>\r\n		</div>\r\n	</div>\r\n	<p class=\"para\">\r\n		参见&nbsp;<span class=\"function\"><a href=\"function.mysql-escape-string.html\" class=\"function\">mysql_escape_string()</a></span>&nbsp;和&nbsp;<span class=\"function\"><b>mysql_character_set_name()</b></span>。\r\n	</p>\r\n</div>'),(14,'<p style=\"text-indent:2em;\">\r\n	<span style=\"color:#333333;font-family:\'Century Gothic\', \'MicroSoft YaHei\', \'hiragino sans GB\', \'Helvetica Neue\', Helvetica, Arial, sans-serif;font-size:14px;line-height:36px;\">在过去的几个版本中，IE浏览器本身已经自带debug工具了，它可以像firebug一样帮助开发人员调试页面样式和JS等问题，你可以通过F12或者Visual&nbsp;Studio开启调试器。然而，为了更便捷于人们对最新Web应用的开发，今天，我们郑重宣布一个开源项目，即IE适配器。我们正致力于打造一个促进跨浏览器更广泛和多样化开发工具的生态系统，目前我们已经把这项计划锁定在IE11，当然，在未来的版本中我们也会持续更新。</span><br />\r\n<br />\r\n<span style=\"color:#333333;font-family:\'Century Gothic\', \'MicroSoft YaHei\', \'hiragino sans GB\', \'Helvetica Neue\', Helvetica, Arial, sans-serif;font-size:14px;line-height:36px;\"> 当前的浏览器基本上都已经支持WebDriver，使测试框架标准的机制来实现自动化浏览器。开发人员可以将一个新浏览器添加到他们的测试矩阵，从而降低开发成本。鉴于这点，我们也要开发一款第三方工具，以方便地嫁接于其它任何浏览器中，IE诊断适配器就是要将这成为可能，通过提供允许IE许可的远程调试协议的桥梁，便可以使用Chrome等第三方工具来调试IE下的网页了。虽然这还不是一种标准，而是由很多流行的开发工具组成，比如Adode支架。但是社区也正在做这方面的倡导，比如\"Kenneth&nbsp;Auchenberg\'s&nbsp;RemoteDebug\"，就是常见的跨浏览器协议，这已经为IOS版的Firefox、Safari提供了桥梁</span> \r\n</p>'),(15,'测试数据测试数据测试数据测试数据'),(16,'<h3>\r\n	使用正则表达式最常用的命令：\r\n</h3>\r\n<p>\r\n	:s///g &nbsp;搜索和替换\r\n</p>\r\n<h3>\r\n	元字符\r\n</h3>\r\n<p>\r\n	<br />\r\n</p>\r\n<p>\r\n	元字符	说明\r\n</p>\r\n<p>\r\n	.	匹配任意一个字符\r\n</p>\r\n<p>\r\n	[abc]	匹配方括号中的任意一个字符。可以使用-表示字符范围，\r\n</p>\r\n<p>\r\n	如[a-z0-9]匹 配小写字母和阿拉伯数字。\r\n</p>\r\n<p>\r\n	[^abc]	在方括号内开头使用^符号，表示匹配除方括号中字符之外的任意字符。\r\n</p>\r\n<p>\r\n	\\d	匹配阿拉伯数字，等同于[0-9]。\r\n</p>\r\n<p>\r\n	\\D	匹配阿拉伯数字之外的任意字符，等同于[^0-9]。\r\n</p>\r\n<p>\r\n	\\x	匹配十六进制数字，等同于[0-9A-Fa-f]。\r\n</p>\r\n<p>\r\n	\\X	匹配十六进制数字之外的任意字符，等同于[^0-9A-Fa-f]。\r\n</p>\r\n<p>\r\n	\\w	匹配单词字母，等同于[0-9A-Za-z_]。\r\n</p>\r\n<p>\r\n	\\W	匹配单词字母之外的任意字符，等同于[^0-9A-Za-z_]。\r\n</p>\r\n<p>\r\n	\\t	匹配字符。\r\n</p>\r\n<p>\r\n	\\s	匹配空白字符，等同于[ \\t]。\r\n</p>\r\n<p>\r\n	\\S	匹配非空白字符，等同于[^ \\t]。\r\n</p>\r\n<h4>\r\n	另外，如果要查找字符 *、.、/等，则需要在前面用 \\ 符号，表示这不是元字符，而只是普通字符而已。\r\n</h4>\r\n<p>\r\n	元字符	说明\r\n</p>\r\n<p>\r\n	\\*	匹配 * 字符。\r\n</p>\r\n<p>\r\n	\\.	匹配 . 字符。\r\n</p>\r\n<p>\r\n	\\/	匹配 / 字符。\r\n</p>\r\n<p>\r\n	\\\\	匹配 \\ 字符。\r\n</p>\r\n<p>\r\n	\\[	匹配 [ 字符。\r\n</p>\r\n<h4>\r\n	表示数量的元字符\r\n</h4>\r\n<p>\r\n	元字符	说明\r\n</p>\r\n<p>\r\n	*	匹配0-任意个\r\n</p>\r\n<p>\r\n	\\+	匹配1-任意个\r\n</p>\r\n<p>\r\n	\\?	匹配0-1个\r\n</p>\r\n<p>\r\n	\\{n,m}	匹配n-m个\r\n</p>\r\n<p>\r\n	\\{n}	匹配n个\r\n</p>\r\n<p>\r\n	\\{n,}	匹配n-任意个\r\n</p>\r\n<p>\r\n	\\{,m}	匹配0-m个\r\n</p>\r\n<h4>\r\n	表示位置的符号\r\n</h4>\r\n<p>\r\n	元字符	说明\r\n</p>\r\n<p>\r\n	$	匹配行尾\r\n</p>\r\n<p>\r\n	^	匹配行首\r\n</p>\r\n<p>\r\n	\\&lt; 匹配单词词首\r\n</p>\r\n<p>\r\n	\\&gt;	匹配单词词尾\r\n</p>\r\n<p>\r\n	<br />\r\n</p>\r\n<p>\r\n	<br />\r\n</p>\r\n<h3>\r\n	替换变量\r\n</h3>\r\n<p>\r\n	在正规表达式中使用 \\( 和 \\) 符号括起正规表达式，即可在后面使用\\1、\\2 等变量来访问 \\( 和 \\) 中的内容。\r\n</p>\r\n<p>\r\n	使用例\r\n</p>\r\n<p>\r\n	/\\(a\\+\\)[^a]\\+\\1 \" 查找开头和结尾处a的个数相同的字符串，\r\n</p>\r\n<p>\r\n	\" 如 aabbbaa，aaacccaaa，但是不匹配 abbbaa\r\n</p>\r\n<p>\r\n	:s/\\(http:\\/\\/[-a-z\\._~\\+%\\/]\\+\\)/<a href=\"\\1\">\\1&lt;\\/a&gt;/ \" 将URL替换为</a><a href=\"http://url\">http://url</a>的格式\r\n</p>\r\n<p>\r\n	:s/\\(\\w\\+\\)\\s\\+\\(\\w\\+\\)/\\2\\t\\1 \" 将 data1 data2 修改为 data2 data1\r\n</p>\r\n<p>\r\n	<br />\r\n</p>\r\n<p>\r\n	<br />\r\n</p>\r\n<p>\r\n	<br />\r\n</p>\r\n<h3>\r\n	与Perl正则表达式的区别\r\n</h3>\r\n<p>\r\n	<br />\r\n</p>\r\n<p>\r\n	<table border=\"0\" cellspacing=\"1\" width=\"300\" height=\"99\" style=\"margin:0px;padding:0px;color:#464646;font-family:simsun;font-size:13.63636302948px;background-color:#CA9B70;\" class=\"ke-zeroborder\">\r\n		<tbody>\r\n			<tr>\r\n				<td style=\"font-family:Verdana, 宋体, sans-serif;\">\r\n					Vim语法\r\n				</td>\r\n				<td style=\"font-family:Verdana, 宋体, sans-serif;\">\r\n					Perl语法\r\n				</td>\r\n				<td style=\"font-family:Verdana, 宋体, sans-serif;\">\r\n					含义\r\n				</td>\r\n			</tr>\r\n		</tbody>\r\n		<tbody>\r\n			<tr>\r\n				<td style=\"font-family:Verdana, 宋体, sans-serif;\">\r\n					\\+\r\n				</td>\r\n				<td style=\"font-family:Verdana, 宋体, sans-serif;\">\r\n					+\r\n				</td>\r\n				<td style=\"font-family:Verdana, 宋体, sans-serif;\">\r\n					1-任意个\r\n				</td>\r\n			</tr>\r\n			<tr>\r\n				<td style=\"font-family:Verdana, 宋体, sans-serif;\">\r\n					\\?\r\n				</td>\r\n				<td style=\"font-family:Verdana, 宋体, sans-serif;\">\r\n					?\r\n				</td>\r\n				<td style=\"font-family:Verdana, 宋体, sans-serif;\">\r\n					0-1个\r\n				</td>\r\n			</tr>\r\n			<tr>\r\n				<td style=\"font-family:Verdana, 宋体, sans-serif;\">\r\n					\\{n,m}\r\n				</td>\r\n				<td style=\"font-family:Verdana, 宋体, sans-serif;\">\r\n					{n,m}\r\n				</td>\r\n				<td style=\"font-family:Verdana, 宋体, sans-serif;\">\r\n					n-m个\r\n				</td>\r\n			</tr>\r\n			<tr>\r\n				<td style=\"font-family:Verdana, 宋体, sans-serif;\">\r\n					\\(和\\)\r\n				</td>\r\n				<td style=\"font-family:Verdana, 宋体, sans-serif;\">\r\n					(和)\r\n				</td>\r\n				<td style=\"font-family:Verdana, 宋体, sans-serif;\">\r\n					分组\r\n				</td>\r\n			</tr>\r\n		</tbody>\r\n	</table>\r\n</p>\r\n<p>\r\n	<br />\r\n</p>\r\n<p>\r\n	<br />\r\n</p>\r\n<p>\r\n	<br />\r\n</p>\r\n<p>\r\n	<br />\r\n</p>'),(17,'<p>\r\n	一，子选择基本用法\r\n</p>\r\n<p>\r\n	1，子选择的定义\r\n</p>\r\n子迭择允许把一个查询嵌套在另一个查询当中。比如说：一个考试记分项目把考试事件分为考试（T）和测验（Q）两种情形。下面这个查询就能只找出学生们的考试成绩 <br />\r\n<p>\r\n	select&nbsp;*&nbsp;from&nbsp;score&nbsp;where&nbsp;event_id&nbsp;in&nbsp;(select&nbsp;event_id&nbsp;from&nbsp;event&nbsp;where&nbsp;type=\'T\');\r\n</p>\r\n<p>\r\n	2，子选择的用法（3种）\r\n</p>\r\n&nbsp;&nbsp;&nbsp;&nbsp;&nbsp;&nbsp;&nbsp;&nbsp;用子选择来生成一个参考值 <br />\r\n在这种情况下，用内层的查询语句来检索出一个数据值，然后把这个数据值用在外层查询语句的比较操作中。比如说，如果要查询表中学生们在某一天的测验成绩，就应该使用一个内层查询先找到这一天的测验的事件号，然后在外层查询语句中用这个事件号在成绩表里面找到学生们的分数记录。具体语句为： <br />\r\nselect&nbsp;*&nbsp;from&nbsp;score&nbsp;where <br />\r\nid=(select&nbsp;event_id&nbsp;from&nbsp;event&nbsp;where&nbsp;date=\'2002-03-21\'&nbsp;and&nbsp;type=\'Q\'); <br />\r\n需要注意的是：在应用这种内层查询的结果主要是用来进行比较操作的分法时，内层查询应该只有一个输出结果才对。看例子，如果想知道哪个美国总统的生日最小，构造下列查询 <br />\r\nselect&nbsp;*&nbsp;from&nbsp;president&nbsp;where&nbsp;birth=min(birth) <br />\r\n这个查询是错的！因为MySQL不允许在子句里面使用统计函数！min()函数应该有一个确定的参数才能工作!所以我们改用子选择: <br />\r\nselect&nbsp;*&nbsp;from&nbsp;president&nbsp;where&nbsp;birht=(select&nbsp;min(birth)&nbsp;from&nbsp;presidnet); <br />\r\n&nbsp;&nbsp;&nbsp;&nbsp;&nbsp;&nbsp;&nbsp;&nbsp;exists&nbsp;和&nbsp;not&nbsp;exists&nbsp;子选择 <br />\r\n上一种用法是把查间结果由内层传向外层、本类用法则相反，把外层查询的结果传递给内层。看外部查询的结果是否满足内部查间的匹配径件。这种“由外到内”的子迭择用法非常适合用来检索某个数据表在另外一个数据表里面有设有匹配的记录 <br />\r\n<br />\r\n数据表t1&nbsp;&nbsp;&nbsp;&nbsp;&nbsp;&nbsp;&nbsp;&nbsp;&nbsp;&nbsp;&nbsp;&nbsp;&nbsp;&nbsp;&nbsp;&nbsp;&nbsp;&nbsp;&nbsp;&nbsp;&nbsp;&nbsp;&nbsp;&nbsp;&nbsp;&nbsp;&nbsp;&nbsp;&nbsp;&nbsp;&nbsp;&nbsp;&nbsp;&nbsp;&nbsp;&nbsp;&nbsp;&nbsp;&nbsp;&nbsp;数据表t2 <br />\r\nI1&nbsp;&nbsp;&nbsp;&nbsp;&nbsp;&nbsp;&nbsp;&nbsp;C1&nbsp;&nbsp;&nbsp;&nbsp;&nbsp;&nbsp;&nbsp;&nbsp;&nbsp;&nbsp;&nbsp;&nbsp;&nbsp;&nbsp;&nbsp;&nbsp;I2&nbsp;&nbsp;&nbsp;&nbsp;&nbsp;&nbsp;&nbsp;&nbsp;C2 <br />\r\n1 <br />\r\n2 <br />\r\n3&nbsp;&nbsp;&nbsp;&nbsp;&nbsp;&nbsp;&nbsp;&nbsp;A <br />\r\n<br />\r\nC&nbsp;&nbsp;&nbsp;&nbsp;&nbsp;&nbsp;&nbsp;&nbsp;&nbsp;&nbsp;&nbsp;&nbsp;&nbsp;&nbsp;&nbsp;&nbsp;2 <br />\r\n3 <br />\r\n4&nbsp;&nbsp;&nbsp;&nbsp;&nbsp;&nbsp;&nbsp;&nbsp;C <br />\r\n<br />\r\nA <br />\r\n先找两个表内都存在的数据 <br />\r\nselect&nbsp;i1&nbsp;from&nbsp;t1&nbsp;where&nbsp;exists(select&nbsp;*&nbsp;from&nbsp;t2&nbsp;where&nbsp;t1.i1=t2.i2); <br />\r\n再找t1表内存在,t2表内不存在的数据 <br />\r\nselect&nbsp;i1&nbsp;form&nbsp;t1&nbsp;where&nbsp;not&nbsp;exists(select&nbsp;*&nbsp;from&nbsp;t2&nbsp;where&nbsp;t1.i1=t2.i2); <br />\r\n<br />\r\n需要注意：在这两种形式的子选择里，内层查询中的星号代表的是外层查询的输出结果。内层查询没有必要列出有关数据列的名字，田为内层查询关心的是外层查询的结果有多少行。希望大家能够理解这一点 <br />\r\n&nbsp;&nbsp;&nbsp;&nbsp;&nbsp;&nbsp;&nbsp;&nbsp;in&nbsp;和not&nbsp;in&nbsp;子选择 <br />\r\n在这种子选择里面，内层查询语句应该仅仅返回一个数据列，这个数据列里的值将由外层查询语句中的比较操作来进行求值。还是以上题为例 <br />\r\n先找两个表内都存在的数据 <br />\r\nselect&nbsp;i1&nbsp;from&nbsp;t1&nbsp;where&nbsp;i1&nbsp;in&nbsp;(select&nbsp;i2&nbsp;from&nbsp;t2); <br />\r\n再找t1表内存在,t2表内不存在的数据 <br />\r\nselect&nbsp;i1&nbsp;form&nbsp;t1&nbsp;where&nbsp;i1&nbsp;not&nbsp;in&nbsp;(select&nbsp;i2&nbsp;from&nbsp;t2); <br />\r\n好象这种语句更容易让人理解，再来个例子 <br />\r\n比如你想找到所有居住在A和B的学生。 <br />\r\nselect&nbsp;*&nbsp;from&nbsp;student&nbsp;where&nbsp;state&nbsp;in(‘A\',\'B\') <br />\r\n二，&nbsp;&nbsp;&nbsp;&nbsp;&nbsp;&nbsp;&nbsp;&nbsp;把子选择查询改写为关联查询的方法。 <br />\r\n1，匹配型子选择查询的改写 <br />\r\n下例从score数据表里面把学生们在考试事件（T）中的成绩（不包括测验成绩！）查询出来。 <br />\r\nSelect&nbsp;*&nbsp;from&nbsp;score&nbsp;where&nbsp;event_id&nbsp;in&nbsp;(select&nbsp;event_id&nbsp;from&nbsp;event&nbsp;where&nbsp;type=\'T\'); <br />\r\n可见，内层查询找出所有的考试事件，外层查询再利用这些考试事件搞到学生们的成绩。 <br />\r\n这个子查询可以被改写为一个简单的关联查询： <br />\r\nSelect&nbsp;score.*&nbsp;from&nbsp;score,&nbsp;event&nbsp;where&nbsp;score.event_id=event.event_id&nbsp;and&nbsp;event.event_id=\'T\'; <br />\r\n下例可以用来找出所有女学生的成绩。 <br />\r\nSelect&nbsp;*&nbsp;from&nbsp;score&nbsp;where&nbsp;student_id&nbsp;in&nbsp;(select&nbsp;student_id&nbsp;form&nbsp;student&nbsp;where&nbsp;sex&nbsp;=&nbsp;‘f\'); <br />\r\n可以把它转换成一个如下所示的关联查询： <br />\r\nSelect&nbsp;*&nbsp;from&nbsp;score <br />\r\nWhere&nbsp;student&nbsp;_id&nbsp;=student.student_id&nbsp;and&nbsp;student.sex&nbsp;=\'f\'; <br />\r\n把匹配型子选择查询改写为一个关联查询是有规律可循的。下面这种形式的子选择查询： <br />\r\nSelect&nbsp;*&nbsp;from&nbsp;tablel <br />\r\nWhere&nbsp;column1&nbsp;in&nbsp;(select&nbsp;column2a&nbsp;from&nbsp;table2&nbsp;where&nbsp;column2b&nbsp;=&nbsp;value); <br />\r\n可以转换为一个如下所示的关联查询： <br />\r\nSelect&nbsp;tablel.&nbsp;*&nbsp;from&nbsp;tablel,table2 <br />\r\nWhere&nbsp;table.column1&nbsp;=&nbsp;table2.column2a&nbsp;and&nbsp;table2.column2b&nbsp;=&nbsp;value; <br />\r\n(2)非匹配(即缺失)型子选择查询的改写 <br />\r\n子选择查询的另一种常见用途是查找在某个数据表里有、但在另一个数据表里却没有的东西。正如前面看到的那样，这种“在某个数据表里有、在另一个数据表里没有”的说法通常都暗示着可以用一个left&nbsp;join&nbsp;来解决这个问题。请看下面这个子选择查询，它可以把没有出现在absence数据表里的学生(也就是那些从未缺过勤的学生)给查出来： <br />\r\nSelect&nbsp;*&nbsp;from&nbsp;student <br />\r\nWhere&nbsp;student_id&nbsp;not&nbsp;in&nbsp;(select&nbsp;student_id&nbsp;from&nbsp;absence); <br />\r\n这个子选择查询可以改写如下所示的left&nbsp;join&nbsp;查询： <br />\r\nSelect&nbsp;student.&nbsp;* <br />\r\nFrom&nbsp;student&nbsp;left&nbsp;join&nbsp;absence&nbsp;on&nbsp;student.student_id&nbsp;=absence.student_id <br />\r\nWhere&nbsp;absence.student_id&nbsp;is&nbsp;null; <br />\r\n把非匹配型子选择查询改写为关联查询是有规律可循的。下面这种形式的子选择查询： <br />\r\nSelect&nbsp;*&nbsp;from&nbsp;tablel <br />\r\nWhere&nbsp;column1&nbsp;not&nbsp;in&nbsp;(select&nbsp;column2&nbsp;from&nbsp;table2); <br />\r\n可以转换为一个如下所示的关联查询： <br />\r\nSelect&nbsp;tablel&nbsp;.&nbsp;* <br />\r\nFrom&nbsp;tablel&nbsp;left&nbsp;join&nbsp;table2&nbsp;on&nbsp;tablel.column1=table2.column2 <br />\r\nWhere&nbsp;table2.column2&nbsp;is&nbsp;null; <br />\r\n注意：这种改写要求数据列table2.column2声明为not&nbsp;null。'),(30,'测试数据测试数据33'),(31,'测试数据测试数据11'),(32,'测试数据测试数据测试数据22'),(33,'测试数据测试数据33'),(34,'<p class=\"info-orig\" style=\"color:#333333;font-family:arial;font-size:13px;background-color:#FFFFFF;\">\r\n	<span class=\"mohe-prop\" style=\"font-size:32px;\">数字</span><span style=\"font-size:32px;\">的</span><span class=\"mohe-prop\" style=\"font-size:32px;\">大写</span><span style=\"font-size:32px;\">：</span> \r\n</p>\r\n<h4 class=\"info-rs info-rs-min\" style=\"font-size:14px;font-family:\'Microsoft Yahei\';color:#333333;background-color:#FFFFFF;\">\r\n	<span style=\"font-size:32px;\">壹 贰 叁 肆 伍 陆 柒 捌 玖 拾 佰 仟 万 亿</span> \r\n</h4>\r\n<p class=\"info-desc\" style=\"color:#333333;font-family:arial;font-size:13px;background-color:#FFFFFF;\">\r\n	<span style=\"font-size:32px;\">其它相关文字：元(圆)、角、分、零、整</span> \r\n</p>'),(18,'<p style=\"text-indent:2em;\">\r\n	<span style=\"font-family:宋体, simsun, sans-serif, Arial;font-size:14px;line-height:26px;background-color:#FFFFFF;\">眼下股市正在震荡，面对频频暴跌，哀叹不已的股民不禁问道：我们的真金白银究竟都去了哪里？</span> \r\n</p>\r\n<p style=\"text-indent:2em;\">\r\n	<span style=\"font-family:宋体, simsun, sans-serif, Arial;font-size:14px;line-height:26px;background-color:#FFFFFF;\"> </span>\r\n</p>\r\n<p style=\"font-size:14px;font-family:宋体, simsun, sans-serif, Arial;background-color:#FFFFFF;\">\r\n	眼下股市正在震荡，面对频频暴跌，哀叹不已的股民不禁问道：我们的真金白银究竟都去了哪里？股市里的钱难道真的蒸发了吗？\r\n</p>\r\n<p style=\"font-size:14px;font-family:宋体, simsun, sans-serif, Arial;background-color:#FFFFFF;\">\r\n	截至26日上周最后一个交易日，沪深股市流通市值报466278亿元，比上上周末减少7.08%，所减数额达35526亿元。\r\n</p>\r\n<p style=\"font-size:14px;font-family:宋体, simsun, sans-serif, Arial;background-color:#FFFFFF;\">\r\n	同期，沪深股市总市值报579796亿元，一周减少6.85%。两市股票平均价格为14.35元，一周下降7.3%。\r\n</p>\r\n<p style=\"font-size:14px;font-family:宋体, simsun, sans-serif, Arial;background-color:#FFFFFF;\">\r\n	6月15日到6月26日的股民盈亏情况及比例显示，近两周仅有占比3.99%的股民实现盈利，平均盈利5.85%。\r\n</p>\r\n<p style=\"font-size:14px;font-family:宋体, simsun, sans-serif, Arial;background-color:#FFFFFF;\">\r\n	两周来，股民亏损比例达到96.01%，其中亏损幅度超过30%的，占比6.28%;亏损幅度在20.01%-30%和10-20%的股民最多，分别占比37.31%和37.35%;亏损幅度在0%-10%的，占比15.07%。也就是说，近两周仅有4%的股民盈利，八成股民亏损超过了10%。\r\n</p>\r\n<p style=\"font-size:14px;font-family:宋体, simsun, sans-serif, Arial;background-color:#FFFFFF;\">\r\n	目前，沪市拥有上市公司1064家，总股本28990亿股，流通股本26312亿股，平均市盈率为20.44倍；深市拥有上市公司1718家，总股本11423亿股，流通股本8728亿股，平均市盈率为55.1倍。\r\n</p>\r\n<p style=\"font-size:14px;font-family:宋体, simsun, sans-serif, Arial;background-color:#FFFFFF;\">\r\n	中国的投资与物价（包括房价）也都上了个新台阶，可是股市万亿资金说没就没，钱真的会蒸发掉吗？到底去哪了？\r\n</p>\r\n<p style=\"font-size:14px;font-family:宋体, simsun, sans-serif, Arial;background-color:#FFFFFF;\">\r\n	分析人士水木然认为，钱是人类制造的用来量化价值的商品。顾名思义，钱具备两种功能：1、量化价值：这里只是衡量商品等价于多少数量的钱，而不需要实际存在一笔钱。2、作为商品交易：利用钱的商品属性进行交易，这里必须是实际存在的钱。\r\n</p>\r\n<p style=\"font-size:14px;font-family:宋体, simsun, sans-serif, Arial;background-color:#FFFFFF;\">\r\n	但由于这两个功能通常是关联发生的，所以很多人会把它们混淆、捆绑，但其实这两个概念是独立的。\r\n</p>\r\n<p style=\"font-size:14px;font-family:宋体, simsun, sans-serif, Arial;background-color:#FFFFFF;\">\r\n	举例：央视鉴宝栏目，专家鉴定这个古玩价值40万，他并不需要现场拿40万出来买下来。\r\n</p>\r\n<p style=\"font-size:14px;font-family:宋体, simsun, sans-serif, Arial;background-color:#FFFFFF;\">\r\n	问题核心：“值多少钱”和“有多少钱”是两个不同的概念，前者是描述商品价值，后者是描述资金量。\r\n</p>\r\n<p style=\"font-size:14px;font-family:宋体, simsun, sans-serif, Arial;background-color:#FFFFFF;\">\r\n	股市同理，大家把“股票值多少钱”和‘股市里流动的资金’搞混了。有人以为股票值多少钱，股市里就有同样数量的钱，当股票价值缩水20%，他们会觉得有等价于20%的钱也不见了。\r\n</p>\r\n<p style=\"font-size:14px;font-family:宋体, simsun, sans-serif, Arial;background-color:#FFFFFF;\">\r\n	所谓的股市里的钱蒸发了，是指股票贬值等同于多少钱损失了，并不是真有一笔等价的钱蒸发”了，只是股票市值降低了。\r\n</p>\r\n<p style=\"font-size:14px;font-family:宋体, simsun, sans-serif, Arial;background-color:#FFFFFF;\">\r\n	股市的股票可以理解为一种商品，它和普通的商品基本上没有区别，这种商品的价值和市场对它的估值有关。\r\n</p>\r\n<p style=\"font-size:14px;font-family:宋体, simsun, sans-serif, Arial;background-color:#FFFFFF;\">\r\n	拿一个苹果举例，你有一个苹果，今天苹果卖3块一个，明天降价卖2块一个，你的苹果还是苹果，但是从价值上，你损失了1块，这就是蒸发。\r\n</p>\r\n<p style=\"font-size:14px;font-family:宋体, simsun, sans-serif, Arial;background-color:#FFFFFF;\">\r\n	很多人提到股市蒸发，还是有人得利的，这样的说法也对，但是这是针对整个经济体系的，市场中任何一件商品的价格变化，必然带动影响了整个市场。\r\n</p>\r\n<p style=\"font-size:14px;font-family:宋体, simsun, sans-serif, Arial;background-color:#FFFFFF;\">\r\n	就好像猪肉掉价了，卖肉的亏了，但是消费者赚了。但是单独谈猪肉，它的价值是蒸发了。\r\n</p>\r\n<p style=\"font-size:14px;font-family:宋体, simsun, sans-serif, Arial;background-color:#FFFFFF;\">\r\n	所以很多人提到股市是一个交易的过程，这没有错，但是这其实和股市蒸发增值是两个不同的概念。\r\n</p>\r\n<p style=\"font-size:14px;font-family:宋体, simsun, sans-serif, Arial;background-color:#FFFFFF;\">\r\n	想象一个新股民往股票帐户里打入了10000元，他可以有几种选择，一种是购买1000股市价为10元的股票，一种是以每股100元的价格购买100股市价为10元的股票。\r\n</p>\r\n<p style=\"font-size:14px;font-family:宋体, simsun, sans-serif, Arial;background-color:#FFFFFF;\">\r\n	在买卖过程中，新股民的10000元流入到卖家的股票帐户，总的资金没有变化，但对公司市值影响十分不同，前者对公司市值没有影响，但后者则使公司的市值翻了10倍。\r\n</p>\r\n<p style=\"font-size:14px;font-family:宋体, simsun, sans-serif, Arial;background-color:#FFFFFF;\">\r\n	如果这家公司有100万股，那么其市值就从1000万元突变为1亿元。人们不禁要问，这9000万元是怎么创造出来的？人们更会疑问的是，明明新股民只打入了1万元，为何创造了9000万的市值？\r\n</p>\r\n<p style=\"font-size:14px;font-family:宋体, simsun, sans-serif, Arial;background-color:#FFFFFF;\">\r\n	这种市值虽然用人民币元来衡量，但这并不是多少亿元的银行存款，也不是多少亿元的纸币，而只是用人民币标价的股票罢了。\r\n</p>\r\n<p style=\"font-size:14px;font-family:宋体, simsun, sans-serif, Arial;background-color:#FFFFFF;\">\r\n	人们也可以用同样的方法估计全中国香蕉现货的市值，大米现货的市值，但变动较为缓慢，统计较为复杂，人们也并不会去关心大米价格的涨跌有没有让大米的价值蒸发，反而会理解为价格的起落。\r\n</p>\r\n<p style=\"font-size:14px;font-family:宋体, simsun, sans-serif, Arial;background-color:#FFFFFF;\">\r\n	所以股票市值本身就是一个人为计算出来的量，如同把全国人民的体重加总起来算一个中国人民总重一样，总重降低说明大家减肥了，并不能说明谁从人间蒸发了，市值下跌也只能说明股价下跌了。\r\n</p>\r\n<p style=\"font-size:14px;font-family:宋体, simsun, sans-serif, Arial;background-color:#FFFFFF;\">\r\n	从货币的角度会看到，目前投保基金公布的股市保证金余额为2.4万亿，这些都可以随时转变成银行存款。\r\n</p>\r\n<p style=\"font-size:14px;font-family:宋体, simsun, sans-serif, Arial;background-color:#FFFFFF;\">\r\n	可以想象如果所有人齐心协力，用这2.4万亿元买100股某家公司的股票，然后在这个价格上卖掉，再买另一家公司的100股，所有公司买过一遍之后，每家公司的股价都是240亿元每股，但真正能够还原成银行存款的，也就还是原先的2.4万亿。\r\n</p>\r\n<p style=\"font-size:14px;font-family:宋体, simsun, sans-serif, Arial;background-color:#FFFFFF;\">\r\n	股票毕竟不能用来当钱花。当大家都想卖股票持有保证金的时候，整个估值自然就下来了，但保证金还是那么多保证金。\r\n</p>\r\n<p style=\"font-size:14px;font-family:宋体, simsun, sans-serif, Arial;background-color:#FFFFFF;\">\r\n	所以股市大跌市值减少对于货币量其实没有影响，钱并没有蒸发。保证金存款虽然在不同的股价上易手，但总量还是那2.4万亿，并没有减少。每个股民持仓的价值，只能被解读为“如果现在你卖的话能得到这些钱”，而并不是像钱包里的纸币那样“你有这些钱”。\r\n</p>\r\n<p style=\"font-size:14px;font-family:宋体, simsun, sans-serif, Arial;background-color:#FFFFFF;\">\r\n	而当卖出股票得到钱的时候，其实都是从另外的一个人的口袋里给过来的钱，股票易手只是一个给钱的理由罢了，而并不是像银行结售汇那样，我把100美元纸币给银行，银行就给我620元人民币，如果好多人这样做，银行就能给出好几十万亿的人民币。股民是不可能从目前的股市中提出市值那么多的银行存款的。\r\n</p>\r\n<p style=\"font-size:14px;font-family:宋体, simsun, sans-serif, Arial;background-color:#FFFFFF;\">\r\n	股市是一个虚拟经济，股价只是一个货币符号，在不同点位下代表着不同的数字。整个股市有2/3处于非流通状态，加上流通价的下跌产生了一定杠杆效应。\r\n</p>\r\n<p style=\"font-size:14px;font-family:宋体, simsun, sans-serif, Arial;background-color:#FFFFFF;\">\r\n	举一个简单的例子来说，你有三亩地，以1万元的价格卖了一亩给别人，于是市场价就是1万元，你还有2亩，身价就是2万元。\r\n</p>\r\n<p style=\"font-size:14px;font-family:宋体, simsun, sans-serif, Arial;background-color:#FFFFFF;\">\r\n	后来那个人把地转给另一个人，2万元成交，于是每亩市场价升到了2万元。于是你的资产就要重新计算了，变成4万元。\r\n</p>\r\n<p style=\"font-size:14px;font-family:宋体, simsun, sans-serif, Arial;background-color:#FFFFFF;\">\r\n	最后那亩地被辗转交易多次了，最后接手的人用了100万元，于是最新的市场价达到了100万元，你资产又要重新计算了，你有200万元了。\r\n</p>\r\n<p style=\"font-size:14px;font-family:宋体, simsun, sans-serif, Arial;background-color:#FFFFFF;\">\r\n	后来碰到经济萧条，最后接盘的人被迫以1万元卖掉土地，市场价格又回到了1万元。你的资产打回原形，从200万元到起点2万元，中间蒸发了198万元。其实就是一场纸上富贵，并没有真实金钱的损失。\r\n</p>\r\n<p style=\"font-size:14px;font-family:宋体, simsun, sans-serif, Arial;background-color:#FFFFFF;\">\r\n	可见，市值蒸发并不等同于真实的财富缩水，这种蒸发的奇观源于“边际撬动”的现象，即某个交易日里仅仅有10%的股票交易，就能把股票价格带到一个不可思议的高度，那么其他90%的没参与交易的股票也自动分享了这一“疯狂的荣耀”，于是乎，市值是一个怪物，它有属于自己夸张的“数字杠杆”。\r\n</p>\r\n<p style=\"font-size:14px;font-family:宋体, simsun, sans-serif, Arial;background-color:#FFFFFF;\">\r\n	股市蒸发的钱其中一部分是“虚拟”的，但确实有很多钱流向了四个渠道。\r\n</p>\r\n<p style=\"font-size:14px;font-family:宋体, simsun, sans-serif, Arial;background-color:#FFFFFF;\">\r\n	1、交易成本：印花税收。股票交易印花税是从普通印花税发展而来的，是专门针对股票交易额征收的一种税，目前采用的是征收1‰的单边印花税。\r\n</p>\r\n<p style=\"font-size:14px;font-family:宋体, simsun, sans-serif, Arial;background-color:#FFFFFF;\">\r\n	2007年5月30日，财政部突然宣布将两市证券交易印花税由千分之一上调至千分之三，引发市场著名的530大跌，不到10个交易日内沪指由29日收盘的4334点跌至3404点。2008年4月24日，财政部又出手“救市”，将印花税下调至千分之一，当日沪指暴涨9.29%（即著名的424行情）。同年9月19日，财政部又将印花税改为单边征收，当日两市A股全线涨停报收（即918大救市）。\r\n</p>\r\n<p style=\"font-size:14px;font-family:宋体, simsun, sans-serif, Arial;background-color:#FFFFFF;\">\r\n	券商收益。也就是佣金，每家券商针对不同投资者给的佣金费率都可能不同，最高3‰。\r\n</p>\r\n<p style=\"font-size:14px;font-family:宋体, simsun, sans-serif, Arial;background-color:#FFFFFF;\">\r\n	此外，还有支付给证券登记清算机构的过户费，支付给基金的管理费等。\r\n</p>\r\n<p style=\"font-size:14px;font-family:宋体, simsun, sans-serif, Arial;background-color:#FFFFFF;\">\r\n	2、上市公司以及公司的“大小非”们：上市公司。股票上市后，上市公司就成为投资大众的投资对象，就能向大众筹资。我们先忽略投机的行为，用一个简单的例子分析。\r\n</p>\r\n<p style=\"font-size:14px;font-family:宋体, simsun, sans-serif, Arial;background-color:#FFFFFF;\">\r\n	为什么一开始会有人给公司白送钱？是因为公司必须给持股人定期分红，即把公司的利润分一部分给持股人。如果公司很好，分红的收入可能会远超过认购股票的支出。\r\n</p>\r\n<p style=\"font-size:14px;font-family:宋体, simsun, sans-serif, Arial;background-color:#FFFFFF;\">\r\n	为什么有时会有很多人想买股票？是因为多数人认为公司会越搞越好，少数人认为公司会越搞越差。反之亦然。\r\n</p>\r\n<p style=\"font-size:14px;font-family:宋体, simsun, sans-serif, Arial;background-color:#FFFFFF;\">\r\n	“大小非”。非是指非流通股，即限售股，或叫限售A股。小非，即小部分禁止上市流通的股票，反之叫大非。由于股改使非流通股可以流通，即解禁（解除禁止）。“大小非”解禁：增加市场的流通股数，非流通股完全变成了流通股。非流通股可以流通后，他们可能会抛出来套现，就叫减持。\r\n</p>\r\n<p style=\"font-size:14px;font-family:宋体, simsun, sans-serif, Arial;background-color:#FFFFFF;\">\r\n	有分析认为，最大的“庄家”既不是公募基金，也不是私募基金，而是以低成本获得非流通股的大小股东，也就是所谓的“大非”“小非”。其中作为市场最有发言权的则是控股大股东—他们对自己企业的经营状况最为了解，但股改之前大股东及其他法人股东的股份不能流通，所以他们对公司股价既不关心，也无动力经营好上市公司。\r\n</p>\r\n<p style=\"font-size:14px;font-family:宋体, simsun, sans-serif, Arial;background-color:#FFFFFF;\">\r\n	3、“投资高手”、游资、热钱：经济学常识告诉我们，证券市场上的资本交易是一种“零和博弈”，一方赚钱，也有一方输钱。我们继续以本文开头的例子接下去解释这个问题。实际上，该例子提到的总市值减少的这400元并未“蒸发”，而是被别人赚走了。\r\n</p>\r\n<p style=\"font-size:14px;font-family:宋体, simsun, sans-serif, Arial;background-color:#FFFFFF;\">\r\n	假设中国股市只有一只股票X。X股在上市时一共发行了100股，现价为每股10元。\r\n</p>\r\n<p style=\"font-size:14px;font-family:宋体, simsun, sans-serif, Arial;background-color:#FFFFFF;\">\r\n	股民A拥有这些股票，这时股票市值为10×100=1000元。然后A为了赚钱标价每股11元把这100股卖给了B，股民B掏出了11×100=1100元获得这100股。此时股票市值为11×100=1100元，而A也利用价差赚到了100元。\r\n</p>\r\n<p style=\"font-size:14px;font-family:宋体, simsun, sans-serif, Arial;background-color:#FFFFFF;\">\r\n	然后B听到不利消息，怕11元卖不出去，决定每股10元卖出股票。而C不知道这个消息，花了10×100=1000元买下了所有股票，截止此时。\r\n</p>\r\n<p style=\"font-size:14px;font-family:宋体, simsun, sans-serif, Arial;background-color:#FFFFFF;\">\r\n	股票的市值为10×100元=1000元，而相对于之前1100元市值减少了100元。而这100元是谁得到了呢？\r\n</p>\r\n<p style=\"font-size:14px;font-family:宋体, simsun, sans-serif, Arial;background-color:#FFFFFF;\">\r\n	明显可以看到，是被A赚走了，是在股票下跌前抛售股票的那个卖家赚走了。\r\n</p>\r\n<p style=\"font-size:14px;font-family:宋体, simsun, sans-serif, Arial;background-color:#FFFFFF;\">\r\n	同理，只需把以上的情节稍微扩充，就可以还原我们的真实情况：A代表的是在股票下跌前的一群卖家，B代表的是股票下跌前的一群愚蠢买家，而C更是一群承接烂货的买家。\r\n</p>\r\n<p style=\"font-size:14px;font-family:宋体, simsun, sans-serif, Arial;background-color:#FFFFFF;\">\r\n	赚钱的“投资高手”多数是掌握市场信息者，还有证券公司或投资基金的管理人员，尤其是操盘人等。他们会选择某一时机“暗渡陈仓”，最终让钱落到自己的腰包。而游资、热钱，由于这部分资金较大，在某些程度上有能力左右股价。\r\n</p>\r\n<p style=\"font-size:14px;font-family:宋体, simsun, sans-serif, Arial;background-color:#FFFFFF;\">\r\n	4、极个别的散户：股票市场里这群赢家还有谁？根据一般常识，我们可以得出部分推论：在这群人中，力量薄弱、操盘能力不足、消息不灵通的散户，是绝不可能作为大比例存在的。\r\n</p>\r\n<p style=\"font-size:14px;font-family:宋体, simsun, sans-serif, Arial;background-color:#FFFFFF;\">\r\n	而拥有庞大资金、强大团队、丰富的第一手消息的大机构，更有可能是股价下跌前及时退出的赢家。\r\n</p>\r\n<p style=\"font-size:14px;font-family:宋体, simsun, sans-serif, Arial;background-color:#FFFFFF;\">\r\n	当然，从我国有证券市场以来，也确实出现过从几万元到上亿资产的投资幸运高手。然而，这只能以数百万分一来计。\r\n</p>\r\n<p style=\"font-size:14px;font-family:宋体, simsun, sans-serif, Arial;background-color:#FFFFFF;\">\r\n	据统计，目前的A股市场中，持股市值100万元以下的中小投资者占到总数的99.4%，占总市值50%。业界把这些人称作散户。这些散户的资金，在世界证券史中有一个典型的名称叫“笨钱”。\r\n</p>\r\n<p style=\"font-size:14px;font-family:宋体, simsun, sans-serif, Arial;background-color:#FFFFFF;\">\r\n	专家沃尔特·白芝浩曾对“笨钱”做过经典的描述说，“这些我们称之为‘笨钱’的财富，特别庞大和热切，它们若投怀送抱，便会造就暴发户；它们若碰撞到谁，便有了投机者；它们如果迅速逃离，便留下恐惧和萧条。”\r\n</p>\r\n<p style=\"font-size:14px;font-family:宋体, simsun, sans-serif, Arial;background-color:#FFFFFF;\">\r\n	但这些中小投资者却往往很天真，以为炒股一定会赚钱，或者说压根就没有亏钱的准备，买入卖出完全是人云亦云。\r\n</p>\r\n<p style=\"font-size:14px;font-family:宋体, simsun, sans-serif, Arial;background-color:#FFFFFF;\">\r\n	现在被深度套牢，或收益腰斩，或本金亏空，很多亏到连自己的帐户都不敢看了。几番跌撞，几多被套。于是，才知道：“人家赚钱，不一定意味着你也能赚钱。”\r\n</p>\r\n<p style=\"font-size:14px;font-family:宋体, simsun, sans-serif, Arial;background-color:#FFFFFF;\">\r\n	买卖股票的时候是众多买家卖家一起出价，看谁和谁的正好碰在了一起。\r\n</p>\r\n<p style=\"font-size:14px;font-family:宋体, simsun, sans-serif, Arial;background-color:#FFFFFF;\">\r\n	如果市场普遍看好某支股票，更多的人都想把它买进来，愿意把它卖出的人相对比较少—卖的人报的售价就会比较高，以满足自己获利的目的。\r\n</p>\r\n<p style=\"font-size:14px;font-family:宋体, simsun, sans-serif, Arial;background-color:#FFFFFF;\">\r\n	买的人看到价位比较高，就会考虑买入是否合算，如果觉得合算，就可以报一个比上一次成交价更高的价位，达成一次新的成交价。\r\n</p>\r\n<p style=\"font-size:14px;font-family:宋体, simsun, sans-serif, Arial;background-color:#FFFFFF;\">\r\n	这样价格就逐步抬上去了反之如果股票不被看好，多数人希望赶紧抛掉，就会压价卖，让买方接收过去，价格就逐步被压下来。\r\n</p>\r\n<p style=\"font-size:14px;font-family:宋体, simsun, sans-serif, Arial;background-color:#FFFFFF;\">\r\n	股票的价格和业绩有一定的关系但不是紧密相关，投机型的庄家手里操纵着数十万、数百万股，股价即使只波动几分钱，都会带来巨大的资金变化，他们不会像中小股民那样愿意捂着等结果，而是会积极地寻求新的投机方向，因此一旦有苗头某支股票今后可能会跌，就要在其成为事实之间赶紧出逃，反之就得迅速建仓。\r\n</p>\r\n<p style=\"font-size:14px;font-family:宋体, simsun, sans-serif, Arial;background-color:#FFFFFF;\">\r\n	只有投资型的庄家，对某支股票买上百分之十几到几十的股份，等着最后吃红利的，就不会随意抛售。\r\n</p>\r\n<p style=\"font-size:14px;font-family:宋体, simsun, sans-serif, Arial;background-color:#FFFFFF;\">\r\n	比如有1000股，价格10元。如果有10人要买，且愿意付出一定的溢价也能接受。结果愿意在10块这个价格卖的股票只有100股，有一个人手很快很高兴的全买走了。\r\n</p>\r\n<p style=\"font-size:14px;font-family:宋体, simsun, sans-serif, Arial;background-color:#FFFFFF;\">\r\n	然后其他9人看到没有了，于是有个人提高了价格，说，10.1我买100股。正好只有一个人愿意卖。于是他们又成交了。又没有卖的了。于是又有人加价买，依次股价就涨起来了。\r\n</p>\r\n<p style=\"font-size:14px;font-family:宋体, simsun, sans-serif, Arial;background-color:#FFFFFF;\">\r\n	根据市场的需求和销售曲线。股价越高卖的量越多，反之相反。\r\n</p>\r\n<p style=\"font-size:14px;font-family:宋体, simsun, sans-serif, Arial;background-color:#FFFFFF;\">\r\n	凤凰股票君做的调查显示，高达51%的股民表示牛市已经结束，仅36%的股民还坚信牛市仍在，13%的股民对此状况感到迷茫。\r\n</p>\r\n<p style=\"font-size:14px;font-family:宋体, simsun, sans-serif, Arial;background-color:#FFFFFF;\">\r\n	然而，尽管逾半数股民认为牛市已结束，却依然有近4成的股民满仓，空仓的股民仅20%。而这一轮暴跌之后，73%的股民表示自己已经赔钱了，此前上涨中的利润已经转化为亏损。\r\n</p>\r\n<p style=\"font-size:14px;font-family:宋体, simsun, sans-serif, Arial;background-color:#FFFFFF;\">\r\n	即使有央行史无前例地同时进行降准降息双响炮救市，重庆邮电大学移通学院大焕城市化战略研究院院长童大焕估计本次牛市，总体跌宕中下行趋势已经难以改变。因为，理性投资者甚至包括上市公司股东已经纷纷抽血出逃。\r\n</p>\r\n<p style=\"font-size:14px;font-family:宋体, simsun, sans-serif, Arial;background-color:#FFFFFF;\">\r\n	所以，股市本是一个投融资的场地，无奈不少A股的股民投机心态过重，把其当成赌场，终究，把自己的资产“蒸发”了，流到别人的手上。\r\n</p>\r\n<br />\r\n<p>\r\n	<br />\r\n</p>'),(27,'测试数据测试数据33'),(28,'测试数据测试数据11'),(29,'测试数据测试数据22'),(19,'<p>\r\n	测试账号:\r\n</p>\r\n<p>\r\n	test\r\n</p>\r\n<p>\r\n	test\r\n</p>\r\n<p>\r\n	<br />\r\n</p>\r\n<p>\r\n	支付卡：\r\n</p>\r\n<p>\r\n	<br />\r\n</p>\r\n平安银行借记卡：6216261000000000018<br />\r\n证件号：341126197709218366<br />\r\n手机号：13552535506<br />\r\n密码：123456<br />\r\n姓名：全渠道<br />\r\n短信验证码：<span>111111</span><br />'),(20,'<p style=\"font-size:13px;font-family:Verdana, Arial, Helvetica, sans-serif;background-color:#FEFEF2;\">\r\n	<strong><span style=\"line-height:1.5;\">1.安装redis服务端</span></strong> \r\n</p>\r\n<div class=\"cnblogs_code\" style=\"margin:5px 0px;padding:5px;border:1px solid #CCCCCC;font-family:\'Courier New\' !important;background-color:#F5F5F5;\">\r\n<pre>sudo apt-get install redis-server</pre>\r\n</div>\r\n<p style=\"font-size:13px;font-family:Verdana, Arial, Helvetica, sans-serif;background-color:#FEFEF2;\">\r\n	源码安装\r\n</p>\r\n<div class=\"cnblogs_code\" style=\"margin:5px 0px;padding:5px;border:1px solid #CCCCCC;font-family:\'Courier New\' !important;background-color:#F5F5F5;\">\r\n<pre>zc<span style=\"line-height:1.5;color:#800080;\">@zc</span>-Lenovo-B450:~$ sudo wget http://redis.googlecode.com/files/redis-<span style=\"line-height:1.5;color:#800000;\">2.4</span>.<span style=\"line-height:1.5;color:#800000;\">2</span>.tar.<span style=\"line-height:1.5;\">gz\r\nzc</span><span style=\"line-height:1.5;color:#800080;\">@zc</span>-Lenovo-B450:~$ tar xzf redis-<span style=\"line-height:1.5;color:#800000;\">2.4</span>.<span style=\"line-height:1.5;color:#800000;\">2</span>.tar.gz\r\nzc@zc-Lenovo-B450:~$ cd redis-2.4.2/\r\nzc@zc-Lenovo-B450:~$ make\r\nzc@zc-Lenovo-B450:~$ <span style=\"line-height:1.5;\">src/redis-server</span></pre>\r\n</div>\r\n<p style=\"font-size:13px;font-family:Verdana, Arial, Helvetica, sans-serif;background-color:#FEFEF2;\">\r\n	<span style=\"line-height:1.5;\">测试redis是否安装成功：</span><br />\r\n<span style=\"line-height:1.5;\">注意：要开启redis</span> \r\n</p>\r\n<div class=\"cnblogs_code\" style=\"margin:5px 0px;padding:5px;border:1px solid #CCCCCC;font-family:\'Courier New\' !important;background-color:#F5F5F5;\">\r\n<pre>zc<span style=\"line-height:1.5;color:#800080;\">@zc</span>-Lenovo-B450:~$ redis-<span style=\"line-height:1.5;\">cli\r\nredis </span><span style=\"line-height:1.5;color:#800000;\">127.0</span>.<span style=\"line-height:1.5;color:#800000;\">0.1</span>:<span style=\"line-height:1.5;color:#800000;\">6379</span>&gt;<span style=\"line-height:1.5;\"> set name zc\r\nOK\r\nredis </span><span style=\"line-height:1.5;color:#800000;\">127.0</span>.<span style=\"line-height:1.5;color:#800000;\">0.1</span>:<span style=\"line-height:1.5;color:#800000;\">6379</span>&gt;<span style=\"line-height:1.5;\"> get name </span><span style=\"line-height:1.5;font-weight:bold;\">\"</span><span style=\"line-height:1.5;font-weight:bold;\">zc</span><span style=\"line-height:1.5;font-weight:bold;\">\"</span></pre>\r\n</div>\r\n<p style=\"font-size:13px;font-family:Verdana, Arial, Helvetica, sans-serif;background-color:#FEFEF2;\">\r\n	<strong>2.下载安装redis的php扩展插件，phpredis。</strong> \r\n</p>\r\n<p style=\"font-size:13px;font-family:Verdana, Arial, Helvetica, sans-serif;background-color:#FEFEF2;\">\r\n	下载地址\r\n</p>\r\n<div class=\"cnblogs_code\" style=\"margin:5px 0px;padding:5px;border:1px solid #CCCCCC;font-family:\'Courier New\' !important;background-color:#F5F5F5;\">\r\n<pre> https://github.com/owlient/phpredis/tarball/master</pre>\r\n</div>\r\n<p style=\"font-size:13px;font-family:Verdana, Arial, Helvetica, sans-serif;background-color:#FEFEF2;\">\r\n	<span style=\"line-height:1.5;\"><span style=\"line-height:1.5;\">phpize是用来扩展php扩展模块的</span> </span> \r\n</p>\r\n<p style=\"font-size:13px;font-family:Verdana, Arial, Helvetica, sans-serif;background-color:#FEFEF2;\">\r\n	<span style=\"line-height:1.5;\">如果没有phpize，则需要先安装php5-dev</span> \r\n</p>\r\n<div class=\"cnblogs_code\" style=\"margin:5px 0px;padding:5px;border:1px solid #CCCCCC;font-family:\'Courier New\' !important;background-color:#F5F5F5;\">\r\n<pre>zc<span style=\"line-height:1.5;color:#800080;\">@zc</span>-Lenovo-B450:~$ apt-get install php5-dev</pre>\r\n</div>\r\n<div class=\"cnblogs_code\" style=\"margin:5px 0px;padding:5px;border:1px solid #CCCCCC;font-family:\'Courier New\' !important;background-color:#F5F5F5;\">\r\n<pre>zc<span style=\"line-height:1.5;color:#800080;\">@zc</span>-Lenovo-B450:~$ tar -zxvf owlient-phpredis-<span style=\"line-height:1.5;color:#800000;\">2.1</span>.<span style=\"line-height:1.5;color:#800000;\">1</span>-<span style=\"line-height:1.5;color:#800000;\">1</span>-g90ecd17.tar.<span style=\"line-height:1.5;\">gz\r\nzc</span><span style=\"line-height:1.5;color:#800080;\">@zc</span>-Lenovo-B450:~$ cd owlient-phpredis-90ecd17/\r\nzc@zc-Lenovo-B450:~/owlient-phpredis-90ecd17$ phpize\r\nzc@zc-Lenovo-B450:~/owlient-phpredis-90ecd17$ ./configure --with-php-config=/usr/bin//php-config\r\nzc@zc-Lenovo-B450:~/owlient-phpredis-90ecd17$ make\r\nroot@zc-Lenovo-B450:/home/zc/owlient-phpredis-90ecd17# make install</pre>\r\n</div>\r\n<p style=\"font-size:13px;font-family:Verdana, Arial, Helvetica, sans-serif;background-color:#FEFEF2;\">\r\n	修改php.ini文件\r\n</p>\r\n<div class=\"cnblogs_code\" style=\"margin:5px 0px;padding:5px;border:1px solid #CCCCCC;font-family:\'Courier New\' !important;background-color:#F5F5F5;\">\r\n<pre>root<span style=\"line-height:1.5;color:#800080;\">@zc</span>-Lenovo-B450:~<span style=\"line-height:1.5;color:#008000;\">#</span><span style=\"line-height:1.5;color:#008000;\"> vim /etc/php5/apache2/php.ini <span style=\"line-height:1.5;\">extension=redis.so   //</span>加上这句话</span></pre>\r\n</div>\r\n<p style=\"font-size:13px;font-family:Verdana, Arial, Helvetica, sans-serif;background-color:#FEFEF2;\">\r\n	重启apache\r\n</p>\r\n<div class=\"cnblogs_code\" style=\"margin:5px 0px;padding:5px;border:1px solid #CCCCCC;font-family:\'Courier New\' !important;background-color:#F5F5F5;\">\r\n<pre>root<span style=\"line-height:1.5;color:#800080;\">@zc</span>-Lenovo-B450:/etc/php5/apache2<span style=\"line-height:1.5;color:#008000;\">#</span><span style=\"line-height:1.5;color:#008000;\"> /etc/init.d/apache2 restart</span></pre>\r\n</div>\r\n<p style=\"font-size:13px;font-family:Verdana, Arial, Helvetica, sans-serif;background-color:#FEFEF2;\">\r\n	遇到问题：\r\n</p>\r\n<p style=\"font-size:13px;font-family:Verdana, Arial, Helvetica, sans-serif;background-color:#FEFEF2;\">\r\n	网站部署在10.0.0.6 redis部署在10.0.0.7\r\n</p>\r\n<p style=\"font-size:13px;font-family:Verdana, Arial, Helvetica, sans-serif;background-color:#FEFEF2;\">\r\n	连接的时候显示无法链接10.0.0.7：6379\r\n</p>\r\n<div class=\"cnblogs_code\" style=\"margin:5px 0px;padding:5px;border:1px solid #CCCCCC;font-family:\'Courier New\' !important;background-color:#F5F5F5;\">\r\n<pre>[root<span style=\"line-height:1.5;color:#800080;\">@app</span> ~]<span style=\"line-height:1.5;color:#008000;\">#</span><span style=\"line-height:1.5;color:#008000;\"> netstat -an|grep 6379</span> tcp <span style=\"line-height:1.5;color:#800000;\">0</span> <span style=\"line-height:1.5;color:#800000;\">0</span> <span style=\"line-height:1.5;color:#800000;\">127.0</span>.<span style=\"line-height:1.5;color:#800000;\">0.1</span>:<span style=\"line-height:1.5;color:#800000;\">6379</span> <span style=\"line-height:1.5;color:#800000;\">0.0</span>.<span style=\"line-height:1.5;color:#800000;\">0.0</span>:* <span style=\"line-height:1.5;color:#0000FF;\">LISTEN</span><span style=\"line-height:1.5;\"> tcp </span><span style=\"line-height:1.5;color:#800000;\">0</span> <span style=\"line-height:1.5;color:#800000;\">0</span> <span style=\"line-height:1.5;color:#800000;\">127.0</span>.<span style=\"line-height:1.5;color:#800000;\">0.1</span>:<span style=\"line-height:1.5;color:#800000;\">6379</span> <span style=\"line-height:1.5;color:#800000;\">127.0</span>.<span style=\"line-height:1.5;color:#800000;\">0.1</span>:<span style=\"line-height:1.5;color:#800000;\">58344</span><span style=\"line-height:1.5;\"> ESTABLISHED \r\ntcp </span><span style=\"line-height:1.5;color:#800000;\">0</span> <span style=\"line-height:1.5;color:#800000;\">0</span> <span style=\"line-height:1.5;color:#800000;\">127.0</span>.<span style=\"line-height:1.5;color:#800000;\">0.1</span>:<span style=\"line-height:1.5;color:#800000;\">58344</span> <span style=\"line-height:1.5;color:#800000;\">127.0</span>.<span style=\"line-height:1.5;color:#800000;\">0.1</span>:<span style=\"line-height:1.5;color:#800000;\">6379</span> ESTABLISHED </pre>\r\n</div>\r\n<p style=\"font-size:13px;font-family:Verdana, Arial, Helvetica, sans-serif;background-color:#FEFEF2;\">\r\n	查看6379端口显示只允许本机连接\r\n</p>\r\n<p style=\"font-size:13px;font-family:Verdana, Arial, Helvetica, sans-serif;background-color:#FEFEF2;\">\r\n	修改redis配置文件\r\n</p>\r\n<div class=\"cnblogs_code\" style=\"margin:5px 0px;padding:5px;border:1px solid #CCCCCC;font-family:\'Courier New\' !important;background-color:#F5F5F5;\">\r\n<pre>vim /etc/redis.conf <strong>bind 127.0.0.1 该为 </strong><strong>bind 0.0.0.0 就可以了</strong></pre>\r\n</div>'),(21,'<p>\r\n	<a href=\"http://hr.xiaomi.com/job/list/0-0-2\" target=\"_blank\">http://hr.xiaomi.com/job/list/0-0-2</a> \r\n</p>\r\n<p>\r\n	<br />\r\n</p>\r\n<p>\r\n	<a href=\"http://fuwu.mi.com/\" target=\"_blank\">http://fuwu.mi.com/</a> \r\n</p>'),(25,'测试数据测试数据'),(26,'测试数据22测试数据22'),(23,'网址：<a href=\"http://www.alidayu.com/service?spm=a3142.7802526.1.3.STozmu&_t=1#verification-code\" target=\"_blank\">http://www.alidayu.com/service?spm=a3142.7802526.1.3.STozmu&amp;_t=1#verification-code</a>'),(24,'<a href=\"http://open.taobao.com/doc2/apiList.htm?spm=a219a.7629065.0.0.cyaP2o&cid=15\" target=\"_blank\">http://open.taobao.com/doc2/apiList.htm?spm=a219a.7629065.0.0.cyaP2o&amp;cid=15</a>');
/*!40000 ALTER TABLE `y_channel-article_field` ENABLE KEYS */;
UNLOCK TABLES;

--
-- Table structure for table `y_channel-case`
--

DROP TABLE IF EXISTS `y_channel-case`;
/*!40101 SET @saved_cs_client     = @@character_set_client */;
/*!40101 SET character_set_client = utf8 */;
CREATE TABLE `y_channel-case` (
  `id` int(11) unsigned NOT NULL AUTO_INCREMENT,
  `cid` int(11) NOT NULL COMMENT '栏目id',
  `cid2` int(11) NOT NULL COMMENT '副栏目id',
  `title` varchar(240) NOT NULL COMMENT '标题',
  `picname` varchar(250) NOT NULL COMMENT '缩略图',
  `source` varchar(255) NOT NULL COMMENT '来源',
  `modifytime` timestamp NOT NULL DEFAULT '0000-00-00 00:00:00' ON UPDATE CURRENT_TIMESTAMP COMMENT '修改时间',
  `addtime` timestamp NOT NULL DEFAULT '0000-00-00 00:00:00' COMMENT '创建时间',
  `hits` mediumint(15) unsigned NOT NULL DEFAULT '1' COMMENT '点击率',
  `sort` int(10) NOT NULL DEFAULT '999' COMMENT '权重 ，越小越靠 前',
  `user` int(11) NOT NULL COMMENT '创建者',
  `arcrank` char(10) NOT NULL DEFAULT 'o' COMMENT '开放权限,o为全部开放',
  `isdelete` tinyint(2) NOT NULL DEFAULT '2',
  `comments` mediumint(15) NOT NULL,
  PRIMARY KEY (`id`),
  UNIQUE KEY `id` (`id`)
) ENGINE=InnoDB AUTO_INCREMENT=4 DEFAULT CHARSET=utf8 COMMENT='文章列表';
/*!40101 SET character_set_client = @saved_cs_client */;

--
-- Dumping data for table `y_channel-case`
--

LOCK TABLES `y_channel-case` WRITE;
/*!40000 ALTER TABLE `y_channel-case` DISABLE KEYS */;
INSERT INTO `y_channel-case` VALUES (2,19,0,'测试数据','1001/thumb_1436093001.png','','2015-07-18 07:00:12','2015-03-31 22:35:57',176,999,5,'o',2,0),(3,19,0,'测试数据','1001/thumb_1435933149.png','测试数据','2016-03-29 11:49:27','2015-03-31 23:41:44',64,999,5,'o',2,0);
/*!40000 ALTER TABLE `y_channel-case` ENABLE KEYS */;
UNLOCK TABLES;

--
-- Table structure for table `y_channel-case_field`
--

DROP TABLE IF EXISTS `y_channel-case_field`;
/*!40101 SET @saved_cs_client     = @@character_set_client */;
/*!40101 SET character_set_client = utf8 */;
CREATE TABLE `y_channel-case_field` (
  `aid` int(11) unsigned NOT NULL DEFAULT '0',
  `images` text,
  `xiaotu` varchar(254) DEFAULT NULL,
  PRIMARY KEY (`aid`)
) ENGINE=MyISAM DEFAULT CHARSET=utf8 COMMENT='客户案例扩展字段';
/*!40101 SET character_set_client = @saved_cs_client */;

--
-- Dumping data for table `y_channel-case_field`
--

LOCK TABLES `y_channel-case_field` WRITE;
/*!40000 ALTER TABLE `y_channel-case_field` DISABLE KEYS */;
INSERT INTO `y_channel-case_field` VALUES (2,'a:5:{i:0;s:25:\"1001/thumb_1427809534.png\";i:1;s:25:\"1001/thumb_1427854347.jpg\";i:2;s:25:\"1001/thumb_1427854360.jpg\";i:3;s:25:\"1001/thumb_1427857467.jpg\";i:4;s:25:\"1001/thumb_1427857624.jpg\";}','1001/thumb_1427857624.jpg'),(3,'a:8:{i:0;s:25:\"1001/thumb_1427806021.jpg\";i:1;s:25:\"1001/thumb_1427809630.jpg\";i:2;s:25:\"1001/thumb_1427854347.jpg\";i:3;s:25:\"1001/thumb_1427854360.jpg\";i:4;s:25:\"1001/thumb_1427857467.jpg\";i:5;s:25:\"1001/thumb_1427857477.jpg\";i:6;s:25:\"1001/thumb_1427857505.jpg\";i:7;s:25:\"1001/thumb_1427857531.jpg\";}','');
/*!40000 ALTER TABLE `y_channel-case_field` ENABLE KEYS */;
UNLOCK TABLES;

--
-- Table structure for table `y_channel-renshi`
--

DROP TABLE IF EXISTS `y_channel-renshi`;
/*!40101 SET @saved_cs_client     = @@character_set_client */;
/*!40101 SET character_set_client = utf8 */;
CREATE TABLE `y_channel-renshi` (
  `id` int(11) unsigned NOT NULL AUTO_INCREMENT,
  `cid` int(11) NOT NULL COMMENT '栏目id',
  `cid2` int(11) NOT NULL COMMENT '副栏目id',
  `title` varchar(255) NOT NULL COMMENT '标题',
  `picname` varchar(255) NOT NULL COMMENT '缩略图',
  `source` varchar(255) NOT NULL COMMENT '来源',
  `modifytime` timestamp NOT NULL DEFAULT '0000-00-00 00:00:00' ON UPDATE CURRENT_TIMESTAMP COMMENT '修改时间',
  `addtime` timestamp NOT NULL DEFAULT '0000-00-00 00:00:00' COMMENT '创建时间',
  `hits` mediumint(15) unsigned NOT NULL DEFAULT '1' COMMENT '点击率',
  `comments` mediumint(15) unsigned NOT NULL DEFAULT '1' COMMENT '评论次数',
  `sort` int(10) NOT NULL DEFAULT '999' COMMENT '权重 ，越小越靠前',
  `user` int(11) NOT NULL COMMENT '创建者',
  `arcrank` varchar(10) NOT NULL DEFAULT 'o' COMMENT '阅读权限,o为全部开放,c为待审核,oc为关闭评论',
  `isdelete` tinyint(2) unsigned NOT NULL DEFAULT '2' COMMENT '是否删除，1为已删除',
  PRIMARY KEY (`id`),
  UNIQUE KEY `id` (`id`)
) ENGINE=InnoDB AUTO_INCREMENT=4 DEFAULT CHARSET=utf8 COMMENT='人事招聘';
/*!40101 SET character_set_client = @saved_cs_client */;

--
-- Dumping data for table `y_channel-renshi`
--

LOCK TABLES `y_channel-renshi` WRITE;
/*!40000 ALTER TABLE `y_channel-renshi` DISABLE KEYS */;
INSERT INTO `y_channel-renshi` VALUES (1,37,0,'PHP开发工程师','','','2016-03-15 11:25:33','2016-03-15 10:26:34',217,1,999,5,'o',2),(2,0,0,'前端开发工程师','','','2016-03-15 14:38:00','2016-03-15 13:28:42',145,1,999,5,'o',2),(3,0,0,'高级UI设计师','','','2016-04-02 07:49:18','2016-03-15 13:34:13',138,1,999,5,'o',2);
/*!40000 ALTER TABLE `y_channel-renshi` ENABLE KEYS */;
UNLOCK TABLES;

--
-- Table structure for table `y_channel-renshi_field`
--

DROP TABLE IF EXISTS `y_channel-renshi_field`;
/*!40101 SET @saved_cs_client     = @@character_set_client */;
/*!40101 SET character_set_client = utf8 */;
CREATE TABLE `y_channel-renshi_field` (
  `aid` int(11) unsigned NOT NULL DEFAULT '0',
  `xinzi` varchar(254) DEFAULT NULL,
  `didian` varchar(254) DEFAULT NULL,
  `jinyan` varchar(254) DEFAULT NULL,
  `xueli` varchar(254) DEFAULT NULL,
  `youhuo` text,
  `zhize` text,
  `zige` text,
  `read` tinyint(4) NOT NULL DEFAULT '0' COMMENT '未读的简历',
  PRIMARY KEY (`aid`)
) ENGINE=MyISAM DEFAULT CHARSET=utf8 COMMENT='人事招聘扩展字段';
/*!40101 SET character_set_client = @saved_cs_client */;

--
-- Dumping data for table `y_channel-renshi_field`
--

LOCK TABLES `y_channel-renshi_field` WRITE;
/*!40000 ALTER TABLE `y_channel-renshi_field` DISABLE KEYS */;
INSERT INTO `y_channel-renshi_field` VALUES (1,'8k-15k','长沙','3 - 5年','不限',' 弹性工作 年底双薪 年终奖','1、负责公司网站基于php的商城系统的二次开发维护、新产品设计及测试工作；\r\n\r\n2、参与开发规范制定及开发文档编写，为网站运营提供技术支持；\r\n\r\n3、根据网站运营要求，对已有网站程序进行功能调整，或者开发新的网站功能模块；\r\n\r\n4、维护现有网站系统的稳定，在网站系统或者网站功能出现故障时快速恢复；\r\n\r\n5、配合网站美工及推广的要求完成特定功能模块的开发项目；\r\n\r\n6、领导交待的其他工作。','1、精通PHP+MYSQL。 有两年以上PHP开发经验,其中电子商务类网站开发经验一年以上；\r\n\r\n2、熟悉商城系统的二次开发,至少独立完成1个以上二次开发项目；\r\n\r\n3、深入了解面向对象和面向过程编程方式，熟悉API接口设计并有相关开发经验着优先；\r\n\r\n4、熟悉页面架构和布局，对WEB标准和标签语义化有深入理解；\r\n\r\n5、精通DIV/CSS，熟练手写标准CSS样式表，能快速地把效果图转化为HTML；\r\n\r\n6、熟悉多浏览器兼容性的解决方法；\r\n\r\n7、学习能力强，能不断学习新技术，提高自身能力（有较强的沟通表达能力、抗压能力）。',0),(2,'5k -6k','北京','3年','不限','','Hi,前端的各位码农，你在哪里？\r\n\r\n如果你热爱技术一如你热爱生活~\r\n\r\n如果你心态开放热衷互联网无限活力~\r\n\r\n如果你具备超强责任感和团队作战力~\r\n\r\n那么赶快加入我们吧，3W需要你！','1、一年以上前端工作经验。\r\n\r\n2、热爱移动互联网，参与或主导过一个以上的项目前端开发工作；\r\n\r\n3、精通HTML、CSS、Javascript等前端语言，具有良好的编程习惯；\r\n\r\n4、熟练掌握常用的前端工具，如Fiddler、Jquery、Gulp、Bootstrap、Grunt等；\r\n\r\n5、良好的分析、沟通和解决问题的能力，团队合作精神；\r\n\r\n6、具有PC端和移动端项目经验者优先。',0),(3,'5k -6k','长沙','3 - 5年','不限','','1、负责公司移动端产品和网站页面的整体视觉设计工作以及UI设计工作(包括移动端产品的整体风格和界面、icon设计，公司视觉发展方向、VI规范、视觉管理机制的搭建)； \r\n\r\n2、根据对用户体验的理解和分析，以用户角度思考，提高移动端和网站页面的可用性，继而优化设计；对产品结构、流程、功能、界面用户体验、交互功能等进行研究并提出改善方案； \r\n\r\n3、根据需求对移动APP产品的相关活动、项目进行创意设计；','1、5年以上互联网、移动互联网设计管理经验；独立承担过移动端产品的UI设计工作和视觉设计工作。 \r\n\r\n\r\n\r\n2、本科及以上学历，平面设计、美术设计以及多媒体设计等相关艺术类专业者优先； \r\n\r\n\r\n\r\n3、有扎实的美术功底，对画面的光影、色彩等有较强的理解和把握力，具有丰富的创作灵感，以及永不止步的学习能力； \r\n\r\n\r\n\r\n4、热爱设计，拥有宽广的行业视野与前沿的审美标准。\r\n\r\n\r\n\r\n5、精通各类设计软件。\r\n\r\n\r\n\r\n简历请附带作品，谢谢！\r\n\r\n\r\n加分项:\r\n\r\n1. 主导设计的产品 50w+日活加分\r\n\r\n2. 主导从0到1或重大改版的设计过程加分\r\n\r\n3. 电商或旅游相关经验加分\r\n\r\n4. 有数据分析和用户研究技能加分',0);
/*!40000 ALTER TABLE `y_channel-renshi_field` ENABLE KEYS */;
UNLOCK TABLES;

--
-- Table structure for table `y_column`
--

DROP TABLE IF EXISTS `y_column`;
/*!40101 SET @saved_cs_client     = @@character_set_client */;
/*!40101 SET character_set_client = utf8 */;
CREATE TABLE `y_column` (
  `id` int(8) NOT NULL AUTO_INCREMENT,
  `name` varchar(80) NOT NULL,
  `type` tinyint(2) NOT NULL COMMENT '栏目类型：1为频道模型内容，取model字段；3为封面内容，取content字段；2为外部链接，取url字段',
  `mark` varchar(200) NOT NULL COMMENT '栏目标识id',
  `status` tinyint(2) NOT NULL DEFAULT '1',
  `model` int(11) NOT NULL COMMENT '频道模型ID ',
  `location` varchar(10) NOT NULL DEFAULT 'u' COMMENT '栏目摆放的位置',
  `goodstype` tinyint(8) NOT NULL COMMENT '商品分类ID',
  `goodsactivity` int(11) DEFAULT NULL COMMENT '商品促销活动ID',
  `url` varchar(250) NOT NULL COMMENT '链接',
  `content` text NOT NULL COMMENT '栏目内容',
  `tplContent` varchar(222) NOT NULL COMMENT '栏目内容模板',
  `tplList` varchar(222) NOT NULL COMMENT '栏目列表模板',
  `tplArticle` varchar(222) NOT NULL COMMENT '栏目下的文章模板',
  `description` varchar(250) NOT NULL COMMENT '栏目描述',
  `pid` int(11) NOT NULL DEFAULT '0' COMMENT '父栏目ID',
  `issend` tinyint(2) NOT NULL DEFAULT '2' COMMENT '是否支持投稿,1为支持',
  `seotitle` varchar(200) NOT NULL COMMENT 'seo标题',
  `keyword` varchar(255) NOT NULL COMMENT '关键字',
  `sort` int(11) NOT NULL DEFAULT '200',
  PRIMARY KEY (`id`),
  UNIQUE KEY `id` (`id`)
) ENGINE=InnoDB AUTO_INCREMENT=39 DEFAULT CHARSET=utf8 COMMENT='栏目';
/*!40101 SET character_set_client = @saved_cs_client */;

--
-- Dumping data for table `y_column`
--

LOCK TABLES `y_column` WRITE;
/*!40000 ALTER TABLE `y_column` DISABLE KEYS */;
INSERT INTO `y_column` VALUES (3,'新闻动态',1,'news',1,33,'u',11,1,'','<h1>\r\n	sadfdsfdsfaf\r\n</h1>\r\n<p>\r\n	<br />\r\n</p>\r\n<p>\r\n	fa\r\n</p>\r\n<p>\r\n	sf\r\n</p>\r\n<p>\r\n	ddsff\r\n</p>','','','','',0,0,'','',201),(19,'客户案例',1,'case',1,34,'u',11,1,'','','','','','',0,2,'','',201),(23,'熟食(肉类)',4,'product',1,33,'u',2,NULL,'','','','','','',0,2,'','',200),(25,'新闻动态',1,'xnews',1,33,'u',11,NULL,'','','','','','',3,2,'','',200),(26,'技术知识',1,'technology',1,33,'u',11,NULL,'','','','','','',3,2,'','',200),(28,'关于开发',1,'dev',1,33,'u',11,NULL,'','','','','','',26,2,'','',200),(29,'测试',1,'test2',1,33,'u',19,NULL,'','','','','','',26,2,'','',200),(30,'熟食(豆制品)',4,'douzhiping',1,33,'u',3,NULL,'','','','','','',0,2,'','',200),(31,'天天特价',5,'tiantiantj',1,33,'u',1,1,'','','','','','',0,2,'','',200),(32,'帮助中心',1,'helpcenter',1,33,'b',1,1,'','','','','','',0,2,'','',200),(33,'帮助中心',1,'help11',1,33,'b',1,1,'','','','','','',32,2,'','',200),(34,'支付购买',1,'zhifugoumai',1,33,'b',1,1,'','','','','','',32,2,'','',200),(35,'售后服务',1,'shouhoufuwu',1,33,'b',1,1,'','','','','','',32,2,'','',200),(38,'招兵买马',2,'jobs',1,33,'t',1,1,'/?v=/jobs/index','','','','','',0,2,'','',200);
/*!40000 ALTER TABLE `y_column` ENABLE KEYS */;
UNLOCK TABLES;

--
-- Table structure for table `y_config2`
--

DROP TABLE IF EXISTS `y_config2`;
/*!40101 SET @saved_cs_client     = @@character_set_client */;
/*!40101 SET character_set_client = utf8 */;
CREATE TABLE `y_config2` (
  `id` int(11) NOT NULL AUTO_INCREMENT,
  `name` varchar(200) NOT NULL,
  `mark` varchar(200) NOT NULL,
  `val` text NOT NULL,
  `type` varchar(120) NOT NULL,
  `seval` varchar(120) NOT NULL,
  `g` varchar(120) NOT NULL,
  PRIMARY KEY (`id`)
) ENGINE=InnoDB AUTO_INCREMENT=5 DEFAULT CHARSET=utf8 COMMENT='其他配置参数';
/*!40101 SET character_set_client = @saved_cs_client */;

--
-- Dumping data for table `y_config2`
--

LOCK TABLES `y_config2` WRITE;
/*!40000 ALTER TABLE `y_config2` DISABLE KEYS */;
INSERT INTO `y_config2` VALUES (1,'微信Token验证开关','weixinToken','0','select','1=开启,0=关闭','i'),(2,'默认回复消息','weixinMsg1','你好，感谢关注异新优网络科技的测试号，我的微信 xianglou','text','','i'),(3,'自定义菜单','weixinMenu','a:1:{s:6:\"button\";a:3:{i:0;a:3:{s:4:\"name\";s:12:\"商城首页\";s:4:\"type\";s:4:\"view\";s:3:\"url\";s:21:\"http://js.yixinu.com/\";}i:1;a:2:{s:4:\"name\";s:12:\"个人中心\";s:10:\"sub_button\";a:3:{i:0;a:3:{s:4:\"name\";s:12:\"个人中心\";s:4:\"type\";s:4:\"view\";s:3:\"url\";s:32:\"http://js.yixinu.com/user/index/\";}i:1;a:3:{s:4:\"name\";s:12:\"收货地址\";s:4:\"type\";s:4:\"view\";s:3:\"url\";s:34:\"http://js.yixinu.com/user/address/\";}i:2;a:3:{s:4:\"name\";s:12:\"修改密码\";s:4:\"type\";s:4:\"view\";s:3:\"url\";s:40:\"http://js.yixinu.com/u/retrievepassword/\";}}}i:2;a:2:{s:4:\"name\";s:6:\"我的\";s:10:\"sub_button\";a:3:{i:0;a:3:{s:4:\"name\";s:12:\"所有订单\";s:4:\"type\";s:4:\"view\";s:3:\"url\";s:39:\"http://js.yixinu.com/user/orderlist/s_1\";}i:1;a:3:{s:4:\"name\";s:9:\"购物车\";s:4:\"type\";s:4:\"view\";s:3:\"url\";s:39:\"http://js.yixinu.com/user/shoppingcart/\";}i:2;a:3:{s:4:\"name\";s:12:\"个人中心\";s:4:\"type\";s:4:\"view\";s:3:\"url\";s:25:\"http://js.yixinu.com/user\";}}}}}','','','data'),(4,'微信Token验证 Token码','weixinTokenCode','aaaabbbb','text','','i');
/*!40000 ALTER TABLE `y_config2` ENABLE KEYS */;
UNLOCK TABLES;

--
-- Table structure for table `y_coupon`
--

DROP TABLE IF EXISTS `y_coupon`;
/*!40101 SET @saved_cs_client     = @@character_set_client */;
/*!40101 SET character_set_client = utf8 */;
CREATE TABLE `y_coupon` (
  `id` int(11) NOT NULL AUTO_INCREMENT,
  `name` varchar(255) NOT NULL COMMENT '名称',
  `money` decimal(9,2) NOT NULL COMMENT '金额',
  `amount` decimal(9,2) NOT NULL COMMENT '需要满金额才能用',
  `send` int(11) NOT NULL DEFAULT '0' COMMENT '已发放数量',
  `startTime` timestamp NOT NULL DEFAULT CURRENT_TIMESTAMP ON UPDATE CURRENT_TIMESTAMP COMMENT '开始日期',
  `endTime` timestamp NOT NULL DEFAULT '0000-00-00 00:00:00' COMMENT '结束日期',
  `status` tinyint(2) NOT NULL DEFAULT '1' COMMENT '状态，1为启用，2为禁用',
  PRIMARY KEY (`id`)
) ENGINE=InnoDB AUTO_INCREMENT=6 DEFAULT CHARSET=utf8 COMMENT='优惠券  模板';
/*!40101 SET character_set_client = @saved_cs_client */;

--
-- Dumping data for table `y_coupon`
--

LOCK TABLES `y_coupon` WRITE;
/*!40000 ALTER TABLE `y_coupon` DISABLE KEYS */;
INSERT INTO `y_coupon` VALUES (4,'五元',5.00,10.00,3,'2016-02-29 14:06:27','2017-06-18 00:00:14',1),(5,'三十元',30.00,50.00,2,'2016-02-22 19:12:12','2017-08-01 00:00:00',1);
/*!40000 ALTER TABLE `y_coupon` ENABLE KEYS */;
UNLOCK TABLES;

--
-- Table structure for table `y_coupon_issue`
--

DROP TABLE IF EXISTS `y_coupon_issue`;
/*!40101 SET @saved_cs_client     = @@character_set_client */;
/*!40101 SET character_set_client = utf8 */;
CREATE TABLE `y_coupon_issue` (
  `id` int(11) NOT NULL AUTO_INCREMENT,
  `userId` mediumint(15) NOT NULL COMMENT '用户ID',
  `money` decimal(9,2) NOT NULL COMMENT '面额',
  `amount` decimal(9,2) NOT NULL COMMENT '需要满金额',
  `rtime` timestamp NOT NULL DEFAULT CURRENT_TIMESTAMP ON UPDATE CURRENT_TIMESTAMP COMMENT '发放时间',
  `orderSn` varchar(255) DEFAULT NULL COMMENT '订单ID，如果不为空,则表示已经使用过了。',
  `couponId` int(11) NOT NULL COMMENT '优惠券ID',
  `startTime` timestamp NOT NULL DEFAULT '0000-00-00 00:00:00' COMMENT '开始时间',
  `endTime` timestamp NOT NULL DEFAULT '0000-00-00 00:00:00' COMMENT '过期时间',
  `status` tinyint(2) NOT NULL DEFAULT '1' COMMENT '状态，1为可用 ，2为禁用，3为过期，4为已用完',
  PRIMARY KEY (`id`)
) ENGINE=InnoDB AUTO_INCREMENT=5 DEFAULT CHARSET=utf8 COMMENT='已发放的优惠券';
/*!40101 SET character_set_client = @saved_cs_client */;

--
-- Dumping data for table `y_coupon_issue`
--

LOCK TABLES `y_coupon_issue` WRITE;
/*!40000 ALTER TABLE `y_coupon_issue` DISABLE KEYS */;
INSERT INTO `y_coupon_issue` VALUES (1,4,30.00,50.00,'2016-03-30 21:12:15','160331051215474',5,'2015-06-23 14:36:42','2017-08-01 00:00:00',4),(2,4,5.00,10.00,'2016-04-02 06:55:34','160402145534494',4,'2015-06-16 00:00:00','2017-06-18 00:00:14',4),(3,4,5.00,10.00,'2016-04-27 20:53:08','160428045308784',4,'2015-10-03 21:45:53','2017-06-18 00:00:14',4),(4,4,5.00,10.00,'2016-03-30 15:05:41',NULL,4,'2016-02-29 14:03:09','2017-06-18 00:00:14',1);
/*!40000 ALTER TABLE `y_coupon_issue` ENABLE KEYS */;
UNLOCK TABLES;

--
-- Table structure for table `y_customdata`
--

DROP TABLE IF EXISTS `y_customdata`;
/*!40101 SET @saved_cs_client     = @@character_set_client */;
/*!40101 SET character_set_client = utf8 */;
CREATE TABLE `y_customdata` (
  `id` int(11) NOT NULL AUTO_INCREMENT,
  `mark` varchar(200) DEFAULT NULL COMMENT '标签',
  `title` varchar(200) CHARACTER SET utf8 NOT NULL COMMENT '标题',
  `notes` varchar(254) CHARACTER SET utf8 NOT NULL COMMENT '备注',
  `status` tinyint(2) NOT NULL DEFAULT '1' COMMENT '1为可用',
  `tablename` varchar(200) CHARACTER SET utf8 NOT NULL COMMENT '数据表名',
  PRIMARY KEY (`id`)
) ENGINE=InnoDB AUTO_INCREMENT=10 DEFAULT CHARSET=latin1 COMMENT='自定义数据';
/*!40101 SET character_set_client = @saved_cs_client */;

--
-- Dumping data for table `y_customdata`
--

LOCK TABLES `y_customdata` WRITE;
/*!40000 ALTER TABLE `y_customdata` DISABLE KEYS */;
INSERT INTO `y_customdata` VALUES (1,'goods1','明星单品','首页用 商品',1,'goods'),(2,'article1','最新动态','首页用 文章',1,'channel-article'),(3,'goods2','刚刚上架','首页用',1,'goods'),(4,'goods3','店家推荐','手机端用',1,'goods'),(6,'goods4','推荐','首页顶部用的。。',1,'goods'),(7,'goods5','秒抢','手机端用的',1,'goods'),(9,'goods6','推荐','手机端 用',1,'goods');
/*!40000 ALTER TABLE `y_customdata` ENABLE KEYS */;
UNLOCK TABLES;

--
-- Table structure for table `y_customdata_data`
--

DROP TABLE IF EXISTS `y_customdata_data`;
/*!40101 SET @saved_cs_client     = @@character_set_client */;
/*!40101 SET character_set_client = utf8 */;
CREATE TABLE `y_customdata_data` (
  `id` int(11) NOT NULL AUTO_INCREMENT,
  `cid` int(11) NOT NULL,
  `dataid` int(11) NOT NULL COMMENT '数据ID ',
  PRIMARY KEY (`id`)
) ENGINE=InnoDB AUTO_INCREMENT=79 DEFAULT CHARSET=latin1 COMMENT='自定义数据表的扩展数据';
/*!40101 SET character_set_client = @saved_cs_client */;

--
-- Dumping data for table `y_customdata_data`
--

LOCK TABLES `y_customdata_data` WRITE;
/*!40000 ALTER TABLE `y_customdata_data` DISABLE KEYS */;
INSERT INTO `y_customdata_data` VALUES (15,2,18),(23,2,17),(24,2,16),(26,3,193),(27,3,194),(28,3,195),(29,3,200),(31,1,204),(33,1,201),(36,4,197),(38,4,203),(39,2,21),(40,1,212),(41,1,215),(42,1,216),(43,4,215),(44,4,221),(45,3,219),(46,6,212),(47,6,215),(48,6,216),(49,4,190),(50,4,191),(51,4,193),(52,4,194),(53,4,195),(54,4,196),(55,4,197),(56,4,198),(57,4,199),(58,4,200),(59,4,201),(60,4,202),(61,4,203),(62,4,204),(63,7,219),(64,7,220),(65,7,221),(66,9,205),(67,9,206),(69,9,208),(70,9,209),(71,9,210),(72,9,211),(73,9,212),(74,9,215),(75,9,216),(76,9,219),(77,9,220),(78,9,221);
/*!40000 ALTER TABLE `y_customdata_data` ENABLE KEYS */;
UNLOCK TABLES;

--
-- Table structure for table `y_deliverys`
--

DROP TABLE IF EXISTS `y_deliverys`;
/*!40101 SET @saved_cs_client     = @@character_set_client */;
/*!40101 SET character_set_client = utf8 */;
CREATE TABLE `y_deliverys` (
  `id` int(11) NOT NULL AUTO_INCREMENT,
  `name` varchar(40) NOT NULL,
  `description` varchar(240) NOT NULL,
  `status` tinyint(1) NOT NULL DEFAULT '1',
  `expressDoc` text NOT NULL COMMENT '快递单区域内的div html信息',
  `ex_width` int(8) NOT NULL DEFAULT '950' COMMENT '快递单宽度',
  `ex_height` int(8) NOT NULL DEFAULT '450' COMMENT '快递单高度',
  `ex_background` varchar(255) NOT NULL COMMENT '快递单背景图片',
  `sendout` text NOT NULL COMMENT '发货信息(PHP数组)',
  `ex_com` varchar(120) NOT NULL COMMENT '快递公司代码(快递100)',
  PRIMARY KEY (`id`),
  UNIQUE KEY `id` (`id`)
) ENGINE=InnoDB AUTO_INCREMENT=19 DEFAULT CHARSET=utf8;
/*!40101 SET character_set_client = @saved_cs_client */;

--
-- Dumping data for table `y_deliverys`
--

LOCK TABLES `y_deliverys` WRITE;
/*!40000 ALTER TABLE `y_deliverys` DISABLE KEYS */;
INSERT INTO `y_deliverys` VALUES (14,'申通快递','申通快递',1,' <div class=\"conName\" style=\"left: 537.5px; top: 101px; border: 1px solid rgb(225, 225, 225);\" check=\"0\">收货人姓名</div><div class=\"conProvice\" style=\"left: 524.5px; top: 157px; border: 1px solid rgb(225, 225, 225);\" check=\"0\">收货地址 - 省</div><div class=\"conCity\" style=\"left: 648.5px; top: 157px; border: 1px solid rgb(225, 225, 225);\" check=\"0\">收货地址 - 市</div><div class=\"conCounty\" style=\"left: 523.5px; top: 178px; border: 1px solid rgb(225, 225, 225);\" check=\"0\">收货地址 - 区/县</div><div class=\"conTown\" style=\"left: 648.5px; top: 178px; border: 1px solid rgb(225, 225, 225);\" check=\"0\">收货地址 - 乡镇/街道</div><div class=\"conAddress\" style=\"left: 523.5px; top: 200px; border: 1px solid rgb(225, 225, 225);\" check=\"0\">收货地址 - 街道详细地址</div><div class=\"webName\" style=\"left: 133.5px; top: 102px; border: 1px solid rgb(225, 225, 225);\" check=\"0\">网站 - 名称</div><div class=\"webPhone\" style=\"left: 164.5px; top: 230px; border: 1px solid rgb(225, 225, 225);\" check=\"0\">网站 - 联系电话</div><div class=\"webAddress\" style=\"left: 97.5px; top: 196px; border: 1px solid rgb(225, 225, 225);\" check=\"0\">网站 - 联系地址</div><div class=\"timeYear\" style=\"left: 76.5px; top: 375px; border: 1px solid rgb(225, 225, 225);\" check=\"0\">时间-年</div><div class=\"timeMonth\" style=\"left: 132.5px; top: 377px; border: 1px solid rgb(225, 225, 225);\" check=\"0\">时间-月</div><div class=\"timeDay\" style=\"left: 183.5px; top: 376px; border: 1px solid rgb(225, 225, 225);\" check=\"0\">时间-日</div><div check=\"0\" class=\"select1\" style=\"left: 143.5px; top: 256px; border: 1px solid rgb(225, 225, 225);\">选中 - √</div><div check=\"0\" class=\"conMobile\" style=\"left: 565.5px; top: 230px; border: 1px solid rgb(225, 225, 225);\">收货人手机号码</div><div check=\"0\" class=\"senProvice\" style=\"left: 302.5px; top: 85px; border: 1px solid rgb(225, 225, 225);\">寄件(省)</div><div check=\"0\" class=\"senCity\" style=\"left: 300.5px; top: 106px; border: 1px solid rgb(225, 225, 225);\">寄件(市)</div><div check=\"0\" class=\"conCity\" style=\"left: 713.5px; top: 106px; border: 1px solid rgb(225, 225, 225);\">收货地址 - 市</div><div check=\"0\" class=\"conProvice\" style=\"left: 711.5px; top: 85px; border: 1px solid rgb(225, 225, 225);\">收货地址 - 省</div><div check=\"0\" class=\"orderSn\" style=\"left: 69.5px; top: 325px; border: 1px solid rgb(225, 225, 225);\">订单号</div>',950,450,'1001/thumb_1459942511.jpg','a:12:{s:7:\"senName\";s:18:\"异新优工作室\";s:9:\"senMobile\";s:11:\"18600000000\";s:8:\"senPhone\";s:13:\"0731-00000000\";s:10:\"senAddress\";s:10:\"xxxx街道\";s:9:\"proviceSn\";s:3:\"430\";s:6:\"citySn\";s:12:\"430100000000\";s:8:\"countySn\";s:1:\"0\";s:6:\"townSn\";s:1:\"0\";s:10:\"senProvice\";s:9:\"湖南省\";s:7:\"senCity\";s:9:\"长沙市\";s:9:\"senCounty\";N;s:7:\"senTown\";N;}','shentong'),(16,'门店自提','',2,'',950,450,'','','0'),(17,'顺丰快递','',1,'<div check=\"0\" class=\"conName\" style=\"left: 552.5px; top: 97px; border: 1px solid rgb(225, 225, 225);\">收货人姓名</div><div check=\"0\" class=\"conMobile\" style=\"left: 569.5px; top: 226px; border: 1px solid rgb(225, 225, 225);\">收货人手机号码</div><div check=\"0\" class=\"conProvice\" style=\"left: 533.5px; top: 162px; border: 1px solid rgb(225, 225, 225);\">收货地址 - 省</div><div check=\"0\" class=\"conCity\" style=\"left: 631.5px; top: 162px; border: 1px solid rgb(225, 225, 225);\">收货地址 - 市</div><div check=\"0\" class=\"conCounty\" style=\"left: 722.5px; top: 161px; border: 1px solid rgb(225, 225, 225);\">收货地址 - 区/县</div><div check=\"0\" class=\"conTown\" style=\"left: 516.5px; top: 195px; border: 1px solid rgb(225, 225, 225);\">收货地址 - 乡镇/街道</div><div check=\"0\" class=\"conAddress\" style=\"left: 670.5px; top: 194px; border: 1px solid rgb(225, 225, 225);\">收货地址 - 街道详细地址</div><div check=\"0\" class=\"senName\" style=\"left: 146.5px; top: 97px; border: 1px solid rgb(225, 225, 225);\">寄件人姓名</div><div check=\"0\" class=\"senPhone\" style=\"left: 165.5px; top: 228px; border: 1px solid rgb(225, 225, 225);\">寄件人电话</div><div check=\"0\" class=\"senProvice\" style=\"left: 135.5px; top: 162px; border: 1px solid rgb(225, 225, 225);\">寄件(省)</div><div check=\"0\" class=\"senCity\" style=\"left: 212.5px; top: 161px; border: 1px solid rgb(225, 225, 225);\">寄件(市)</div>',950,450,'1001/thumb_1459942511.jpg','','shunfeng'),(18,'圆通速递','',1,'<div check=\"1\" class=\"conName\" style=\"left: 537.5px; top: 99px; border: 1px solid rgb(255, 0, 0);\">收货人姓名</div><div check=\"1\" class=\"conMobile\" style=\"left: 567.5px; top: 230px; border: 1px solid rgb(255, 0, 0);\">收货人手机号码</div><div check=\"1\" class=\"conProvice\" style=\"left: 531.515625px; top: 158px; border: 1px solid rgb(255, 0, 0);\">收货地址 - 省</div><div check=\"0\" class=\"conCity\" style=\"left: 671.515625px; top: 157px; border: 1px solid rgb(225, 225, 225);\">收货地址 - 市</div><div check=\"0\" class=\"conCounty\" style=\"left: 531.5px; top: 176px; border: 1px solid rgb(225, 225, 225);\">收货地址 - 区/县</div><div check=\"0\" class=\"conTown\" style=\"left: 670.515625px; top: 174px; border: 1px solid rgb(225, 225, 225);\">收货地址 - 乡镇/街道</div><div check=\"1\" class=\"conAddress\" style=\"left: 529.5px; top: 199px; border: 1px solid rgb(255, 0, 0);\">收货地址 - 街道详细地址</div><div check=\"1\" class=\"orderSn\" style=\"left: 68.5px; top: 324px; border: 1px solid rgb(255, 0, 0);\">订单号</div><div check=\"1\" class=\"select1\" style=\"left: 146.5px; top: 257px; border: 1px solid rgb(255, 0, 0);\">选中 - √</div><div check=\"1\" class=\"webName\" style=\"left: 142.5px; top: 100px; border: 1px solid rgb(255, 0, 0);\">网站 - 名称</div><div check=\"1\" class=\"webPhone\" style=\"left: 181.5px; top: 228px; border: 1px solid rgb(255, 0, 0);\">网站 - 联系电话</div><div check=\"1\" class=\"webAddress\" style=\"left: 103.5px; top: 197px; border: 1px solid rgb(255, 0, 0);\">网站 - 联系地址</div><div check=\"1\" class=\"timeYear\" style=\"left: 71.5px; top: 375px; border: 1px solid rgb(255, 0, 0);\">时间-年</div><div check=\"1\" class=\"timeMonth\" style=\"left: 128.5px; top: 376px; border: 1px solid rgb(255, 0, 0);\">时间-月</div><div check=\"1\" class=\"timeDay\" style=\"left: 170.5px; top: 376px; border: 1px solid rgb(255, 0, 0);\">时间-日</div>',950,450,'1001/thumb_1436081865.jpg','','yuantong');
/*!40000 ALTER TABLE `y_deliverys` ENABLE KEYS */;
UNLOCK TABLES;

--
-- Table structure for table `y_fields`
--

DROP TABLE IF EXISTS `y_fields`;
/*!40101 SET @saved_cs_client     = @@character_set_client */;
/*!40101 SET character_set_client = utf8 */;
CREATE TABLE `y_fields` (
  `id` int(11) NOT NULL AUTO_INCREMENT,
  `name` varchar(200) NOT NULL COMMENT '名称',
  `mark` varchar(200) NOT NULL COMMENT '字段标识',
  `type` varchar(40) NOT NULL COMMENT '字段类型',
  `model` int(11) NOT NULL COMMENT '模型ID',
  `description` varchar(254) NOT NULL COMMENT '描述',
  `val` varchar(200) NOT NULL COMMENT 'select,checkbox选项',
  `status` tinyint(4) NOT NULL DEFAULT '1',
  PRIMARY KEY (`id`),
  UNIQUE KEY `id` (`id`),
  UNIQUE KEY `mark` (`mark`)
) ENGINE=InnoDB AUTO_INCREMENT=20 DEFAULT CHARSET=utf8 COMMENT='模型自定义字段';
/*!40101 SET character_set_client = @saved_cs_client */;

--
-- Dumping data for table `y_fields`
--

LOCK TABLES `y_fields` WRITE;
/*!40000 ALTER TABLE `y_fields` DISABLE KEYS */;
INSERT INTO `y_fields` VALUES (9,'正文内容','content','html',33,'','',1),(10,'案例图片','images','image',34,'','',1),(11,'小图','xiaotu','thumb',34,'','',1),(12,'test1','test1','varchar',37,'','1=成功',1),(13,'薪资','xinzi','varchar',42,'','1=成功',1),(14,'工作地点','didian','varchar',42,'','1=成功',1),(15,'工作经验','jinyan','varchar',42,'','1=成功',1),(16,'学历要求','xueli','varchar',42,'','1=成功',1),(17,'职位诱惑','youhuo','varchar',42,'','1=成功',1),(18,'岗位职责','zhize','text',42,'','1=成功',1),(19,'任职资格','zige','text',42,'','1=成功',1);
/*!40000 ALTER TABLE `y_fields` ENABLE KEYS */;
UNLOCK TABLES;

--
-- Table structure for table `y_goods`
--

DROP TABLE IF EXISTS `y_goods`;
/*!40101 SET @saved_cs_client     = @@character_set_client */;
/*!40101 SET character_set_client = utf8 */;
CREATE TABLE `y_goods` (
  `id` mediumint(15) NOT NULL AUTO_INCREMENT,
  `catId` int(11) DEFAULT NULL COMMENT '商品分类ID',
  `typeId` int(11) NOT NULL COMMENT '类型ID',
  `name` varchar(254) DEFAULT NULL COMMENT '名称',
  `name2` varchar(255) NOT NULL COMMENT '副标题',
  `shopPrice` decimal(9,2) DEFAULT NULL COMMENT '售价',
  `goodsDesc` text COMMENT '商品描述',
  `imgs` text NOT NULL COMMENT '商品图片',
  `brandId` int(11) DEFAULT NULL COMMENT '品牌ID',
  `dateTime` timestamp NOT NULL DEFAULT CURRENT_TIMESTAMP COMMENT '添加时间',
  `isDelete` tinyint(1) NOT NULL DEFAULT '2' COMMENT '是否已经删除，1为已经删除，2为否',
  `sort` mediumint(15) DEFAULT NULL COMMENT '用来排序',
  `status` tinyint(4) NOT NULL DEFAULT '1' COMMENT '1为正常，2为下架',
  `sn` varchar(120) NOT NULL COMMENT '商品编号',
  `attr` text NOT NULL COMMENT '记录选择的属性(PHP数组)',
  `attrs` text NOT NULL COMMENT '记录选择的属性',
  `chengzhong` tinyint(1) NOT NULL DEFAULT '0' COMMENT '是否按称重计价，1为是',
  PRIMARY KEY (`id`),
  UNIQUE KEY `id` (`id`),
  KEY `name` (`name`)
) ENGINE=MyISAM AUTO_INCREMENT=102 DEFAULT CHARSET=utf8;
/*!40101 SET character_set_client = @saved_cs_client */;

--
-- Dumping data for table `y_goods`
--

LOCK TABLES `y_goods` WRITE;
/*!40000 ALTER TABLE `y_goods` DISABLE KEYS */;
INSERT INTO `y_goods` VALUES (88,3,39,'好巴食 散装豆腐干1500g 9口味混装','',NULL,'<div id=\"editorImage1436092617035\">\r\n	<img src=\"http://demo1.yixinu.com/image/1001/800_1436092547.png\" width=\"\" height=\"\" alt=\"\" /> \r\n</div>','a:2:{i:0;s:25:\"1001/thumb_1436092543.png\";i:1;s:25:\"1001/thumb_1436092547.png\";}',NULL,'2016-03-30 18:22:52',2,999,1,'10087','','',0),(86,2,38,'绝味 休闲零食','',NULL,'','a:3:{i:0;s:25:\"1001/thumb_1435933149.png\";i:1;s:25:\"1001/thumb_1436091897.png\";i:2;s:25:\"1001/thumb_1436091901.png\";}',NULL,'2016-10-05 08:00:22',2,999,1,'10084','a:4:{i:4;s:15:\"白色=0,黑色\";i:6;s:72:\"原味400g=0,豪情辣味400g=0,超干风干175g原味=0,麻辣=0,酱汁\";i:7;s:100:\"麻辣鸭脖 200g=1,黑鸭甜辣鸭翅 200g=1,招牌麻辣鸭爪 200g=1,鸭舌 200g=1,鸭肠 200g=1,\";i:8;s:91:\"香辣味 15g*20盒=0,麻辣味15g=0,剁椒味 15g=0,口水鱼礼包480g=0,麻辣鲜味 15g\";}','',0),(87,3,39,'湖南特产 臭豆腐','',NULL,'<p>\r\n	<br />\r\n</p>\r\n<hr />\r\n<p>\r\n	<br />\r\n</p>\r\n<p style=\"text-align:center;\">\r\n	<img src=\"http://demo.yixinu.com/image/1001/800_1435932089.png\" width=\"\" height=\"\" alt=\"\" /> \r\n</p>','a:2:{i:0;s:25:\"1001/thumb_1435932089.png\";i:1;s:25:\"1001/thumb_1435932173.png\";}',NULL,'2016-03-30 18:22:52',2,999,1,'10085','a:4:{i:4;s:15:\"白色=0,黑色\";i:6;s:72:\"原味400g=0,豪情辣味400g=0,超干风干175g原味=0,麻辣=0,酱汁\";i:7;s:97:\"麻辣鸭脖 200g=0,黑鸭甜辣鸭翅 200g=0,招牌麻辣鸭爪 200g=0,鸭舌 200g=0,鸭肠 200g\";i:8;s:94:\"香辣味 15g*20盒=0,麻辣味15g=1,剁椒味 15g=1,口水鱼礼包480g=0,麻辣鲜味 15g=1,\";}','',0),(85,2,38,'口水娃 小鱼仔','',NULL,'','a:2:{i:0;s:25:\"1001/thumb_1435930404.jpg\";i:1;s:25:\"1001/thumb_1435930408.jpg\";}',NULL,'2016-04-28 07:02:47',2,999,1,'10082','a:4:{i:4;s:15:\"白色=0,黑色\";i:6;s:72:\"原味400g=0,豪情辣味400g=0,超干风干175g原味=0,麻辣=0,酱汁\";i:7;s:114:\"麻辣鸭脖 200g=0,黑鸭甜辣鸭翅 200g=0,招牌麻辣鸭爪 200g=0,鸭头=0,鸭舌=0,鸭心=0,鸭肠=0,鸭翅\";i:8;s:94:\"香辣味 15g*20盒=0,麻辣味15g=0,剁椒味 15g=0,口水鱼礼包480g=1,麻辣鲜味 15g=1,\";}','',0),(84,2,38,'劲仔小鱼','',NULL,'','a:2:{i:0;s:25:\"1001/thumb_1435835046.jpg\";i:1;s:25:\"1001/thumb_1435930408.jpg\";}',NULL,'2016-03-30 18:22:52',2,999,1,'10081','a:4:{i:4;s:15:\"白色=0,黑色\";i:6;s:72:\"原味400g=0,豪情辣味400g=0,超干风干175g原味=0,麻辣=0,酱汁\";i:7;s:114:\"麻辣鸭脖 200g=0,黑鸭甜辣鸭翅 200g=0,招牌麻辣鸭爪 200g=0,鸭头=0,鸭舌=0,鸭心=0,鸭肠=0,鸭翅\";i:8;s:94:\"香辣味 15g*20盒=1,麻辣味15g=1,剁椒味 15g=1,口水鱼礼包480g=0,麻辣鲜味 15g=0,\";}','',0),(83,2,38,'内蒙古特产 科尔沁 休闲食品 风干牛肉','',NULL,'<div id=\"editorImage1436091388851\">\r\n	<img src=\"http://demo1.yixinu.com/image/1001/800_1435827462.jpg\" width=\"\" height=\"\" alt=\"\" /> \r\n</div>','a:3:{i:0;s:25:\"1001/thumb_1435827462.jpg\";i:1;s:25:\"1001/thumb_1435827467.jpg\";i:2;s:25:\"1001/thumb_1435835113.jpg\";}',NULL,'2016-03-30 18:22:52',2,999,1,'10079','a:4:{i:4;s:15:\"白色=0,黑色\";i:6;s:75:\"原味400g=1,豪情辣味400g=1,超干风干175g原味=1,麻辣=0,酱汁=0,\";i:7;s:114:\"麻辣鸭脖 200g=0,黑鸭甜辣鸭翅 200g=0,招牌麻辣鸭爪 200g=0,鸭头=0,鸭舌=0,鸭心=0,鸭肠=0,鸭翅\";i:8;s:90:\"香辣味 15g*20盒=0,麻辣味15g  剁椒味 15g=0,口水鱼礼包480g=0,麻辣鲜味 15g\";}','',0),(97,13,42,'达利园 蛋糕蛋香味 600g','',NULL,'','a:1:{i:0;s:25:\"1001/thumb_1459359274.jpg\";}',NULL,'2016-06-23 14:47:54',2,999,1,'10148','','',0),(89,3,39,'三利和豆干麻辣豆腐干休闲零食厂家自营湖南特产500g/盒','',NULL,'<p>\r\n	dfsdfsfsdf\r\n</p>\r\n<p>\r\n	<br />\r\n</p>\r\n<p>\r\n	<br />\r\n</p>\r\n<p>\r\n	<img src=\"http://demo1.yixinu.com/image/1001/800_1436092921.png\" width=\"\" height=\"\" alt=\"\" /> \r\n</p>','a:5:{i:0;s:25:\"1001/thumb_1436092921.png\";i:1;s:25:\"1001/thumb_1436093001.png\";i:2;s:25:\"1001/thumb_1436093005.png\";i:3;s:25:\"1001/thumb_1436093009.png\";i:4;s:25:\"1001/thumb_1436093012.png\";}',NULL,'2016-10-04 12:04:01',2,999,1,'10088','a:5:{i:4;s:15:\"白色=0,黑色\";i:6;s:72:\"原味400g=0,豪情辣味400g=0,超干风干175g原味=0,麻辣=0,酱汁\";i:7;s:97:\"麻辣鸭脖 200g=0,黑鸭甜辣鸭翅 200g=0,招牌麻辣鸭爪 200g=0,鸭舌 200g=0,鸭肠 200g\";i:8;s:91:\"香辣味 15g*20盒=0,麻辣味15g=0,剁椒味 15g=0,口水鱼礼包480g=0,麻辣鲜味 15g\";i:9;s:60:\"酱辣味=1,香辣味=1,牛肉味=1,泡椒味=1,麻辣味=1,\";}','',0),(90,18,40,'飞天茅台 53度 500ml','',NULL,'','a:1:{i:0;s:25:\"1001/thumb_1459246600.jpg\";}',NULL,'2016-03-30 18:22:52',2,999,1,'10116','','',0),(94,13,42,'致中和梧州龟苓膏 原味1200g碗装 正品 烧仙草果冻布丁美容养颜','',NULL,'','a:1:{i:0;s:25:\"1001/thumb_1459353456.jpg\";}',NULL,'2016-03-30 18:22:52',2,999,1,'10139','','',0),(93,13,42,'零食品糕点饼干 肉松月饼 金牌肉松饼38g*10袋 皮薄馅多 饼干糕点','',NULL,'','a:1:{i:0;s:25:\"1001/thumb_1459354688.jpg\";}',NULL,'2016-03-31 09:38:12',2,999,1,'10136','','',0),(98,13,42,'思朗 纤麸酥性消化饼干（高纤）456g/袋','',NULL,'','a:1:{i:0;s:25:\"1001/thumb_1459362466.jpg\";}',NULL,'2016-03-31 00:23:20',2,999,1,'10152','','',0),(99,13,42,'旺旺 旺仔小馒头（原味）400g/袋','',NULL,'','a:2:{i:0;s:25:\"1001/thumb_1459378064.jpg\";i:1;s:25:\"1001/thumb_1475555253.png\";}',NULL,'2016-10-04 04:27:48',2,999,1,'10153','','',0);
/*!40000 ALTER TABLE `y_goods` ENABLE KEYS */;
UNLOCK TABLES;

--
-- Table structure for table `y_goods_addbggd`
--

DROP TABLE IF EXISTS `y_goods_addbggd`;
/*!40101 SET @saved_cs_client     = @@character_set_client */;
/*!40101 SET character_set_client = utf8 */;
CREATE TABLE `y_goods_addbggd` (
  `goodsid` mediumint(15) unsigned NOT NULL DEFAULT '0',
  `aid` mediumint(15) DEFAULT NULL,
  `sn` varchar(255) DEFAULT NULL,
  `peiliao` varchar(254) DEFAULT NULL,
  `baozq` varchar(254) DEFAULT NULL
) ENGINE=MyISAM DEFAULT CHARSET=utf8 COMMENT='饼干糕点 属性记录表';
/*!40101 SET character_set_client = @saved_cs_client */;

--
-- Dumping data for table `y_goods_addbggd`
--

LOCK TABLES `y_goods_addbggd` WRITE;
/*!40000 ALTER TABLE `y_goods_addbggd` DISABLE KEYS */;
INSERT INTO `y_goods_addbggd` VALUES (93,215,'10136','小麦','11个月'),(99,221,'10153','',''),(98,220,'10152','',''),(97,219,'10148','',''),(94,216,'10139','小麦','24个月'),(100,223,'10168_2','',''),(100,222,'10168_1','',''),(100,225,'10168_2','',''),(100,224,'10168_1','',''),(100,227,'10168_2','',''),(100,226,'10168_1','',''),(101,228,'10171_4','',''),(101,229,'10171_3','',''),(101,231,'10171_2','',''),(101,230,'10171_1','','');
/*!40000 ALTER TABLE `y_goods_addbggd` ENABLE KEYS */;
UNLOCK TABLES;

--
-- Table structure for table `y_goods_adddouzhiping`
--

DROP TABLE IF EXISTS `y_goods_adddouzhiping`;
/*!40101 SET @saved_cs_client     = @@character_set_client */;
/*!40101 SET character_set_client = utf8 */;
CREATE TABLE `y_goods_adddouzhiping` (
  `goodsid` mediumint(15) unsigned NOT NULL DEFAULT '0',
  `aid` mediumint(15) DEFAULT NULL,
  `sn` varchar(255) DEFAULT NULL,
  `texing` varchar(254) DEFAULT NULL
) ENGINE=MyISAM DEFAULT CHARSET=utf8 COMMENT='豆制品 属性记录表';
/*!40101 SET character_set_client = @saved_cs_client */;

--
-- Dumping data for table `y_goods_adddouzhiping`
--

LOCK TABLES `y_goods_adddouzhiping` WRITE;
/*!40000 ALTER TABLE `y_goods_adddouzhiping` DISABLE KEYS */;
INSERT INTO `y_goods_adddouzhiping` VALUES (89,211,'10088_5','香辣味'),(87,205,'10085_3','香辣味'),(87,203,'10085_2','香辣味'),(87,204,'10085_1','香辣味'),(88,206,'10087','香辣味'),(89,207,'10088_4','香辣味'),(89,208,'10088_3','香辣味'),(89,210,'10088_2','香辣味'),(89,209,'10088_1','香辣味');
/*!40000 ALTER TABLE `y_goods_adddouzhiping` ENABLE KEYS */;
UNLOCK TABLES;

--
-- Table structure for table `y_goods_additional`
--

DROP TABLE IF EXISTS `y_goods_additional`;
/*!40101 SET @saved_cs_client     = @@character_set_client */;
/*!40101 SET character_set_client = utf8 */;
CREATE TABLE `y_goods_additional` (
  `id` mediumint(15) NOT NULL AUTO_INCREMENT,
  `goodsId` mediumint(15) NOT NULL COMMENT '商品主表ID',
  `shopPrice` decimal(9,2) NOT NULL COMMENT '销售价格',
  `marketPrice` decimal(9,2) NOT NULL COMMENT '市场价格',
  `attribute` text NOT NULL COMMENT '属性，PHP数组，用作详情页读取',
  `attributeStr` varchar(255) NOT NULL COMMENT '属性，字符串，用逗号隔开，用作检索',
  `numbers` int(11) NOT NULL COMMENT '库存',
  `tiaoma` varchar(80) NOT NULL COMMENT '商品条码',
  `warning` int(4) NOT NULL DEFAULT '20' COMMENT '库存警告',
  `sn` varchar(255) NOT NULL COMMENT '编号:表goods的sn后加数字',
  `thumb` varchar(255) NOT NULL COMMENT '缩略图',
  `clickCount` mediumint(15) NOT NULL COMMENT '点击率',
  `addStatus` tinyint(1) NOT NULL DEFAULT '1' COMMENT '状态：1为上架 ，2为下架',
  `comments` mediumint(15) NOT NULL DEFAULT '0' COMMENT '评论次数',
  `praise` mediumint(15) NOT NULL DEFAULT '2' COMMENT '点赞',
  `weight` decimal(9,3) NOT NULL DEFAULT '100.000' COMMENT '重量，用来计算 运费',
  `salesval` mediumint(15) NOT NULL DEFAULT '0' COMMENT '销量',
  PRIMARY KEY (`id`),
  UNIQUE KEY `id` (`id`),
  KEY `attributeStr` (`attributeStr`)
) ENGINE=MyISAM AUTO_INCREMENT=232 DEFAULT CHARSET=utf8;
/*!40101 SET character_set_client = @saved_cs_client */;

--
-- Dumping data for table `y_goods_additional`
--

LOCK TABLES `y_goods_additional` WRITE;
/*!40000 ALTER TABLE `y_goods_additional` DISABLE KEYS */;
INSERT INTO `y_goods_additional` VALUES (216,94,27.00,0.00,'','',0,'',20,'10139','1001/thumb_1459353456.jpg',9,1,0,2,1.000,0),(205,87,2.00,0.00,'a:1:{i:0;s:16:\"麻辣鲜味 15g\";}','麻辣鲜味 15g',12,'',20,'10085_3','1001/thumb_1435932089.png',439,1,13,2,0.015,0),(190,83,99.00,0.00,'a:1:{i:0;s:10:\"原味400g\";}','原味400g',12,'',20,'10079_1','1001/thumb_1435827467.jpg',30,1,0,2,0.400,0),(191,83,99.00,0.00,'a:1:{i:0;s:16:\"豪情辣味400g\";}','豪情辣味400g',12,'',20,'10079_2','1001/thumb_1435835113.jpg',17,1,0,2,0.400,0),(193,84,19.80,0.00,'a:1:{i:0;s:13:\"剁椒味 15g\";}','剁椒味 15g',48,'',20,'10081_3','1001/thumb_1435835046.jpg',19,1,0,2,0.150,0),(194,84,19.80,0.00,'a:1:{i:0;s:19:\"香辣味 15g*20盒\";}','香辣味 15g*20盒',24,'',20,'10081_1','1001/thumb_1435930408.jpg',40,1,0,2,0.150,0),(195,84,19.80,0.00,'a:1:{i:0;s:12:\"麻辣味15g\";}','麻辣味15g',122,'',20,'10081_2','1001/thumb_1435835046.jpg',15,1,1,2,0.150,0),(196,85,30.00,0.00,'a:1:{i:0;s:19:\"口水鱼礼包480g\";}','口水鱼礼包480g',12,'',20,'10082_1','1001/thumb_1435930408.jpg',18,1,0,2,0.480,0),(197,85,19.00,0.00,'a:1:{i:0;s:16:\"麻辣鲜味 15g\";}','麻辣鲜味 15g',12,'',20,'10082_2','1001/thumb_1435930404.jpg',35,1,1,2,0.020,0),(198,86,21.80,0.00,'a:1:{i:0;s:23:\"招牌麻辣鸭爪 200g\";}','招牌麻辣鸭爪 200g',12,'1',20,'10084_3','1001/thumb_1435933149.png',10,1,0,2,0.200,0),(199,86,21.80,0.00,'a:1:{i:0;s:11:\"鸭肠 200g\";}','鸭肠 200g',12,'',20,'10084_5','1001/thumb_1436091897.png',7,1,0,2,0.200,0),(200,86,21.80,0.00,'a:1:{i:0;s:11:\"鸭舌 200g\";}','鸭舌 200g',12,'',20,'10084_4','1001/thumb_1436091901.png',8,1,0,2,0.200,0),(201,86,21.80,0.00,'a:1:{i:0;s:17:\"麻辣鸭脖 200g\";}','麻辣鸭脖 200g',12,'',20,'10084_1','1001/thumb_1435933149.png',22,1,0,2,0.200,0),(202,86,21.80,0.00,'a:1:{i:0;s:23:\"黑鸭甜辣鸭翅 200g\";}','黑鸭甜辣鸭翅 200g',12,'',20,'10084_2','1001/thumb_1436091897.png',10,1,0,2,0.200,0),(203,87,2.00,0.00,'a:1:{i:0;s:13:\"剁椒味 15g\";}','剁椒味 15g',12,'',20,'10085_2','1001/thumb_1435932089.png',179,1,0,2,0.015,0),(204,87,2.00,0.00,'a:1:{i:0;s:12:\"麻辣味15g\";}','麻辣味15g',12,'',20,'10085_1','1001/thumb_1435932173.png',53,1,0,2,0.015,1),(206,88,38.80,0.00,'','',12,'',20,'10087','1001/thumb_1436092543.png',12,1,0,2,1.000,0),(207,89,19.70,0.00,'a:1:{i:0;s:9:\"泡椒味\";}','泡椒味',0,'',20,'10088_4','1001/thumb_1436092921.png',47,1,0,2,0.500,0),(208,89,19.80,0.00,'a:1:{i:0;s:9:\"牛肉味\";}','牛肉味',0,'',20,'10088_3','1001/thumb_1436093001.png',5,1,0,2,0.500,0),(209,89,19.90,0.00,'a:1:{i:0;s:9:\"酱辣味\";}','酱辣味',0,'',20,'10088_1','1001/thumb_1436093009.png',20,1,0,2,0.500,0),(210,89,19.60,0.00,'a:1:{i:0;s:9:\"香辣味\";}','香辣味',0,'',20,'10088_2','1001/thumb_1436093012.png',7,1,0,2,0.500,0),(211,89,19.90,0.00,'a:1:{i:0;s:9:\"麻辣味\";}','麻辣味',0,'',20,'10088_5','1001/thumb_1436093009.png',30,1,0,2,0.500,0),(212,90,1200.00,1600.00,'','',0,'',20,'10116','1001/thumb_1459246600.jpg',33,1,0,2,2.000,0),(215,93,12.80,0.00,'','',0,'',20,'10136','1001/thumb_1459354688.jpg',31,1,0,2,1.000,0),(220,98,10.06,0.00,'','',0,'',20,'10152','1001/thumb_1459362466.jpg',28,1,1,2,1.000,6),(219,97,11.30,0.00,'','',0,'6954767430423',20,'10148','1001/thumb_1459359274.jpg',7,1,0,2,1.000,0),(221,99,12.90,0.00,'','',0,'6921168509256',20,'10153','1001/thumb_1475555253.png',24,1,0,2,1.000,2);
/*!40000 ALTER TABLE `y_goods_additional` ENABLE KEYS */;
UNLOCK TABLES;

--
-- Table structure for table `y_goods_addjiu`
--

DROP TABLE IF EXISTS `y_goods_addjiu`;
/*!40101 SET @saved_cs_client     = @@character_set_client */;
/*!40101 SET character_set_client = utf8 */;
CREATE TABLE `y_goods_addjiu` (
  `goodsid` mediumint(15) unsigned NOT NULL DEFAULT '0',
  `aid` mediumint(15) DEFAULT NULL,
  `sn` varchar(255) DEFAULT NULL,
  `pingzhong` varchar(254) DEFAULT NULL
) ENGINE=MyISAM DEFAULT CHARSET=utf8 COMMENT='酒 属性记录表';
/*!40101 SET character_set_client = @saved_cs_client */;

--
-- Dumping data for table `y_goods_addjiu`
--

LOCK TABLES `y_goods_addjiu` WRITE;
/*!40000 ALTER TABLE `y_goods_addjiu` DISABLE KEYS */;
INSERT INTO `y_goods_addjiu` VALUES (90,212,'10116','');
/*!40000 ALTER TABLE `y_goods_addjiu` ENABLE KEYS */;
UNLOCK TABLES;

--
-- Table structure for table `y_goods_addmian`
--

DROP TABLE IF EXISTS `y_goods_addmian`;
/*!40101 SET @saved_cs_client     = @@character_set_client */;
/*!40101 SET character_set_client = utf8 */;
CREATE TABLE `y_goods_addmian` (
  `goodsid` mediumint(15) unsigned NOT NULL DEFAULT '0',
  `aid` mediumint(15) DEFAULT NULL,
  `sn` varchar(255) DEFAULT NULL,
  `pieliao` varchar(254) DEFAULT NULL
) ENGINE=MyISAM DEFAULT CHARSET=utf8 COMMENT='面食 属性记录表';
/*!40101 SET character_set_client = @saved_cs_client */;

--
-- Dumping data for table `y_goods_addmian`
--

LOCK TABLES `y_goods_addmian` WRITE;
/*!40000 ALTER TABLE `y_goods_addmian` DISABLE KEYS */;
/*!40000 ALTER TABLE `y_goods_addmian` ENABLE KEYS */;
UNLOCK TABLES;

--
-- Table structure for table `y_goods_addniurougan`
--

DROP TABLE IF EXISTS `y_goods_addniurougan`;
/*!40101 SET @saved_cs_client     = @@character_set_client */;
/*!40101 SET character_set_client = utf8 */;
CREATE TABLE `y_goods_addniurougan` (
  `goodsid` mediumint(15) unsigned NOT NULL DEFAULT '0',
  `aid` mediumint(15) DEFAULT NULL,
  `sn` varchar(255) DEFAULT NULL,
  `kouwei` varchar(254) DEFAULT NULL,
  `changdi` varchar(254) DEFAULT NULL
) ENGINE=MyISAM DEFAULT CHARSET=utf8 COMMENT='牛肉干 属性记录表';
/*!40101 SET character_set_client = @saved_cs_client */;

--
-- Dumping data for table `y_goods_addniurougan`
--

LOCK TABLES `y_goods_addniurougan` WRITE;
/*!40000 ALTER TABLE `y_goods_addniurougan` DISABLE KEYS */;
INSERT INTO `y_goods_addniurougan` VALUES (82,189,'10072','麻辣',''),(83,192,'10079_3','麻辣','内蒙古'),(83,191,'10079_2','麻辣','内蒙古'),(83,190,'10079_1','麻辣','内蒙古'),(84,193,'10081_3','麻辣','湖南'),(84,195,'10081_2','麻辣','湖南'),(84,194,'10081_1','麻辣','湖南'),(85,197,'10082_2','麻辣','湖南'),(85,196,'10082_1','麻辣','湖南'),(86,199,'10084_5','清淡','常德'),(86,200,'10084_4','麻辣','常德'),(86,198,'10084_3','麻辣','常德'),(86,202,'10084_2','清淡','常德'),(86,201,'10084_1','麻辣','常德'),(92,214,'10135','麻辣','11'),(94,216,'10139','麻辣',''),(94,216,'10139','麻辣','');
/*!40000 ALTER TABLE `y_goods_addniurougan` ENABLE KEYS */;
UNLOCK TABLES;

--
-- Table structure for table `y_goods_attr`
--

DROP TABLE IF EXISTS `y_goods_attr`;
/*!40101 SET @saved_cs_client     = @@character_set_client */;
/*!40101 SET character_set_client = utf8 */;
CREATE TABLE `y_goods_attr` (
  `id` int(7) NOT NULL AUTO_INCREMENT,
  `typeId` smallint(6) NOT NULL,
  `name` varchar(80) NOT NULL,
  `attrValue` varchar(160) NOT NULL,
  `mothod` tinyint(1) DEFAULT '1',
  `mark` varchar(120) NOT NULL,
  `mainpar` tinyint(2) NOT NULL DEFAULT '2' COMMENT '是否为主体参数：1为是，2为否',
  PRIMARY KEY (`id`)
) ENGINE=InnoDB AUTO_INCREMENT=111 DEFAULT CHARSET=utf8;
/*!40101 SET character_set_client = @saved_cs_client */;

--
-- Dumping data for table `y_goods_attr`
--

LOCK TABLES `y_goods_attr` WRITE;
/*!40000 ALTER TABLE `y_goods_attr` DISABLE KEYS */;
INSERT INTO `y_goods_attr` VALUES (99,38,'口味','麻辣\r\n清淡',2,'kouwei',1),(100,38,'产地','湖南\r\n山东',1,'changdi',1),(103,39,'特性','香辣味\r\n辣味',2,'texing',1),(106,40,'品种','null\n',1,'pingzhong',2),(108,42,'配料','',1,'peiliao',1),(109,42,'保质期','',1,'baozq',1),(110,43,'配料','null\n',1,'pieliao',2);
/*!40000 ALTER TABLE `y_goods_attr` ENABLE KEYS */;
UNLOCK TABLES;

--
-- Table structure for table `y_goods_brand`
--

DROP TABLE IF EXISTS `y_goods_brand`;
/*!40101 SET @saved_cs_client     = @@character_set_client */;
/*!40101 SET character_set_client = utf8 */;
CREATE TABLE `y_goods_brand` (
  `id` int(11) NOT NULL AUTO_INCREMENT,
  `name` varchar(120) NOT NULL,
  `logo` varchar(230) NOT NULL,
  `status` tinyint(1) NOT NULL DEFAULT '1',
  `link` varchar(254) NOT NULL,
  PRIMARY KEY (`id`),
  UNIQUE KEY `id` (`id`)
) ENGINE=InnoDB AUTO_INCREMENT=3 DEFAULT CHARSET=utf8;
/*!40101 SET character_set_client = @saved_cs_client */;

--
-- Dumping data for table `y_goods_brand`
--

LOCK TABLES `y_goods_brand` WRITE;
/*!40000 ALTER TABLE `y_goods_brand` DISABLE KEYS */;
INSERT INTO `y_goods_brand` VALUES (1,'科尔沁','',1,'http://'),(2,'劲仔','',1,'http://');
/*!40000 ALTER TABLE `y_goods_brand` ENABLE KEYS */;
UNLOCK TABLES;

--
-- Table structure for table `y_goods_comment`
--

DROP TABLE IF EXISTS `y_goods_comment`;
/*!40101 SET @saved_cs_client     = @@character_set_client */;
/*!40101 SET character_set_client = utf8 */;
CREATE TABLE `y_goods_comment` (
  `id` mediumint(15) NOT NULL AUTO_INCREMENT,
  `content` text NOT NULL COMMENT '评论内容',
  `userid` int(11) NOT NULL COMMENT '用户ID',
  `goodsid` int(11) NOT NULL COMMENT '商品ID (goods表的ID)',
  `level` tinyint(2) NOT NULL DEFAULT '1' COMMENT '级别，1为好评，2为中评，3为差评',
  `spec` varchar(255) NOT NULL COMMENT '购买的商品规格 ',
  `ctime` timestamp NOT NULL DEFAULT CURRENT_TIMESTAMP COMMENT '评论时间',
  `reply` text COMMENT '回复',
  `image1` varchar(255) DEFAULT NULL COMMENT '附图一张',
  `image2` varchar(255) DEFAULT NULL COMMENT '附图一张',
  `status` tinyint(2) NOT NULL DEFAULT '2' COMMENT '1为正常显示，2为待审核，3为关闭',
  `goodsid2` mediumint(15) NOT NULL COMMENT '商品ID 附加表的ID',
  `buytime` timestamp NOT NULL DEFAULT '0000-00-00 00:00:00' COMMENT '购买时间 。',
  PRIMARY KEY (`id`)
) ENGINE=InnoDB AUTO_INCREMENT=16 DEFAULT CHARSET=utf8 COMMENT='用户评价，商品模块 。';
/*!40101 SET character_set_client = @saved_cs_client */;

--
-- Dumping data for table `y_goods_comment`
--

LOCK TABLES `y_goods_comment` WRITE;
/*!40000 ALTER TABLE `y_goods_comment` DISABLE KEYS */;
INSERT INTO `y_goods_comment` VALUES (1,'不错，味道很好……',4,87,1,'麻辣鲜味 15g','2015-07-08 16:03:36',NULL,NULL,NULL,1,205,'2015-07-08 16:02:59'),(2,'味道不错。',4,87,3,'麻辣鲜味 15g','2015-07-08 16:03:52',NULL,NULL,NULL,1,205,'2015-07-08 16:02:59'),(3,'sdfasdfdsf',4,87,2,'麻辣鲜味 15g','2015-09-01 00:41:14',NULL,'./commentImage/20150901/40_1441039274.png',NULL,1,205,'2015-07-08 16:02:59'),(4,'我就想试试你这个评论功能 到底能不能用，换行 行不行，如果 我字打多了会不会影响样式，换了行是什么 样的。。',4,87,1,'麻辣鲜味 15g','2016-03-09 06:59:15',NULL,NULL,NULL,1,205,'2015-07-08 16:02:59'),(5,'我也想来试试评论系统能不能用。。',4,87,0,'麻辣鲜味 15g','2016-03-09 12:21:48',NULL,NULL,NULL,1,205,'2015-07-08 16:02:59'),(6,'我也想来试试评论系统能不能用。。',4,87,0,'麻辣鲜味 15g','2016-03-09 12:22:35',NULL,NULL,NULL,1,205,'2015-07-08 16:02:59'),(7,'我也想来试试评论系统能不能用。。',4,87,0,'麻辣鲜味 15g','2016-03-09 12:22:53',NULL,NULL,NULL,1,205,'2015-07-08 16:02:59'),(8,'看看评论系统能不能用。。',4,87,1,'麻辣鲜味 15g','2016-03-09 13:02:44',NULL,NULL,NULL,1,205,'2015-07-08 16:02:59'),(9,'这商城系统好用，不错。。',4,87,3,'麻辣鲜味 15g','2016-03-09 13:03:10',NULL,NULL,NULL,1,205,'2015-07-08 16:02:59'),(10,'好',4,87,1,'麻辣鲜味 15g','2016-03-16 19:59:11',NULL,NULL,NULL,1,205,'2015-07-08 16:02:59'),(11,'非常好',4,87,1,'麻辣鲜味 15g','2016-03-16 19:59:19',NULL,NULL,NULL,1,205,'2015-07-08 16:02:59'),(12,'** 测试 评论',4,87,1,'麻辣鲜味 15g','2016-03-22 13:41:53',NULL,NULL,NULL,1,205,'2015-07-08 16:02:59'),(13,'味道不错',4,84,1,'麻辣味15g','2016-03-25 17:39:20',NULL,NULL,NULL,1,195,'2016-02-23 15:33:09'),(14,'不错。。',4,98,1,'','2016-04-15 11:43:56',NULL,NULL,NULL,1,220,'2016-03-30 21:12:15'),(15,'dfdsfdas',4,85,1,'麻辣鲜味 15g','2016-05-04 16:35:36',NULL,NULL,NULL,1,197,'2016-04-28 04:10:37');
/*!40000 ALTER TABLE `y_goods_comment` ENABLE KEYS */;
UNLOCK TABLES;

--
-- Table structure for table `y_goods_image`
--

DROP TABLE IF EXISTS `y_goods_image`;
/*!40101 SET @saved_cs_client     = @@character_set_client */;
/*!40101 SET character_set_client = utf8 */;
CREATE TABLE `y_goods_image` (
  `id` mediumint(15) NOT NULL AUTO_INCREMENT,
  `goodsId` mediumint(15) DEFAULT NULL,
  `url` varchar(200) DEFAULT NULL,
  `imgDesc` varchar(244) DEFAULT NULL,
  `image` varchar(200) DEFAULT NULL,
  `source` varchar(200) DEFAULT NULL,
  PRIMARY KEY (`id`),
  UNIQUE KEY `id` (`id`)
) ENGINE=InnoDB DEFAULT CHARSET=utf8;
/*!40101 SET character_set_client = @saved_cs_client */;

--
-- Dumping data for table `y_goods_image`
--

LOCK TABLES `y_goods_image` WRITE;
/*!40000 ALTER TABLE `y_goods_image` DISABLE KEYS */;
/*!40000 ALTER TABLE `y_goods_image` ENABLE KEYS */;
UNLOCK TABLES;

--
-- Table structure for table `y_goods_spec`
--

DROP TABLE IF EXISTS `y_goods_spec`;
/*!40101 SET @saved_cs_client     = @@character_set_client */;
/*!40101 SET character_set_client = utf8 */;
CREATE TABLE `y_goods_spec` (
  `id` int(11) NOT NULL AUTO_INCREMENT,
  `name` varchar(140) NOT NULL,
  `specValue` varchar(255) NOT NULL,
  `status` tinyint(1) NOT NULL,
  `comments` varchar(255) DEFAULT NULL COMMENT '说明',
  PRIMARY KEY (`id`),
  UNIQUE KEY `id` (`id`)
) ENGINE=InnoDB AUTO_INCREMENT=10 DEFAULT CHARSET=utf8;
/*!40101 SET character_set_client = @saved_cs_client */;

--
-- Dumping data for table `y_goods_spec`
--

LOCK TABLES `y_goods_spec` WRITE;
/*!40000 ALTER TABLE `y_goods_spec` DISABLE KEYS */;
INSERT INTO `y_goods_spec` VALUES (4,'颜色','白色\r\n黑色',1,'通用'),(6,'口味','原味400g\r\n豪情辣味400g\r\n超干风干175g原味\r\n麻辣\r\n酱汁',1,'熟食'),(7,'口味','麻辣鸭脖 200g\r\n黑鸭甜辣鸭翅 200g\r\n招牌麻辣鸭爪 200g\r\n鸭舌 200g\r\n鸭肠 200g',1,'鸭勃'),(8,'口味','香辣味 15g*20盒\r\n麻辣味15g\r\n剁椒味 15g\r\n口水鱼礼包480g\r\n麻辣鲜味 15g',1,'小鱼仔'),(9,'口味','酱辣味\r\n香辣味\r\n牛肉味\r\n泡椒味\r\n麻辣味',1,'豆腐');
/*!40000 ALTER TABLE `y_goods_spec` ENABLE KEYS */;
UNLOCK TABLES;

--
-- Table structure for table `y_goods_type`
--

DROP TABLE IF EXISTS `y_goods_type`;
/*!40101 SET @saved_cs_client     = @@character_set_client */;
/*!40101 SET character_set_client = utf8 */;
CREATE TABLE `y_goods_type` (
  `id` int(11) NOT NULL AUTO_INCREMENT,
  `name` varchar(80) NOT NULL,
  `status` tinyint(1) NOT NULL DEFAULT '1',
  `virtual` tinyint(1) NOT NULL DEFAULT '2',
  `mark` varchar(120) NOT NULL,
  PRIMARY KEY (`id`)
) ENGINE=InnoDB AUTO_INCREMENT=44 DEFAULT CHARSET=utf8;
/*!40101 SET character_set_client = @saved_cs_client */;

--
-- Dumping data for table `y_goods_type`
--

LOCK TABLES `y_goods_type` WRITE;
/*!40000 ALTER TABLE `y_goods_type` DISABLE KEYS */;
INSERT INTO `y_goods_type` VALUES (38,'熟食类',1,2,'niurougan'),(39,'豆制品',1,2,'douzhiping'),(40,'酒',1,2,'jiu'),(42,'饼干糕点',1,2,'bggd'),(43,'面食',1,2,'mian');
/*!40000 ALTER TABLE `y_goods_type` ENABLE KEYS */;
UNLOCK TABLES;

--
-- Table structure for table `y_images`
--

DROP TABLE IF EXISTS `y_images`;
/*!40101 SET @saved_cs_client     = @@character_set_client */;
/*!40101 SET character_set_client = utf8 */;
CREATE TABLE `y_images` (
  `id` int(11) NOT NULL AUTO_INCREMENT,
  `num` int(8) NOT NULL,
  PRIMARY KEY (`id`),
  UNIQUE KEY `id` (`id`)
) ENGINE=InnoDB AUTO_INCREMENT=1002 DEFAULT CHARSET=utf8;
/*!40101 SET character_set_client = @saved_cs_client */;

--
-- Dumping data for table `y_images`
--

LOCK TABLES `y_images` WRITE;
/*!40000 ALTER TABLE `y_images` DISABLE KEYS */;
INSERT INTO `y_images` VALUES (1001,48);
/*!40000 ALTER TABLE `y_images` ENABLE KEYS */;
UNLOCK TABLES;

--
-- Table structure for table `y_index_config`
--

DROP TABLE IF EXISTS `y_index_config`;
/*!40101 SET @saved_cs_client     = @@character_set_client */;
/*!40101 SET character_set_client = utf8 */;
CREATE TABLE `y_index_config` (
  `id` int(11) NOT NULL AUTO_INCREMENT,
  `name` varchar(255) NOT NULL,
  `value` text NOT NULL,
  `comments` varchar(255) NOT NULL,
  `status` tinyint(2) NOT NULL DEFAULT '1',
  PRIMARY KEY (`id`),
  KEY `id` (`id`)
) ENGINE=InnoDB AUTO_INCREMENT=2 DEFAULT CHARSET=utf8 COMMENT='商城首页设置';
/*!40101 SET character_set_client = @saved_cs_client */;

--
-- Dumping data for table `y_index_config`
--

LOCK TABLES `y_index_config` WRITE;
/*!40000 ALTER TABLE `y_index_config` DISABLE KEYS */;
INSERT INTO `y_index_config` VALUES (1,'floor','a:3:{s:13:\"g201566152836\";a:4:{s:4:\"name\";s:12:\"湖南特产\";s:4:\"sort\";s:1:\"1\";s:4:\"link\";s:0:\"\";s:7:\"goodsid\";a:4:{i:0;s:3:\"203\";i:1;s:3:\"205\";i:2;s:3:\"207\";i:3;s:3:\"211\";}}s:12:\"g20156615559\";a:4:{s:4:\"name\";s:12:\"店家推荐\";s:4:\"sort\";s:1:\"2\";s:4:\"link\";s:0:\"\";s:7:\"goodsid\";a:5:{i:0;s:3:\"189\";i:1;s:3:\"205\";i:2;s:3:\"190\";i:3;s:3:\"193\";i:4;s:3:\"194\";}}s:12:\"g20156616642\";a:4:{s:4:\"name\";s:12:\"绝味食品\";s:4:\"sort\";s:1:\"3\";s:4:\"link\";s:0:\"\";s:7:\"goodsid\";a:4:{i:0;s:3:\"198\";i:1;s:3:\"199\";i:2;s:3:\"200\";i:3;s:3:\"202\";}}}','首页楼层',1);
/*!40000 ALTER TABLE `y_index_config` ENABLE KEYS */;
UNLOCK TABLES;

--
-- Table structure for table `y_inventory_records`
--

DROP TABLE IF EXISTS `y_inventory_records`;
/*!40101 SET @saved_cs_client     = @@character_set_client */;
/*!40101 SET character_set_client = utf8 */;
CREATE TABLE `y_inventory_records` (
  `id` int(11) NOT NULL AUTO_INCREMENT,
  `goods_id` int(11) NOT NULL COMMENT '商品ID',
  `goods_name` varchar(240) NOT NULL,
  `type` tinyint(1) NOT NULL DEFAULT '1' COMMENT '1为入库，2为出库',
  `warehouse_id` int(11) DEFAULT NULL COMMENT '仓库ID',
  `warehouse_name` varchar(200) DEFAULT NULL COMMENT '仓库名称',
  `nums` int(11) NOT NULL DEFAULT '0' COMMENT '数量',
  `date` timestamp NOT NULL DEFAULT CURRENT_TIMESTAMP COMMENT '时间',
  `comments` varchar(240) NOT NULL COMMENT '备注',
  `reason` tinyint(2) NOT NULL COMMENT '出入库原因，1为采购入库，2为商城下单出库，3库商品损耗出库，4为门店下单出库',
  `var` varchar(120) NOT NULL COMMENT '相关参数',
  PRIMARY KEY (`id`)
) ENGINE=InnoDB AUTO_INCREMENT=36 DEFAULT CHARSET=utf8 COMMENT='出入库记录';
/*!40101 SET character_set_client = @saved_cs_client */;

--
-- Dumping data for table `y_inventory_records`
--

LOCK TABLES `y_inventory_records` WRITE;
/*!40000 ALTER TABLE `y_inventory_records` DISABLE KEYS */;
INSERT INTO `y_inventory_records` VALUES (1,190,'内蒙古特产 科尔沁 休闲食品 风干牛肉原味400g',1,NULL,NULL,12,'2016-10-25 02:24:47','采购入库,订单ID：1',1,'1'),(2,191,'内蒙古特产 科尔沁 休闲食品 风干牛肉豪情辣味400g',1,NULL,NULL,12,'2016-10-25 02:24:47','采购入库,订单ID：1',1,'1'),(3,193,'劲仔小鱼剁椒味 15g',1,NULL,NULL,12,'2016-10-25 02:24:47','采购入库,订单ID：1',1,'1'),(4,194,'劲仔小鱼香辣味 15g*20盒',1,NULL,NULL,12,'2016-10-25 02:24:47','采购入库,订单ID：1',1,'1'),(5,195,'劲仔小鱼麻辣味15g',1,NULL,NULL,12,'2016-10-25 02:24:47','采购入库,订单ID：1',1,'1'),(6,196,'口水娃 小鱼仔口水鱼礼包480g',1,NULL,NULL,12,'2016-10-25 02:24:47','采购入库,订单ID：1',1,'1'),(7,197,'口水娃 小鱼仔麻辣鲜味 15g',1,NULL,NULL,12,'2016-10-25 02:24:47','采购入库,订单ID：1',1,'1'),(8,198,'绝味 休闲零食招牌麻辣鸭爪 200g',1,NULL,NULL,12,'2016-10-25 02:24:47','采购入库,订单ID：1',1,'1'),(9,199,'绝味 休闲零食鸭肠 200g',1,NULL,NULL,12,'2016-10-25 02:28:20','采购入库,订单ID：2',1,'2'),(10,200,'绝味 休闲零食鸭舌 200g',1,NULL,NULL,12,'2016-10-25 02:28:20','采购入库,订单ID：2',1,'2'),(11,201,'绝味 休闲零食麻辣鸭脖 200g',1,NULL,NULL,12,'2016-10-25 02:28:20','采购入库,订单ID：2',1,'2'),(12,202,'绝味 休闲零食黑鸭甜辣鸭翅 200g',1,NULL,NULL,12,'2016-10-25 02:28:20','采购入库,订单ID：2',1,'2'),(13,203,'湖南特产 臭豆腐剁椒味 15g',1,NULL,NULL,12,'2016-10-25 02:28:20','采购入库,订单ID：2',1,'2'),(14,204,'湖南特产 臭豆腐麻辣味15g',1,NULL,NULL,12,'2016-10-25 02:28:20','采购入库,订单ID：2',1,'2'),(15,205,'湖南特产 臭豆腐麻辣鲜味 15g',1,NULL,NULL,12,'2016-10-25 02:28:20','采购入库,订单ID：2',1,'2'),(16,206,'好巴食 散装豆腐干1500g 9口味混装',1,NULL,NULL,12,'2016-10-25 02:28:20','采购入库,订单ID：2',1,'2'),(17,193,'劲仔小鱼剁椒味 15g',1,NULL,NULL,12,'2016-10-25 03:31:27','采购入库,订单ID：3',1,'3'),(18,194,'劲仔小鱼香辣味 15g*20盒',1,NULL,NULL,12,'2016-10-25 03:31:28','采购入库,订单ID：3',1,'3'),(19,195,'劲仔小鱼麻辣味15g',1,NULL,NULL,12,'2016-10-25 03:31:29','采购入库,订单ID：3',1,'3'),(20,193,'劲仔小鱼剁椒味 15g',1,NULL,NULL,12,'2016-10-25 03:40:35','采购入库,订单ID：4',1,'4'),(21,194,'劲仔小鱼香辣味 15g*20盒',1,NULL,NULL,12,'2016-10-25 03:40:35','采购入库,订单ID：4',1,'4'),(22,195,'劲仔小鱼麻辣味15g',1,NULL,NULL,12,'2016-10-25 03:40:35','采购入库,订单ID：4',1,'4'),(23,193,'劲仔小鱼剁椒味 15g',1,NULL,NULL,12,'2016-10-25 05:27:52','采购入库,订单ID：5',1,'5'),(24,194,'劲仔小鱼香辣味 15g*20盒',1,NULL,NULL,12,'2016-10-25 05:27:52','采购入库,订单ID：5',1,'5'),(25,195,'劲仔小鱼麻辣味15g',1,NULL,NULL,12,'2016-10-25 05:27:52','采购入库,订单ID：5',1,'5'),(26,195,'劲仔小鱼麻辣味15g',2,3,'二号仓库',13,'2016-10-25 06:56:19','损坏或者丢失',3,''),(27,195,'劲仔小鱼麻辣味15g',2,3,'二号仓库',13,'2016-10-25 06:57:15','损坏或者丢失',3,''),(28,195,'劲仔小鱼麻辣味15g',2,3,'二号仓库',13,'2016-10-25 06:57:53','损坏或者丢失',3,''),(29,195,'劲仔小鱼麻辣味15g',2,3,'二号仓库',13,'2016-10-25 06:58:07','损坏或者丢失',3,''),(30,195,'劲仔小鱼麻辣味15g',2,3,'二号仓库',13,'2016-10-25 06:58:26','损坏或者丢失',3,''),(31,195,'劲仔小鱼麻辣味15g',2,3,'二号仓库',-9,'2016-10-25 07:08:58','损坏或者丢失',3,''),(32,195,'劲仔小鱼麻辣味15g',2,3,'二号仓库',-18,'2016-10-25 07:09:02','损坏或者丢失',3,''),(33,195,'劲仔小鱼麻辣味15g',2,3,'二号仓库',14,'2016-10-25 07:13:17','损坏或者丢失',3,''),(34,194,'劲仔小鱼香辣味 15g*20盒',2,3,'二号仓库',13,'2016-10-25 07:18:20','损坏或者丢失',3,''),(35,194,'劲仔小鱼香辣味 15g*20盒',2,3,'二号仓库',12,'2016-10-25 07:26:00','损坏或者丢失',3,'');
/*!40000 ALTER TABLE `y_inventory_records` ENABLE KEYS */;
UNLOCK TABLES;

--
-- Table structure for table `y_jingcheng`
--

DROP TABLE IF EXISTS `y_jingcheng`;
/*!40101 SET @saved_cs_client     = @@character_set_client */;
/*!40101 SET character_set_client = utf8 */;
CREATE TABLE `y_jingcheng` (
  `id` int(11) NOT NULL AUTO_INCREMENT,
  `name` varchar(200) NOT NULL COMMENT '名称',
  `actionName` varchar(200) NOT NULL COMMENT '关联的操作名称',
  `status` tinyint(2) NOT NULL DEFAULT '0' COMMENT '状态',
  `comment` varchar(254) NOT NULL COMMENT '说明',
  `dtime` timestamp NOT NULL DEFAULT CURRENT_TIMESTAMP ON UPDATE CURRENT_TIMESTAMP COMMENT '上次开启名关闭时间 ',
  `sleeps` int(11) NOT NULL DEFAULT '60' COMMENT '休眠秒数',
  PRIMARY KEY (`id`)
) ENGINE=InnoDB AUTO_INCREMENT=3 DEFAULT CHARSET=utf8 COMMENT='PHP执行的后台进程';
/*!40101 SET character_set_client = @saved_cs_client */;

--
-- Dumping data for table `y_jingcheng`
--

LOCK TABLES `y_jingcheng` WRITE;
/*!40000 ALTER TABLE `y_jingcheng` DISABLE KEYS */;
INSERT INTO `y_jingcheng` VALUES (1,'删除无效订单','deleteOrder',0,'删除120分钟内没有付款的订单','2016-09-14 13:19:16',300),(2,'更新商品缓存 ','updateCache',0,'更新商品 redis 缓存','2016-07-14 06:28:51',300);
/*!40000 ALTER TABLE `y_jingcheng` ENABLE KEYS */;
UNLOCK TABLES;

--
-- Table structure for table `y_models`
--

DROP TABLE IF EXISTS `y_models`;
/*!40101 SET @saved_cs_client     = @@character_set_client */;
/*!40101 SET character_set_client = utf8 */;
CREATE TABLE `y_models` (
  `id` int(11) NOT NULL AUTO_INCREMENT,
  `name` varchar(128) NOT NULL COMMENT '模型名称',
  `mark` varchar(128) NOT NULL COMMENT '标识',
  `issend` tinyint(2) NOT NULL DEFAULT '2' COMMENT '是否支持投稿,2为不支持',
  `isaudit` tinyint(2) NOT NULL DEFAULT '2' COMMENT '稿件是否默认审核,2为未审核',
  `status` tinyint(2) NOT NULL DEFAULT '1' COMMENT '状态,2为不可用',
  `sys` tinyint(2) NOT NULL DEFAULT '2' COMMENT '是否为系统模型,2为否',
  `menuId` int(11) NOT NULL DEFAULT '0' COMMENT '对应的菜单ID',
  PRIMARY KEY (`id`),
  UNIQUE KEY `mark` (`mark`)
) ENGINE=InnoDB AUTO_INCREMENT=43 DEFAULT CHARSET=utf8 COMMENT='频道模型';
/*!40101 SET character_set_client = @saved_cs_client */;

--
-- Dumping data for table `y_models`
--

LOCK TABLES `y_models` WRITE;
/*!40000 ALTER TABLE `y_models` DISABLE KEYS */;
INSERT INTO `y_models` VALUES (33,'普通文章','channel-article',1,2,1,1,37),(34,'客户案例','channel-case',2,2,1,2,55),(42,'人事招聘','channel-renshi',2,2,1,1,0);
/*!40000 ALTER TABLE `y_models` ENABLE KEYS */;
UNLOCK TABLES;

--
-- Table structure for table `y_order_goods`
--

DROP TABLE IF EXISTS `y_order_goods`;
/*!40101 SET @saved_cs_client     = @@character_set_client */;
/*!40101 SET character_set_client = utf8 */;
CREATE TABLE `y_order_goods` (
  `id` mediumint(15) NOT NULL AUTO_INCREMENT,
  `orderid` mediumint(15) NOT NULL COMMENT '订单ID',
  `goodsid` mediumint(15) NOT NULL COMMENT '这个是商品附加表的ID，不是goods表的id',
  `goodsname` varchar(255) NOT NULL COMMENT '商品名称',
  `goodssn` varchar(120) NOT NULL COMMENT '商品编号',
  `goodsnum` decimal(9,3) NOT NULL COMMENT '数量',
  `goodsprice` decimal(9,2) NOT NULL COMMENT '价格',
  `goodsattributeStr` varchar(255) NOT NULL COMMENT '规格',
  `goodsthumb` varchar(255) NOT NULL COMMENT '缩略图',
  `payStatus` tinyint(2) NOT NULL DEFAULT '1' COMMENT '支付状态：1为未支付，2为已支付，3为申请退款,4为已退款',
  `delStatus` tinyint(2) NOT NULL DEFAULT '1' COMMENT '配送状态：1为未发货，2为已发货，3为已签收，4为拒收',
  `createTime` timestamp NOT NULL DEFAULT CURRENT_TIMESTAMP,
  PRIMARY KEY (`id`),
  UNIQUE KEY `id` (`id`)
) ENGINE=InnoDB AUTO_INCREMENT=88 DEFAULT CHARSET=utf8 COMMENT='订单商品表';
/*!40101 SET character_set_client = @saved_cs_client */;

--
-- Dumping data for table `y_order_goods`
--

LOCK TABLES `y_order_goods` WRITE;
/*!40000 ALTER TABLE `y_order_goods` DISABLE KEYS */;
INSERT INTO `y_order_goods` VALUES (1,1,207,'三利和豆干麻辣豆腐干休闲零食厂家自营湖南特产500g/盒','10088_4',1.000,19.90,'泡椒味','1001/thumb_1436092921.png',2,1,'2015-07-08 15:19:31'),(2,2,205,'湖南特产 臭豆腐','10085_3',1.000,2.00,'麻辣鲜味 15g','1001/thumb_1435932089.png',2,1,'2015-07-08 16:02:59'),(15,15,205,'湖南特产 臭豆腐','10085_3',2.000,1.80,'麻辣鲜味 15g','1001/thumb_1435932089.png',2,1,'2015-07-10 13:36:13'),(19,18,205,'湖南特产 臭豆腐','10085_3',5.000,1.80,'麻辣鲜味 15g','1001/thumb_1435932089.png',2,1,'2015-07-10 14:11:09'),(20,18,191,'内蒙古特产 科尔沁 休闲食品 风干牛肉','10079_2',2.000,99.00,'豪情辣味400g','1001/thumb_1435835113.jpg',2,1,'2015-07-10 14:11:09'),(46,39,189,'口水娃  小鱼仔 500g','10072',3.000,17.82,'','1001/thumb_1435930408.jpg',2,1,'2016-02-23 15:33:08'),(47,39,203,'湖南特产 臭豆腐','10085_2',2.000,2.00,'剁椒味 15g','1001/thumb_1435932089.png',2,1,'2016-02-23 15:33:09'),(48,39,195,'劲仔小鱼','10081_2',1.000,17.82,'麻辣味15g','1001/thumb_1435835046.jpg',2,1,'2016-02-23 15:33:09'),(68,59,220,'思朗 纤麸酥性消化饼干（高纤）456g/袋','10152',1.000,9.26,'','1001/thumb_1459362466.jpg',2,1,'2016-03-30 21:12:15'),(69,60,220,'思朗 纤麸酥性消化饼干（高纤）456g/袋','10152',1.000,9.26,'','1001/thumb_1459362466.jpg',2,1,'2016-03-30 21:23:42'),(70,61,220,'思朗 纤麸酥性消化饼干（高纤）456g/袋','10152',1.000,9.26,'','1001/thumb_1459362466.jpg',2,1,'2016-03-30 23:20:23'),(71,62,221,'旺旺 旺仔小馒头（原味）400g/袋','10153',2.000,12.90,'','1001/thumb_1459378064.jpg',2,1,'2016-03-30 23:59:12'),(72,63,220,'思朗 纤麸酥性消化饼干（高纤）456g/袋','10152',1.000,9.26,'','1001/thumb_1459362466.jpg',2,1,'2016-03-31 00:10:42'),(73,64,220,'思朗 纤麸酥性消化饼干（高纤）456g/袋','10152',1.000,9.26,'','1001/thumb_1459362466.jpg',2,1,'2016-03-31 00:21:14'),(74,65,220,'思朗 纤麸酥性消化饼干（高纤）456g/袋','10152',1.000,9.26,'','1001/thumb_1459362466.jpg',2,3,'2016-03-31 00:23:43'),(75,66,204,'湖南特产 臭豆腐','10085_1',1.000,1.84,'麻辣味15g','1001/thumb_1435932173.png',2,2,'2016-04-06 13:15:08'),(77,68,204,'湖南特产 臭豆腐','10085_1',1.000,1.84,'麻辣味15g','1001/thumb_1435932173.png',2,1,'2016-04-27 18:51:57'),(78,69,204,'湖南特产 臭豆腐','10085_1',1.000,1.84,'麻辣味15g','1001/thumb_1435932173.png',2,1,'2016-04-27 20:38:35'),(83,74,197,'口水娃 小鱼仔','10082_2',1.000,17.48,'麻辣鲜味 15g','1001/thumb_1435930404.jpg',2,2,'2016-04-28 04:10:37'),(86,76,212,'飞天茅台 53度 500ml','10116',1.000,1104.00,'','1001/thumb_1459246600.jpg',2,1,'2016-05-04 15:58:30'),(87,77,193,'劲仔小鱼','10081_3',1.000,19.80,'剁椒味 15g','1001/thumb_1435835046.jpg',1,1,'2016-10-04 04:24:38');
/*!40000 ALTER TABLE `y_order_goods` ENABLE KEYS */;
UNLOCK TABLES;

--
-- Table structure for table `y_orders`
--

DROP TABLE IF EXISTS `y_orders`;
/*!40101 SET @saved_cs_client     = @@character_set_client */;
/*!40101 SET character_set_client = utf8 */;
CREATE TABLE `y_orders` (
  `id` mediumint(15) NOT NULL AUTO_INCREMENT,
  `orderSn` varchar(20) NOT NULL,
  `sortsn` varchar(20) DEFAULT NULL COMMENT '短订单号',
  `userId` mediumint(15) NOT NULL,
  `payType` varchar(120) NOT NULL,
  `deliveryMethod` tinyint(2) NOT NULL COMMENT '配送方式ID',
  `payStatus` tinyint(2) NOT NULL COMMENT '支付状态：1为未支付，2为已支付',
  `delStatus` tinyint(2) NOT NULL COMMENT '配送状态：1为未发货，2为已发货，3为已签收，4为拒收',
  `name` varchar(40) NOT NULL,
  `proviceId` varchar(40) NOT NULL,
  `cityId` varchar(40) NOT NULL,
  `countyId` varchar(40) NOT NULL,
  `townId` varchar(40) NOT NULL,
  `mobile` varchar(20) NOT NULL COMMENT '收货人手机',
  `address` varchar(120) NOT NULL COMMENT '街道/乡镇 之后的详细地址',
  `phone` varchar(20) NOT NULL COMMENT '收货人电话',
  `zipcode` varchar(100) NOT NULL COMMENT '收货信息 邮政编码',
  `amount` decimal(9,2) NOT NULL COMMENT '总金额(含运费、优惠和调价后的计算)',
  `goodsAmount` decimal(9,2) NOT NULL COMMENT '商品总额(不含任何费用)',
  `priceMod` decimal(9,2) NOT NULL COMMENT '调价',
  `coupon` decimal(9,2) NOT NULL DEFAULT '0.00' COMMENT '使用优惠券金额',
  `preferential` decimal(9,2) NOT NULL DEFAULT '0.00' COMMENT '用户优惠',
  `freight` decimal(9,2) NOT NULL COMMENT '配送费用',
  `weight` decimal(9,2) NOT NULL COMMENT '订单总重量',
  `sendTime` timestamp NULL DEFAULT NULL COMMENT '发货时间',
  `expressNo` varchar(40) NOT NULL COMMENT '物流快递单号',
  `payTime` timestamp NULL DEFAULT NULL COMMENT '支付时间',
  `createTime` timestamp NOT NULL DEFAULT CURRENT_TIMESTAMP COMMENT '下单时间',
  `completionTime` timestamp NULL DEFAULT NULL COMMENT '订单完成时间',
  `invoice` tinyint(1) NOT NULL DEFAULT '1' COMMENT '是否要发票',
  `usernote` varchar(200) NOT NULL COMMENT '用户备注',
  `note` varchar(200) NOT NULL COMMENT '管理员备注',
  `invoiceTitle` varchar(120) NOT NULL COMMENT '发标抬头',
  `insured` decimal(9,2) NOT NULL DEFAULT '0.00' COMMENT '保价费用 ',
  `point` int(11) NOT NULL COMMENT '获得积分',
  `type` tinyint(1) NOT NULL DEFAULT '1' COMMENT '订单类型：1为普通订单，2为团购，3为限时抢购',
  `tradeSn` varchar(20) NOT NULL COMMENT '第三方支付交易号',
  `acceptTime` timestamp NULL DEFAULT NULL COMMENT '用户收货时间',
  PRIMARY KEY (`id`),
  UNIQUE KEY `id` (`id`),
  KEY `id_2` (`id`)
) ENGINE=InnoDB AUTO_INCREMENT=78 DEFAULT CHARSET=utf8;
/*!40101 SET character_set_client = @saved_cs_client */;

--
-- Dumping data for table `y_orders`
--

LOCK TABLES `y_orders` WRITE;
/*!40000 ALTER TABLE `y_orders` DISABLE KEYS */;
INSERT INTO `y_orders` VALUES (59,'160331051215474',NULL,4,'weixinPay',14,2,1,'kyle','430','430100000000','430105000000','0','18684694187','12','','',11.26,9.26,0.00,0.00,0.00,2.00,1.00,NULL,'','2016-03-30 21:19:13','2016-03-30 21:12:15',NULL,1,'','','',0.00,0,1,'1111',NULL),(60,'160331052342834',NULL,4,'alipayj',14,2,1,'kyle','430','430100000000','430105000000','0','18684694187','12','','',11.26,9.26,0.00,0.00,0.00,2.00,1.00,NULL,'','2016-03-30 21:24:02','2016-03-30 21:23:42',NULL,1,'','','',0.00,0,1,'1111',NULL),(61,'160331072023614',NULL,4,'alipayj',14,2,1,'kyle','430','430100000000','430105000000','0','18684694187','12','','',11.26,9.26,0.00,0.00,0.00,2.00,1.00,NULL,'','2016-03-30 23:20:35','2016-03-30 23:20:23',NULL,1,'','','',0.00,0,1,'1111',NULL),(62,'160331075912254',NULL,4,'alipayj',14,2,1,'kyle','430','430100000000','430105000000','0','18684694187','12','','',29.80,25.80,0.00,0.00,0.00,4.00,2.00,NULL,'','2016-03-30 23:59:22','2016-03-30 23:59:12',NULL,1,'','','',0.00,0,1,'1111',NULL),(63,'160331081042624',NULL,4,'alipayj',14,2,1,'kyle','430','430100000000','430105000000','0','18684694187','12','','',11.26,9.26,0.00,0.00,0.00,2.00,1.00,NULL,'','2016-03-31 00:10:51','2016-03-31 00:10:42',NULL,1,'','','',0.00,0,1,'1111',NULL),(64,'160331082114874',NULL,4,'alipayj',14,2,1,'kyle','430','430100000000','430105000000','0','18684694187','12','','',11.26,9.26,0.00,0.00,0.00,2.00,1.00,NULL,'','2016-03-31 00:21:25','2016-03-31 00:21:14',NULL,1,'','','',0.00,0,1,'1111',NULL),(65,'160331082343854',NULL,4,'alipayj',14,2,1,'kyle','430','430100000000','430105000000','0','18684694187','12','','',11.26,9.26,0.00,0.00,0.00,2.00,1.00,NULL,'','2016-03-31 00:23:54','2016-03-31 00:23:43',NULL,1,'','','',0.00,0,1,'1111',NULL),(66,'160406211508374',NULL,4,'alipayj',17,2,2,'kyle','110','110100000000','110102000000','110102001000','18684694187','xxx村','','',9.84,1.84,0.00,0.00,0.00,8.00,0.02,'2016-04-08 06:01:54','41412413412','2016-04-06 13:15:32','2016-04-06 13:15:08',NULL,1,'','','',0.00,0,1,'1111',NULL),(68,'160428025157934',NULL,4,'transfer',16,2,1,'kyle','430','430100000000','430105000000','','18684694187','四方坪先福安置小区B区','','',1.47,1.84,0.00,0.00,0.00,0.00,0.02,'2016-04-27 20:10:14','','2016-04-27 20:14:33','2016-04-27 18:51:57',NULL,1,'','','',0.00,0,1,'',NULL),(69,'160428043835584',NULL,4,'transfer',17,2,1,'kyle','430','430100000000','430105000000','','18684694187','四方坪先福安置小区B区','','',9.47,1.84,0.00,0.00,0.00,8.00,0.02,NULL,'','2016-04-27 20:39:45','2016-04-27 20:38:35',NULL,1,'','','',0.00,0,1,'',NULL),(74,'160428121037854',NULL,4,'transfer',14,2,3,'kyle','430','430100000000','430105000000','','18684694187','四方坪先福安置小区B区','','',15.98,17.48,0.00,0.00,3.50,2.00,0.02,'2016-04-28 06:02:00','229855869255','2016-04-28 06:01:34','2016-04-28 04:10:37','2016-05-04 17:00:11',1,'快点发货','','',0.00,0,1,'','2016-05-04 17:00:11'),(76,'160504235830634',NULL,4,'transfer',17,2,1,'kyle','430','430100000000','430121000000','','18684694187','板仓路新长海','','',883.20,1104.00,0.00,0.00,220.80,0.00,2.00,'2016-05-04 16:08:38','','2016-05-04 16:08:43','2016-05-04 15:58:30',NULL,1,'','','',0.00,0,1,'',NULL),(77,'161004122438294','881',4,'transfer',17,1,1,'kyle','430','430100000000','430105000000','','18684694187','四方坪先福安置小区B区','','',26.81,19.80,0.00,0.00,0.99,8.00,0.15,NULL,'',NULL,'2016-10-04 04:24:38',NULL,1,'','','',0.00,0,1,'',NULL);
/*!40000 ALTER TABLE `y_orders` ENABLE KEYS */;
UNLOCK TABLES;

--
-- Table structure for table `y_payment`
--

DROP TABLE IF EXISTS `y_payment`;
/*!40101 SET @saved_cs_client     = @@character_set_client */;
/*!40101 SET character_set_client = utf8 */;
CREATE TABLE `y_payment` (
  `id` int(8) NOT NULL AUTO_INCREMENT,
  `sn` varchar(40) NOT NULL,
  `description` varchar(250) NOT NULL,
  `logo` varchar(120) NOT NULL,
  `status` tinyint(1) NOT NULL DEFAULT '1' COMMENT '状态，1为启用，2为禁用',
  `partnerId` varchar(20) NOT NULL COMMENT '商户ID',
  `partnerKey` varchar(20) NOT NULL COMMENT '商户密钥',
  `partnerKeyFile` varchar(255) NOT NULL COMMENT '商户密钥文件',
  `group` varchar(12) NOT NULL COMMENT '分组',
  `runmode` tinyint(2) NOT NULL DEFAULT '1' COMMENT '运行模式 ，1为正式环境，2为测试',
  `config` text NOT NULL COMMENT '支付接口的配置，使用PHP数组的形式。',
  PRIMARY KEY (`id`),
  UNIQUE KEY `id` (`id`)
) ENGINE=InnoDB AUTO_INCREMENT=10 DEFAULT CHARSET=utf8;
/*!40101 SET character_set_client = @saved_cs_client */;

--
-- Dumping data for table `y_payment`
--

LOCK TABLES `y_payment` WRITE;
/*!40000 ALTER TABLE `y_payment` DISABLE KEYS */;
INSERT INTO `y_payment` VALUES (1,'alipayj','支付宝 即时到帐','pay_3.png',1,'','','','alipay',0,'a:2:{s:13:\"alipaypartner\";s:16:\"4234252543242341\";s:20:\"alipayprivatekeytext\";s:900:\"-----BEGIN RSA PRIVATE KEY-----\r\nMIICXQIBAAKBgQDMtmlPf+bjmX4Xa+2TYCUnTt/huq6Ctrg7jMpdjNdeR25mDMjy\r\nOJsEqW33HX94q7jS4Tkd4k1MtBnpYOSNcso1L0DoTOtZrhxrt2TxT9XMCFKnDHmB\r\ntVN46CYoEwXJvX5w1bcJpe1UC98E6GPkE9rdLTv4h9iKkW3MOMFv/gx+8wIDAQAB\r\nAoGBAK3zfu9ABul1/5BVdM6bj1akjleYszt9mnV3wGnYCRYi6quqx4IUGZ3PfxLS\r\nLQRUHzyKh2deakL4c2A9pliPp0QfGfL/xr+fftmgUA4ui0wKSZBWeqhC75mUL8zB\r\nNxj3+g3/ZikIUp0PbfaqIPoBOwaVAEKon4cv3RFiDrnOhVFBAkEA6gFXHfAShDj9\r\nsJihqLZR4H6BJfBiKQ3u+2qMt67QbVXpRtHSEpnogzoYE+s2d7ZHJNTTGn2pGyx7\r\nMMmn5lXxEwJBAN/0OiQxk054BEcChoA/toP7LGCgU0UqoWJNiss8J4V6c7hgqppb\r\nMkPBDbBH/I/N9ju11Xo3aCfVn1lTCVTe1qECQCNKqHTfbCt83OXxXxAuzxJogdnS\r\n8zr12wEYBLj/KHgU6OXBZ0le5O5FqLP4WXKcjwZDAsOQCB0NDFdDUosukvkCQDyL\r\n1KQwWvjd7ZodDqvhjcCEyWyeK6UJb3QaLqnfa3fksSBp0fXFLgOvT7oW3CssraNa\r\n94oBLMGIOXp2vpEZZcECQQCJMhaI9eulQaolNQ6pu0hxLHKUHpKcKraMRn+uHfNB\r\nIgLXS6ktTbdyoyuutU7Sl08oAw+wh8z5Zy6e1YVGrfgi\r\n-----END RSA PRIVATE KEY-----\";}'),(4,'payOnDelivery','货到付款','pay_15.png',2,'','','','payOnDeliver',0,''),(5,'unionpay','银联在线,（快捷支付，无需开通网银，支持全球432家银行）','pay_4.png',2,'777290058115993','','Upload_PM_700000000000001_acp.pfx','unionpay',2,'a:1:{s:11:\"signCertPwd\";s:6:\"000000\";}'),(7,'weixinPay','微信支付。','pay_1.png',1,'','','','weixinPay',0,'a:6:{s:11:\"weixinappid\";s:18:\"wx426b3015555a46be\";s:12:\"weixinsecret\";s:32:\"01c6d59a3f9024db6336662ac95c8e74\";s:9:\"weixinkey\";s:32:\"e10adc3949ba59abbe56e057f20f883e\";s:11:\"weixinmchid\";s:10:\"1225312702\";s:13:\"weixinsslcert\";s:25:\"Upload_apiclient_cert.pem\";s:12:\"weixinsslkey\";s:24:\"Upload_apiclient_key.pem\";}'),(9,'transfer','微信转账','pay_2.png',1,'','','','transfer',0,'a:2:{s:8:\"myweixin\";s:11:\"18684694187\";s:12:\"weixinqrcode\";s:25:\"1001/thumb_1461784182.png\";}');
/*!40000 ALTER TABLE `y_payment` ENABLE KEYS */;
UNLOCK TABLES;

--
-- Table structure for table `y_purchase_order`
--

DROP TABLE IF EXISTS `y_purchase_order`;
/*!40101 SET @saved_cs_client     = @@character_set_client */;
/*!40101 SET character_set_client = utf8 */;
CREATE TABLE `y_purchase_order` (
  `id` int(11) NOT NULL AUTO_INCREMENT,
  `total` decimal(9,2) NOT NULL DEFAULT '0.00' COMMENT '总价',
  `status` tinyint(1) NOT NULL DEFAULT '3' COMMENT '3未采购 ,2已采购未到货 ,1已到货 ',
  `date` timestamp NOT NULL DEFAULT CURRENT_TIMESTAMP COMMENT '采购时间',
  `comments` varchar(240) DEFAULT NULL COMMENT '说明',
  `principal` varchar(100) DEFAULT NULL COMMENT '采购负责人',
  `warehouse_id` int(11) NOT NULL COMMENT '仓库ID',
  `warehouse_name` varchar(120) DEFAULT NULL COMMENT '仓库名称',
  `storage_time` timestamp NULL DEFAULT NULL COMMENT '入库时间',
  UNIQUE KEY `id` (`id`)
) ENGINE=InnoDB AUTO_INCREMENT=6 DEFAULT CHARSET=utf8 COMMENT='采购订单表';
/*!40101 SET character_set_client = @saved_cs_client */;

--
-- Dumping data for table `y_purchase_order`
--

LOCK TABLES `y_purchase_order` WRITE;
/*!40000 ALTER TABLE `y_purchase_order` DISABLE KEYS */;
INSERT INTO `y_purchase_order` VALUES (1,1164.00,1,'2016-10-24 16:00:00','','采购管理员',2,'一号仓库 - 总仓库','2016-10-25 02:24:47'),(2,115.20,1,'2016-10-24 16:00:00','','采购管理员',3,'二号仓库','2016-10-25 02:28:20'),(3,43.20,1,'2016-10-24 16:00:00','','采购管理员',2,'一号仓库 - 总仓库','2016-10-25 03:31:26'),(4,43.20,1,'2016-10-24 16:00:00','','采购管理员',3,'二号仓库','2016-10-25 03:40:35'),(5,43.20,1,'2016-10-24 16:00:00','','采购管理员',3,'二号仓库','2016-10-25 05:27:52');
/*!40000 ALTER TABLE `y_purchase_order` ENABLE KEYS */;
UNLOCK TABLES;

--
-- Table structure for table `y_purchase_order_goods`
--

DROP TABLE IF EXISTS `y_purchase_order_goods`;
/*!40101 SET @saved_cs_client     = @@character_set_client */;
/*!40101 SET character_set_client = utf8 */;
CREATE TABLE `y_purchase_order_goods` (
  `id` int(11) NOT NULL AUTO_INCREMENT,
  `purchase_order_id` int(11) NOT NULL COMMENT '采购订单ID',
  `goods_id` int(11) NOT NULL,
  `goods_sn` varchar(100) NOT NULL,
  `goods_name` varchar(240) NOT NULL,
  `supplier_id` int(11) NOT NULL DEFAULT '0' COMMENT '供应商ID',
  `package` int(11) NOT NULL DEFAULT '0' COMMENT '一箱，一包',
  `pack_spec` int(11) NOT NULL DEFAULT '0' COMMENT '一箱多少个',
  `nums` int(11) NOT NULL DEFAULT '1' COMMENT '总计多少个',
  `delivery_quantity` int(11) NOT NULL DEFAULT '0' COMMENT '出库数量，包括已售和报损数量',
  `purch_price` decimal(9,2) NOT NULL DEFAULT '1.00' COMMENT '进货价',
  `price_total` decimal(9,2) NOT NULL DEFAULT '1.00' COMMENT '总共多少钱',
  `status` tinyint(4) NOT NULL DEFAULT '2',
  PRIMARY KEY (`id`)
) ENGINE=InnoDB AUTO_INCREMENT=26 DEFAULT CHARSET=utf8 COMMENT='采购订单商品表';
/*!40101 SET character_set_client = @saved_cs_client */;

--
-- Dumping data for table `y_purchase_order_goods`
--

LOCK TABLES `y_purchase_order_goods` WRITE;
/*!40000 ALTER TABLE `y_purchase_order_goods` DISABLE KEYS */;
INSERT INTO `y_purchase_order_goods` VALUES (1,1,190,'10079_1','内蒙古特产 科尔沁 休闲食品 风干牛肉原味400g',0,1,12,12,0,12.00,144.00,1),(2,1,191,'10079_2','内蒙古特产 科尔沁 休闲食品 风干牛肉豪情辣味400g',0,1,12,12,0,12.00,144.00,1),(3,1,193,'10081_3','劲仔小鱼剁椒味 15g',0,1,12,12,0,12.00,144.00,1),(4,1,194,'10081_1','劲仔小鱼香辣味 15g*20盒',0,1,12,12,0,12.00,144.00,1),(5,1,195,'10081_2','劲仔小鱼麻辣味15g',0,1,12,12,0,12.00,144.00,1),(6,1,196,'10082_1','口水娃 小鱼仔口水鱼礼包480g',0,1,12,12,0,12.00,144.00,1),(7,1,197,'10082_2','口水娃 小鱼仔麻辣鲜味 15g',0,1,12,12,0,11.00,132.00,1),(8,1,198,'10084_3','绝味 休闲零食招牌麻辣鸭爪 200g',0,1,12,12,0,14.00,168.00,1),(9,2,199,'10084_5','绝味 休闲零食鸭肠 200g',0,1,12,12,0,1.20,14.40,1),(10,2,200,'10084_4','绝味 休闲零食鸭舌 200g',0,1,12,12,0,1.20,14.40,1),(11,2,201,'10084_1','绝味 休闲零食麻辣鸭脖 200g',0,1,12,12,0,1.20,14.40,1),(12,2,202,'10084_2','绝味 休闲零食黑鸭甜辣鸭翅 200g',0,1,12,12,0,1.20,14.40,1),(13,2,203,'10085_2','湖南特产 臭豆腐剁椒味 15g',0,1,12,12,0,1.20,14.40,1),(14,2,204,'10085_1','湖南特产 臭豆腐麻辣味15g',0,1,12,12,0,1.20,14.40,1),(15,2,205,'10085_3','湖南特产 臭豆腐麻辣鲜味 15g',0,1,12,12,0,1.20,14.40,1),(16,2,206,'10087','好巴食 散装豆腐干1500g 9口味混装',0,1,12,12,0,1.20,14.40,1),(17,3,193,'10081_3','劲仔小鱼剁椒味 15g',0,1,12,12,0,1.20,14.40,1),(18,3,194,'10081_1','劲仔小鱼香辣味 15g*20盒',0,1,12,12,0,1.20,14.40,1),(19,3,195,'10081_2','劲仔小鱼麻辣味15g',0,1,12,12,0,1.20,14.40,1),(20,4,193,'10081_3','劲仔小鱼剁椒味 15g',0,1,12,12,0,1.20,14.40,1),(21,4,194,'10081_1','劲仔小鱼香辣味 15g*20盒',0,1,12,12,12,1.20,14.40,1),(22,4,195,'10081_2','劲仔小鱼麻辣味15g',0,1,12,12,12,1.20,14.40,1),(23,5,193,'10081_3','劲仔小鱼剁椒味 15g',0,1,12,12,0,1.20,14.40,1),(24,5,194,'10081_1','劲仔小鱼香辣味 15g*20盒',0,1,12,12,12,1.20,14.40,1),(25,5,195,'10081_2','劲仔小鱼麻辣味15g',0,1,12,12,12,1.20,14.40,1);
/*!40000 ALTER TABLE `y_purchase_order_goods` ENABLE KEYS */;
UNLOCK TABLES;

--
-- Table structure for table `y_rollimages`
--

DROP TABLE IF EXISTS `y_rollimages`;
/*!40101 SET @saved_cs_client     = @@character_set_client */;
/*!40101 SET character_set_client = utf8 */;
CREATE TABLE `y_rollimages` (
  `id` int(11) NOT NULL AUTO_INCREMENT,
  `mark` varchar(200) NOT NULL,
  `title` varchar(200) NOT NULL,
  `status` tinyint(2) NOT NULL DEFAULT '1',
  PRIMARY KEY (`id`),
  UNIQUE KEY `id` (`id`)
) ENGINE=InnoDB AUTO_INCREMENT=5 DEFAULT CHARSET=utf8 COMMENT='滚动图片';
/*!40101 SET character_set_client = @saved_cs_client */;

--
-- Dumping data for table `y_rollimages`
--

LOCK TABLES `y_rollimages` WRITE;
/*!40000 ALTER TABLE `y_rollimages` DISABLE KEYS */;
INSERT INTO `y_rollimages` VALUES (4,'test1','测试数据',1);
/*!40000 ALTER TABLE `y_rollimages` ENABLE KEYS */;
UNLOCK TABLES;

--
-- Table structure for table `y_rollimages_img`
--

DROP TABLE IF EXISTS `y_rollimages_img`;
/*!40101 SET @saved_cs_client     = @@character_set_client */;
/*!40101 SET character_set_client = utf8 */;
CREATE TABLE `y_rollimages_img` (
  `id` int(11) NOT NULL AUTO_INCREMENT,
  `rid` int(11) NOT NULL,
  `link` varchar(244) NOT NULL,
  `img` varchar(244) NOT NULL,
  PRIMARY KEY (`id`)
) ENGINE=InnoDB AUTO_INCREMENT=5 DEFAULT CHARSET=utf8;
/*!40101 SET character_set_client = @saved_cs_client */;

--
-- Dumping data for table `y_rollimages_img`
--

LOCK TABLES `y_rollimages_img` WRITE;
/*!40000 ALTER TABLE `y_rollimages_img` DISABLE KEYS */;
INSERT INTO `y_rollimages_img` VALUES (1,4,'http://www.yixinu.com','1001/thumb_1435932089.png'),(4,4,'http://m.yixinu.com','1001/thumb_1436092547.png');
/*!40000 ALTER TABLE `y_rollimages_img` ENABLE KEYS */;
UNLOCK TABLES;

--
-- Table structure for table `y_sendsmslog`
--

DROP TABLE IF EXISTS `y_sendsmslog`;
/*!40101 SET @saved_cs_client     = @@character_set_client */;
/*!40101 SET character_set_client = utf8 */;
CREATE TABLE `y_sendsmslog` (
  `id` int(11) NOT NULL AUTO_INCREMENT,
  `mobile` varchar(20) NOT NULL COMMENT '手机号码',
  `datetime` timestamp NOT NULL DEFAULT CURRENT_TIMESTAMP COMMENT '发送日期',
  `content` varchar(200) NOT NULL COMMENT '发送内容',
  PRIMARY KEY (`id`),
  UNIQUE KEY `id` (`id`)
) ENGINE=InnoDB AUTO_INCREMENT=27 DEFAULT CHARSET=utf8 COMMENT='短信发送记录';
/*!40101 SET character_set_client = @saved_cs_client */;

--
-- Dumping data for table `y_sendsmslog`
--

LOCK TABLES `y_sendsmslog` WRITE;
/*!40000 ALTER TABLE `y_sendsmslog` DISABLE KEYS */;
INSERT INTO `y_sendsmslog` VALUES (18,'15874967243','2016-03-21 12:29:51','注册验证:628067'),(19,'18684694187','2016-03-21 14:04:33','注册验证:286705'),(20,'18684694187','2016-03-21 14:07:07','注册验证:368274'),(21,'18684694187','2016-03-21 15:44:22','注册验证:367778'),(22,'18684694187','2016-03-21 15:51:24','注册验证:253486'),(23,'18684694187','2016-03-21 18:48:23','注册验证:405401'),(24,'18684694187','2016-03-21 06:16:17','修改密码:195753'),(25,'18684694187','2016-03-22 06:17:43','修改密码:739755'),(26,'18684694187','2016-10-10 02:11:56','注册验证:312952');
/*!40000 ALTER TABLE `y_sendsmslog` ENABLE KEYS */;
UNLOCK TABLES;

--
-- Table structure for table `y_separatefreight`
--

DROP TABLE IF EXISTS `y_separatefreight`;
/*!40101 SET @saved_cs_client     = @@character_set_client */;
/*!40101 SET character_set_client = utf8 */;
CREATE TABLE `y_separatefreight` (
  `id` int(11) NOT NULL AUTO_INCREMENT,
  `deliverId` int(11) NOT NULL,
  `firstWeight` decimal(9,2) NOT NULL COMMENT 'kg',
  `secondWeight` decimal(9,2) NOT NULL COMMENT 'kg',
  `firstPrice` decimal(9,2) NOT NULL,
  `secondPrice` decimal(9,2) NOT NULL,
  `area` text NOT NULL,
  `areaName` varchar(180) NOT NULL,
  PRIMARY KEY (`id`),
  UNIQUE KEY `id` (`id`)
) ENGINE=InnoDB AUTO_INCREMENT=151 DEFAULT CHARSET=utf8;
/*!40101 SET character_set_client = @saved_cs_client */;

--
-- Dumping data for table `y_separatefreight`
--

LOCK TABLES `y_separatefreight` WRITE;
/*!40000 ALTER TABLE `y_separatefreight` DISABLE KEYS */;
INSERT INTO `y_separatefreight` VALUES (139,17,1.00,1.00,8.00,8.00,'',''),(140,18,1.00,1.00,2.00,2.00,'',''),(147,14,1.00,0.50,5.00,5.00,'',''),(148,14,1.00,1.00,50.00,50.00,'110,','北京市,'),(149,14,1.00,1.00,2.00,2.00,'430,430100000000,','湖南省,长沙市,'),(150,16,0.00,0.00,0.00,0.00,'','');
/*!40000 ALTER TABLE `y_separatefreight` ENABLE KEYS */;
UNLOCK TABLES;

--
-- Table structure for table `y_shop_config`
--

DROP TABLE IF EXISTS `y_shop_config`;
/*!40101 SET @saved_cs_client     = @@character_set_client */;
/*!40101 SET character_set_client = utf8 */;
CREATE TABLE `y_shop_config` (
  `id` int(11) NOT NULL AUTO_INCREMENT,
  `name` varchar(255) NOT NULL COMMENT '名称',
  `mark` varchar(255) NOT NULL COMMENT '标签 变量名',
  `type` varchar(20) NOT NULL DEFAULT 'text' COMMENT '值类型，text 或者 select',
  `seval` varchar(40) DEFAULT NULL COMMENT 'type为select 时的值，用逗号隔开',
  `val` text NOT NULL COMMENT '值',
  `comment` varchar(255) NOT NULL COMMENT '说明',
  `g` int(8) NOT NULL DEFAULT '1',
  `sort` int(5) DEFAULT '500' COMMENT '排序',
  PRIMARY KEY (`id`)
) ENGINE=InnoDB AUTO_INCREMENT=35 DEFAULT CHARSET=utf8;
/*!40101 SET character_set_client = @saved_cs_client */;

--
-- Dumping data for table `y_shop_config`
--

LOCK TABLES `y_shop_config` WRITE;
/*!40000 ALTER TABLE `y_shop_config` DISABLE KEYS */;
INSERT INTO `y_shop_config` VALUES (1,'网站名称','webname','text',NULL,'异新优商城内容系统','',1,500),(2,'网站标题','webtitle','text',NULL,'异新优商城内容系统','',1,500),(3,'网站描述','description','textarea',NULL,'电商系统  商城系统  微商城 网站制作 网站开发 专业的商城系统','',1,500),(4,'网站关键字','keywords','textarea',NULL,'电商系统  商城系统  微商城 网站制作 网站开发 专业的商城系统','',1,500),(5,'备案号','beian','text',NULL,'湘ICP备14004402号','',1,500),(6,'版权信息','powerby','text',NULL,'Copyright © 2012-2015  异新优 版权所有  湘ICP备14004402号  Power by yixinu.com','',1,500),(7,'联系电话','telphone','text',NULL,'0731-88888888','',1,500),(8,'联系地址','contact','text',NULL,'湖南省长沙市开福区','',1,500),(9,'邮箱','email','text',NULL,'316686606@qq.com','',1,500),(11,'商品分类级别','catlevel','select','1=级别一,2=级别二,3=级别三','2','填写数字1或2或3，表示等级',1,500),(12,'评论过滤字','commentfilt','textarea',NULL,'习近平,共产党\r\n毛泽东\r\n中共中央','用逗号或回车隔开,代表一个值',100,500),(14,'用户评论默认状态','commentDefaultStatus','select','1=显示,2=待审核,3=关闭','1','用户发表评论后默认的状态。',100,500),(15,'短信发送功能','alidayusmssendstatus','select','1=开启,2=关闭,3=调试模式','1','是否开启短信发送功能',4,500),(16,'阿里大鱼APPKEY','alidayuappkey','text',NULL,'23330065','',4,500),(18,'阿里大鱼AppSecret','alidayuappsecret','text',NULL,'e356e4a7fa144d4109ff89f0fbd31969','',4,500),(19,'阿里大鱼短信模板1','alidayusmstemplate1','text',NULL,'SMS_6345579','用户注册',4,500),(20,'阿里大鱼短信模板2','alidayusmstemplate2','text',NULL,'SMS_6345577','修改密码',4,500),(21,'阿里大鱼短信模板3','alidayusmstemplate3','text',NULL,'SMS_6345583','其它用途',4,500),(22,'阿里大鱼短信签名1','alidayusmssignname1','text',NULL,'注册验证','短信签名1',4,500),(23,'阿里大鱼短信签名2','alidayusmssignname2','text',NULL,'变更验证','短信签名2',4,500),(24,'阿里大鱼短信签名3','alidayusmssignname3','text',NULL,'身份验证','短信签名3',4,500),(25,'微信公众号appid','weixinappid','text',NULL,'wxa99fe17032d02c24','微信公众号appid',4,500),(26,'微信 公众号的appsecret','weixinsecret','text',NULL,'d97a074cb60c6c448bd53eab186dd060','微信公众号的appsecret',4,500),(27,'微信支付分配的商户号','weixinmchid','text',NULL,'','微信支付分配的商户号',4,500),(28,'订单满N减运费','freightdiscount','text',NULL,'99','运费优惠(只计算商品总价，运费不算在内)',1,500),(29,'订单N分钟后自动删除','orderautotime','text',NULL,'120','这里只做显示用，系统并不根据这个时间设置 。',1,500),(30,'PC端支付订单<br />积分倍数','pointsAct','text',NULL,'0.1','用户在电脑端 下单支付时，订单金额将与这个数值相乘，就是用户得到 的积分',5,500),(31,'PC端发表商品好评<br />增加积分数','pointsAct2','text',NULL,'5','用户在PC端发表商品好评时增加的固定积分数',5,500),(32,'登录微商城<br />增加积分数','pointsAct3','text',NULL,'1','登录微商城 增加的固定积分数',5,500),(33,'微商城支付订单<br />积分倍数','pointsAct4','text',NULL,'0.1','用户在微商城下单支付时，订单金额将与这个数值相乘，就是用户得到 的积分',5,500),(34,'微商城发表商品好评<br />增加积分数','pointsAct5','text',NULL,'5','用户在微商城发表商品好评时增加的固定积分数',5,500);
/*!40000 ALTER TABLE `y_shop_config` ENABLE KEYS */;
UNLOCK TABLES;

--
-- Table structure for table `y_sn1`
--

DROP TABLE IF EXISTS `y_sn1`;
/*!40101 SET @saved_cs_client     = @@character_set_client */;
/*!40101 SET character_set_client = utf8 */;
CREATE TABLE `y_sn1` (
  `id` mediumint(15) NOT NULL AUTO_INCREMENT,
  `v` tinyint(2) NOT NULL,
  PRIMARY KEY (`id`)
) ENGINE=InnoDB AUTO_INCREMENT=10002 DEFAULT CHARSET=utf8;
/*!40101 SET character_set_client = @saved_cs_client */;

--
-- Dumping data for table `y_sn1`
--

LOCK TABLES `y_sn1` WRITE;
/*!40000 ALTER TABLE `y_sn1` DISABLE KEYS */;
INSERT INTO `y_sn1` VALUES (10001,1);
/*!40000 ALTER TABLE `y_sn1` ENABLE KEYS */;
UNLOCK TABLES;

--
-- Table structure for table `y_sn2`
--

DROP TABLE IF EXISTS `y_sn2`;
/*!40101 SET @saved_cs_client     = @@character_set_client */;
/*!40101 SET character_set_client = utf8 */;
CREATE TABLE `y_sn2` (
  `id` mediumint(15) NOT NULL AUTO_INCREMENT,
  `v` tinyint(2) NOT NULL,
  PRIMARY KEY (`id`)
) ENGINE=InnoDB AUTO_INCREMENT=10252 DEFAULT CHARSET=utf8;
/*!40101 SET character_set_client = @saved_cs_client */;

--
-- Dumping data for table `y_sn2`
--

LOCK TABLES `y_sn2` WRITE;
/*!40000 ALTER TABLE `y_sn2` DISABLE KEYS */;
INSERT INTO `y_sn2` VALUES (10251,1);
/*!40000 ALTER TABLE `y_sn2` ENABLE KEYS */;
UNLOCK TABLES;

--
-- Table structure for table `y_stores`
--

DROP TABLE IF EXISTS `y_stores`;
/*!40101 SET @saved_cs_client     = @@character_set_client */;
/*!40101 SET character_set_client = utf8 */;
CREATE TABLE `y_stores` (
  `id` int(11) NOT NULL AUTO_INCREMENT,
  `mark` varchar(100) DEFAULT NULL COMMENT '自定义的唯一标记',
  `name` varchar(200) NOT NULL COMMENT '门店名称',
  `contacts` varchar(120) NOT NULL COMMENT '联系人姓名',
  `mobile` varchar(20) NOT NULL COMMENT '联系人手机',
  `telephone` varchar(30) DEFAULT NULL COMMENT '门店联系电话',
  `provice` varchar(20) NOT NULL COMMENT '省',
  `city` varchar(20) NOT NULL COMMENT '市',
  `county` varchar(20) NOT NULL COMMENT '区',
  `address` varchar(200) DEFAULT NULL COMMENT '区以后的详细地址',
  `thumb` varchar(200) DEFAULT NULL COMMENT '门店缩略图',
  `lat` varchar(120) DEFAULT NULL COMMENT '经度',
  `long` varchar(120) DEFAULT NULL COMMENT '纬度',
  `status` tinyint(2) NOT NULL DEFAULT '1' COMMENT '1为正常营业，2为暂停营业',
  `type` tinyint(4) NOT NULL DEFAULT '1' COMMENT '1为门店，2为仓库',
  PRIMARY KEY (`id`)
) ENGINE=InnoDB AUTO_INCREMENT=4 DEFAULT CHARSET=utf8 COMMENT='门店/仓库 表';
/*!40101 SET character_set_client = @saved_cs_client */;

--
-- Dumping data for table `y_stores`
--

LOCK TABLES `y_stores` WRITE;
/*!40000 ALTER TABLE `y_stores` DISABLE KEYS */;
INSERT INTO `y_stores` VALUES (1,'num1','芙蓉路旗舰店','向露 ','18684694187','0731-000000','430','430100000000','430105000000','芙蓉路旗舰店','1001/thumb_1475555253.png','1','2',1,1),(2,'warehouse1','一号仓库 - 总仓库','异新优','18684694187','000-00000000','430','430100000000','430105000000','四方坪',NULL,'','',1,2),(3,'warehouse2','二号仓库','异新优','18684694187','000-00000000','430','430100000000','430111000000','高桥',NULL,'','',1,2);
/*!40000 ALTER TABLE `y_stores` ENABLE KEYS */;
UNLOCK TABLES;

--
-- Table structure for table `y_toudijianli`
--

DROP TABLE IF EXISTS `y_toudijianli`;
/*!40101 SET @saved_cs_client     = @@character_set_client */;
/*!40101 SET character_set_client = utf8 */;
CREATE TABLE `y_toudijianli` (
  `id` int(11) NOT NULL AUTO_INCREMENT,
  `name` varchar(200) NOT NULL COMMENT '名称',
  `age` tinyint(2) NOT NULL DEFAULT '0' COMMENT '年龄',
  `mobile` varchar(20) NOT NULL COMMENT '手机',
  `xueli` varchar(100) NOT NULL COMMENT '学历',
  `address` varchar(200) NOT NULL COMMENT '联系地址',
  `works` text NOT NULL COMMENT '工作经验',
  `pingjia` text NOT NULL COMMENT '自我评介',
  `addtime` timestamp NOT NULL DEFAULT CURRENT_TIMESTAMP,
  `zhiweiid` int(11) NOT NULL COMMENT '职位ID',
  PRIMARY KEY (`id`)
) ENGINE=InnoDB AUTO_INCREMENT=9 DEFAULT CHARSET=utf8 COMMENT='投递的简历';
/*!40101 SET character_set_client = @saved_cs_client */;

--
-- Dumping data for table `y_toudijianli`
--

LOCK TABLES `y_toudijianli` WRITE;
/*!40000 ALTER TABLE `y_toudijianli` DISABLE KEYS */;
INSERT INTO `y_toudijianli` VALUES (8,'向露',26,'18684694181','大专','长沙','fq','fq','2016-03-16 18:50:42',1);
/*!40000 ALTER TABLE `y_toudijianli` ENABLE KEYS */;
UNLOCK TABLES;

--
-- Table structure for table `y_user_rank`
--

DROP TABLE IF EXISTS `y_user_rank`;
/*!40101 SET @saved_cs_client     = @@character_set_client */;
/*!40101 SET character_set_client = utf8 */;
CREATE TABLE `y_user_rank` (
  `id` int(6) NOT NULL,
  `name` varchar(120) NOT NULL COMMENT '名称',
  `alias` varchar(200) NOT NULL COMMENT '别名',
  `points` int(11) NOT NULL COMMENT '达到该级别的积分',
  `discount` int(6) NOT NULL COMMENT '该级别的订单折扣',
  `status` tinyint(1) NOT NULL DEFAULT '1' COMMENT '状态：1为可用，2为禁用',
  PRIMARY KEY (`id`)
) ENGINE=InnoDB DEFAULT CHARSET=utf8;
/*!40101 SET character_set_client = @saved_cs_client */;

--
-- Dumping data for table `y_user_rank`
--

LOCK TABLES `y_user_rank` WRITE;
/*!40000 ALTER TABLE `y_user_rank` DISABLE KEYS */;
INSERT INTO `y_user_rank` VALUES (1,'等级一','平民百姓',10,100,1),(2,'等级二','有钱人',5000,98,1),(3,'等级三','大款',9999,95,1),(4,'等级四','壕',15999,91,1),(5,'等级五','超级壕',29998,86,1);
/*!40000 ALTER TABLE `y_user_rank` ENABLE KEYS */;
UNLOCK TABLES;

--
-- Table structure for table `y_users`
--

DROP TABLE IF EXISTS `y_users`;
/*!40101 SET @saved_cs_client     = @@character_set_client */;
/*!40101 SET character_set_client = utf8 */;
CREATE TABLE `y_users` (
  `id` mediumint(15) NOT NULL AUTO_INCREMENT,
  `username` varchar(120) NOT NULL COMMENT '用户名',
  `password` varchar(80) NOT NULL COMMENT '密码',
  `wxopenid` varchar(200) DEFAULT NULL COMMENT '微信OPENID',
  `avatar` varchar(250) DEFAULT NULL COMMENT '头像',
  `question` varchar(120) DEFAULT NULL COMMENT '找回密码问题',
  `answer` varchar(120) DEFAULT NULL COMMENT '找回密码答案',
  `sex` tinyint(1) NOT NULL DEFAULT '1' COMMENT '性别',
  `birthday` date DEFAULT NULL COMMENT '生日',
  `money` decimal(9,2) DEFAULT '0.00' COMMENT '资金余额',
  `frozenMoney` decimal(9,2) DEFAULT '0.00' COMMENT '冻结资金',
  `regTime` timestamp NOT NULL DEFAULT CURRENT_TIMESTAMP COMMENT '注册时间',
  `lastLogin` timestamp NULL DEFAULT '0000-00-00 00:00:00' COMMENT '最后一次登录时间',
  `curLogin` timestamp NULL DEFAULT '0000-00-00 00:00:00' COMMENT '当前登录时间',
  `nickname` varchar(120) DEFAULT NULL COMMENT '昵称',
  `mobile` varchar(20) NOT NULL COMMENT '手机号码',
  `status` tinyint(1) NOT NULL DEFAULT '1' COMMENT '状态',
  `payPoints` int(11) DEFAULT '0' COMMENT '积分总数',
  `usepayPoints` int(11) NOT NULL DEFAULT '0' COMMENT '已兑换积分',
  `pointslog` varchar(255) DEFAULT NULL COMMENT '最近一次积分增加记录',
  `userRank` int(11) DEFAULT '0' COMMENT '用户等级',
  `email` varchar(180) DEFAULT NULL,
  PRIMARY KEY (`id`),
  UNIQUE KEY `id` (`id`),
  UNIQUE KEY `mobile` (`mobile`),
  UNIQUE KEY `username` (`username`)
) ENGINE=InnoDB AUTO_INCREMENT=12 DEFAULT CHARSET=utf8;
/*!40101 SET character_set_client = @saved_cs_client */;

--
-- Dumping data for table `y_users`
--

LOCK TABLES `y_users` WRITE;
/*!40000 ALTER TABLE `y_users` DISABLE KEYS */;
INSERT INTO `y_users` VALUES (4,'test','098f6bcd4621d373cade4e832627b4f6',NULL,'avatar_4.jpg','aaa','bbb',1,'1989-05-01',0.00,0.00,'2015-03-20 01:22:31','2016-07-29 03:03:32','2016-10-04 04:21:32','随便改改','18600000000',1,15235,0,'登录微商城，增加积分:1',3,''),(8,'user1','6f50ed8124f2346ff5c7aa517a79693c',NULL,'avatar_8.jpg','','',1,NULL,0.00,0.00,'2015-06-15 22:35:43','0000-00-00 00:00:00','0000-00-00 00:00:00','用微笑掩盖了落寞','18600000001',1,5011,0,NULL,2,''),(10,'a001','6f50ed8124f2346ff5c7aa517a79693c',NULL,'avatar_10.png',NULL,NULL,1,NULL,0.00,0.00,'2015-06-17 20:24:47','2015-06-27 03:45:53','2015-07-10 13:42:24','把一切送沵丶 黄昏余涐#','18600000002',1,10,0,NULL,1,NULL),(11,'a002','6f50ed8124f2346ff5c7aa517a79693c',NULL,NULL,'','',1,NULL,0.00,0.00,'2015-06-17 20:25:30','2015-06-27 03:47:38','2015-07-08 16:00:32','딸ㄱl맛 샴푸♥（草莓味洗发水）','12345678910',1,10,0,NULL,1,'');
/*!40000 ALTER TABLE `y_users` ENABLE KEYS */;
UNLOCK TABLES;

--
-- Table structure for table `y_users_address`
--

DROP TABLE IF EXISTS `y_users_address`;
/*!40101 SET @saved_cs_client     = @@character_set_client */;
/*!40101 SET character_set_client = utf8 */;
CREATE TABLE `y_users_address` (
  `id` mediumint(15) NOT NULL AUTO_INCREMENT,
  `userid` mediumint(15) NOT NULL,
  `proviceSn` varchar(40) NOT NULL COMMENT '省',
  `citySn` varchar(40) NOT NULL COMMENT '市',
  `countySn` varchar(40) NOT NULL COMMENT '区/县',
  `townSn` varchar(40) NOT NULL COMMENT '乡',
  `street` varchar(255) NOT NULL COMMENT '街道',
  `recipients` varchar(255) NOT NULL COMMENT '收货人',
  `mobile` varchar(20) NOT NULL COMMENT '手机号码',
  `phone` varchar(20) NOT NULL COMMENT '电话',
  `zipcode` varchar(20) NOT NULL COMMENT '邮政编码',
  `status` tinyint(2) NOT NULL DEFAULT '1' COMMENT '状态，1为可用',
  `isdefault` tinyint(2) DEFAULT '0' COMMENT '默认地址，1为是',
  PRIMARY KEY (`id`),
  UNIQUE KEY `id` (`id`)
) ENGINE=InnoDB AUTO_INCREMENT=18 DEFAULT CHARSET=utf8 COMMENT='用户收货地址';
/*!40101 SET character_set_client = @saved_cs_client */;

--
-- Dumping data for table `y_users_address`
--

LOCK TABLES `y_users_address` WRITE;
/*!40000 ALTER TABLE `y_users_address` DISABLE KEYS */;
INSERT INTO `y_users_address` VALUES (10,10,'410','410400000000','410403000000','410403003000','xxx村','kyle','18600000000','','',1,0),(11,12,'430','430100000000','430105000000','430105001000','新时代广场北栋2117','潘潘','15874967243','','',1,0),(13,4,'430','430100000000','430105000000','','四方坪先福安置小区B区','kyle','18684694187','','',1,0),(15,19,'430','430100000000','430112000000','430112005000','xxx','kyle','18684694187','','',1,0),(17,4,'430','430100000000','430121000000','','板仓路新长海','kyle','18684694187','','',1,0);
/*!40000 ALTER TABLE `y_users_address` ENABLE KEYS */;
UNLOCK TABLES;

--
-- Table structure for table `y_users_shoppingcart`
--

DROP TABLE IF EXISTS `y_users_shoppingcart`;
/*!40101 SET @saved_cs_client     = @@character_set_client */;
/*!40101 SET character_set_client = utf8 */;
CREATE TABLE `y_users_shoppingcart` (
  `id` mediumint(15) NOT NULL AUTO_INCREMENT,
  `userid` mediumint(15) NOT NULL,
  `goodsid` mediumint(15) NOT NULL COMMENT '这个是商品附加表的ID，不是goods表的id',
  `goodsname` varchar(255) NOT NULL,
  `goodssn` varchar(120) NOT NULL,
  `goodsnum` int(11) NOT NULL,
  `goodsprice` decimal(9,2) NOT NULL,
  `goodsattributeStr` varchar(255) NOT NULL,
  `goodsthumb` varchar(255) NOT NULL,
  PRIMARY KEY (`id`),
  UNIQUE KEY `id` (`id`)
) ENGINE=InnoDB AUTO_INCREMENT=138 DEFAULT CHARSET=utf8 COMMENT='用户购物车的商品';
/*!40101 SET character_set_client = @saved_cs_client */;

--
-- Dumping data for table `y_users_shoppingcart`
--

LOCK TABLES `y_users_shoppingcart` WRITE;
/*!40000 ALTER TABLE `y_users_shoppingcart` DISABLE KEYS */;
INSERT INTO `y_users_shoppingcart` VALUES (122,4,220,'思朗 纤麸酥性消化饼干（高纤）456g/袋','10152',1,9.26,'','1001/thumb_1459362466.jpg'),(130,4,219,'','',1,0.00,'',''),(133,4,195,'','',1,0.00,'',''),(136,4,225,'','',1,0.00,'',''),(137,4,224,'','',1,0.00,'','');
/*!40000 ALTER TABLE `y_users_shoppingcart` ENABLE KEYS */;
UNLOCK TABLES;

--
-- Table structure for table `y_weixinqrcode`
--

DROP TABLE IF EXISTS `y_weixinqrcode`;
/*!40101 SET @saved_cs_client     = @@character_set_client */;
/*!40101 SET character_set_client = utf8 */;
CREATE TABLE `y_weixinqrcode` (
  `id` int(11) NOT NULL AUTO_INCREMENT,
  `type` tinyint(2) NOT NULL DEFAULT '1' COMMENT '类型:1为永久，2为临时',
  `times` timestamp NOT NULL DEFAULT CURRENT_TIMESTAMP COMMENT '有效时间',
  `shorturl` varchar(244) NOT NULL COMMENT '短链接',
  `text` varchar(244) NOT NULL COMMENT '二维码的字符串',
  `comment` varchar(244) NOT NULL COMMENT '说明',
  `param` varchar(60) NOT NULL COMMENT '二维码带的参数',
  PRIMARY KEY (`id`)
) ENGINE=InnoDB AUTO_INCREMENT=5 DEFAULT CHARSET=utf8 COMMENT='生成的微信码';
/*!40101 SET character_set_client = @saved_cs_client */;

--
-- Dumping data for table `y_weixinqrcode`
--

LOCK TABLES `y_weixinqrcode` WRITE;
/*!40000 ALTER TABLE `y_weixinqrcode` DISABLE KEYS */;
INSERT INTO `y_weixinqrcode` VALUES (4,1,'2016-07-30 17:11:06','http://w.url.cn/s/AiIdqdb','','一号永久二维码','1');
/*!40000 ALTER TABLE `y_weixinqrcode` ENABLE KEYS */;
UNLOCK TABLES;
/*!40103 SET TIME_ZONE=@OLD_TIME_ZONE */;

/*!40101 SET SQL_MODE=@OLD_SQL_MODE */;
/*!40014 SET FOREIGN_KEY_CHECKS=@OLD_FOREIGN_KEY_CHECKS */;
/*!40014 SET UNIQUE_CHECKS=@OLD_UNIQUE_CHECKS */;
/*!40101 SET CHARACTER_SET_CLIENT=@OLD_CHARACTER_SET_CLIENT */;
/*!40101 SET CHARACTER_SET_RESULTS=@OLD_CHARACTER_SET_RESULTS */;
/*!40101 SET COLLATION_CONNECTION=@OLD_COLLATION_CONNECTION */;
/*!40111 SET SQL_NOTES=@OLD_SQL_NOTES */;

-- Dump completed on 2016-10-25 22:03:18
